id;gerencia;ne;porta;uf;municipio;DDD;circuito;alarme;data_alarme;sir;ip
4851097960;tellabs rjo;etex_31 et10s_pvofq-16;[00-0-22-001] eth;ro;;;;loss of signal;2026-07-29 09:44:30;;
4851094726;tellabs rjo;t6325_14 25_rbo0ue-01;[00-0-03-002] ms;ac;rio branco;68;rbo 0mllinrbo 0uelinb1s   001;degraded signal;2026-07-29 09:33:03;;
4851094727;tellabs rjo;t6325_14 25_rbo0ue-01;[00-0-03-002] rs;ac;rio branco;68;rbo 0mllinrbo 0uelinb1s   001;degraded signal;2026-07-29 09:33:03;;
4851068774;tellabs rjo;t6325_14 25_pvo1dm-01;[00-0-03-001] sdh clock source;ro;porto velho;69;;loss of reference source;2026-07-29 08:06:48;;
4851068773;tellabs rjo;t6325_14 25_pvo1dm-01;[00-0-03-001] stm-n o;ro;porto velho;69;pvo uuelinpvo 1dmlinb4s   001;loss of signal;2026-07-29 08:06:47;ral 454862/2026 c.f.(rt/pvo /co /net/fo);
4850759078;tellabs rjo;t6325_14 25_rbo0p9-01;[00-0-01] fan;ac;rio branco;68;;fan degraded;2026-07-28 14:43:45;;
4850749913;tellabs rjo;t6325_14 35_pvoee-01;[00-0-13-001] sdh clock source;ro;porto velho;69;;loss of reference source;2026-07-28 14:26:07;;
4850749912;tellabs rjo;t6325_14 35_pvoee-01;[00-0-13-001] stm-n o;ro;porto velho;69;gum enlinepvo eelineb1s   001;loss of signal;2026-07-28 14:26:07;ral fechada 453236/2026 c.f.(om/pvo /fq /bkb/cd) (2026-07-28 19:14) c.f.(om/pvo /fq /bkb/cd);
4850494307;tellabs rjo;t6325_14 25_aiucdp-01;[00-0-01] fan;pa;ananindeua;91;;fan failure;2026-07-27 23:54:04;;
4850346571;tellabs rjo;t6325_14 25_pvofq-02;[00-0-03-002] ms;ro;porto velho;69;pvo fqlinepvo 0o8linb1s   001;ecc link down;2026-07-27 15:28:12;;
4850205307;tellabs rjo;t6325_14 25_pvo10x-01;[00-0-01] fan;ro;porto velho;69;;fan failure;2026-07-27 08:55:06;;
4849459330;tellabs rjo;t6325_14 25_rborb-02;[00-0-05-002] vcg member;ac;rio branco;68;;ctrl crc error;2026-07-25 17:55:45;;
4849459329;tellabs rjo;t6325_14 25_rborb-02;[00-0-05-005] vcg member;ac;rio branco;68;;ctrl crc error;2026-07-25 17:55:44;;
4849047316;tellabs rjo;t6325_14 35_pvovba-01;[00-0-13-005] rs;ro;porto velho;69;pvo fqlinepvo vbalinb16s  002;ecc link down;2026-07-24 19:18:12;;
4848631660;tellabs rjo;t6325_14 25_pbwv3h-01;[00-0-03-002] sdh clock source;ro;pimenta bueno;69;;synchronisation source frequency out of range;2026-07-23 22:29:17;;
4848124737;tellabs rjo;t6325_14 35_pvofq-09;[00-0-24] etex10s;ro;porto velho;69;;etex critical;2026-07-22 19:57:06;;
4847939240;tellabs rjo;t6325_14 35_pvofq-02;[0-0-13-4] ms;ro;porto velho;69;pvo_fqlinepvo_0qhlinb4s___001;serverfailure;2026-07-22 11:30:30;;
4847939234;tellabs rjo;t6325_14 25_pvo0qh-01;selector b;ro;porto velho;69;;out of locked mode;2026-07-22 11:30:12;;
4847939232;tellabs rjo;t6325_14 25_pvo0qh-01;[00-0-03-002] stm-n o;ro;porto velho;69;pvo_fqlinepvo_0qhlinb4s___001;loss of signal;2026-07-22 11:30:11;;
4847939233;tellabs rjo;t6325_14 25_pvo0qh-01;[00-0-03-002] sdh clock source;ro;porto velho;69;;loss of reference source;2026-07-22 11:30:11;;
4847804892;tellabs rjo;t6325_14 25_mnsuwp-01;[00-0-01] fan;am;manaus;92;;fan failure;2026-07-22 04:20:17;;
4847802585;tellabs rjo;t6325_14 35_blmqb-01;[00-0-23-004] eth;pa;belem;91;;loss of signal;2026-07-22 04:10:44;;
4847308419;tellabs rjo;t6325_14 25_pvocy-01;[00-0-05-000] vc-4;ro;porto velho;69;;degraded signal;2026-07-20 23:11:35;;
4847424087;tellabs rjo;t6325_14 25_gumqn-02;[00-0-05] etex10s;ro;guajara-mirim;69;;etex critical;2026-07-20 15:48:00;;
4846898132;tellabs rjo;t6325_14 25_rbouqa-01;[00-0-01] fan;ac;rio branco;68;;fan failure;2026-07-20 01:28:30;;
4846802861;tellabs rjo;t6325_14 35_hutsu-01;[00-0-24] slot;am;humaita;92;;unit missing;2026-07-19 14:49:22;;
4846734240;tellabs rjo;t6325_14 25_pvofn-01;[00-0-02-001] vcg;ro;porto velho;69;;total loss of capacity rx;2026-07-19 14:49:11;;
4846731823;tellabs rjo;etex_31 et10s_hutsu-01;[00-0-24] system;am;;;;application subsystem failure;2026-07-19 14:49:04;;
4846543312;tellabs rjo;t6325_14 25_mnsem-02;[00-0-02-005] rs;am;manaus;92;mns emanelmns mcanelb16s  601;ecc link down;2026-07-19 04:25:33;;
4846543313;tellabs rjo;t6325_14 25_mnsem-02;[00-0-03-005] rs;am;manaus;92;mns emanelmns mcanelb16s  601;ecc link down;2026-07-19 04:25:33;;
4846543311;tellabs rjo;t6325_14 25_mnsem-02;[00-0-02-005] ms;am;manaus;92;mns emanelmns mcanelb16s  601;ecc link down;2026-07-19 04:25:32;;
4846275835;tellabs rjo;t6325_14 25_rbousi-01;[00-0-01] fan;ac;rio branco;68;;fan failure;2026-07-18 14:36:10;;
4845582970;tellabs rjo;t6325_14 25_blmqb-07;[0-0-3-2] ms;pa;belem;91;blm qblineblm 1swlinb1s   001;serverfailure;2026-07-17 10:40:07;ral 429213/2026 c.f.(om/blm /qb /red/);
4845582969;tellabs rjo;t6325_14 25_blmqb-07;[0-0-3-2] rs;pa;belem;91;blm qblineblm 1swlinb1s   001;serverfailure;2026-07-17 10:40:06;ral 429213/2026 c.f.(om/blm /qb /red/);
4845582889;tellabs rjo;t6325_14 35_blmqb-02;[00-0-23-002] vcg;pa;belem;91;;total loss of capacity rx;2026-07-17 10:40:00;;
4845582888;tellabs rjo;t6325_14 25_blmqb-07;[00-0-05-004] vcg;pa;belem;91;;total loss of capacity rx;2026-07-17 10:39:58;;
4845582887;tellabs rjo;t6325_14 25_blmqb-07;[00-0-03-002] stm-n o;pa;belem;91;blm qblineblm 1swlinb1s   001;loss of signal;2026-07-17 10:39:58;ral 429213/2026 c.f.(om/blm /qb /red/);
4844426066;tellabs rjo;t6325_14 25_rbodz9-01;[0-0-2-1] eth;ac;rio branco;68;rbo dz9   rbo rb it 50m   001;serverfailure;2026-07-15 03:26:26;;
4843649853;tellabs rjo;t6325_14 35_pvoaa-01;[00-0-01] fan;ro;porto velho;69;;fan failure;2026-07-13 15:38:41;;
4843158353;tellabs rjo;t6325_14 25_blmzo9-01;[00-0-01] fan;pa;belem;91;;fan failure;2026-07-12 17:09:53;;
4842123637;tellabs rjo;t6325_14 25_pvozs1-01;[00-0-03-002] sdh clock source;ro;porto velho;69;;synchronisation source frequency out of range;2026-07-10 17:13:38;;
4840833470;tellabs rjo;t6325_14 25_pvofq-01;[00-0-02-003] vc-4 mon (in) 1;ro;porto velho;69;;ssf;2026-07-08 18:07:50;;
4840833471;tellabs rjo;t6325_14 25_pvofq-01;[00-0-02-005] vc-4 mon (in) 6;ro;porto velho;69;;ssf;2026-07-08 18:07:50;;
4840390667;tellabs rjo;t6325_14 25_blm1sw-01;[00-0-01] fan;pa;belem;91;;fan failure;2026-07-08 04:21:48;;
4840258707;tellabs rjo;t6325_14 25_rbo0l2-01;[0-0-3-1] stm-n o;ac;rio branco;68;25_rbo0l2-01-25_rbo0ni-01;layerresourcefailed;2026-07-07 21:50:29;;
4840258708;tellabs rjo;t6325_14 25_rbo0l2-01;[0-0-3-1] rs;ac;rio branco;68;25_rbo0l2-01-25_rbo0ni-01;serverfailure;2026-07-07 21:50:29;;
4840258709;tellabs rjo;t6325_14 25_rbo0l2-01;[0-0-3-1] ms;ac;rio branco;68;25_rbo0l2-01-25_rbo0ni-01;serverfailure;2026-07-07 21:50:29;;
4840258717;tellabs rjo;t6325_14 25_rbo0l2-01;selector b;ac;rio branco;68;;out of locked mode;2026-07-07 21:50:23;;
4840258714;tellabs rjo;t6325_14 25_rbo0l2-01;[00-0-03-001] stm-n o;ac;rio branco;68;25_rbo0l2-01-25_rbo0ni-01;loss of signal;2026-07-07 21:50:23;;
4840258716;tellabs rjo;t6325_14 25_rbo0l2-01;[00-0-03-001] sdh clock source;ac;rio branco;68;;loss of reference source;2026-07-07 21:50:23;;
4840258713;tellabs rjo;t6325_14 25_rbo0ni-01;[00-0-03-002] stm-n o;ac;rio branco;68;25_rbo0l2-01-25_rbo0ni-01;loss of signal;2026-07-07 21:50:22;;
4840258715;tellabs rjo;t6325_14 25_rbo0ni-01;[00-0-03-002] sdh clock source;ac;rio branco;68;;loss of reference source;2026-07-07 21:50:22;;
4839980662;tellabs rjo;t6325_14 25_rborb-34;[00-0-03-001] stm-n o;ac;rio branco;68;;loss of signal;2026-07-07 12:05:45;;
4839980663;tellabs rjo;t6325_14 25_rborb-39;selector b;ac;rio branco;68;;out of locked mode;2026-07-07 12:05:43;;
4839980660;tellabs rjo;t6325_14 25_rborb-39;[00-0-02-001] stm-n o;ac;rio branco;68;;loss of signal;2026-07-07 12:05:43;;
4839980661;tellabs rjo;t6325_14 25_rborb-39;[00-0-02-001] sdh clock source;ac;rio branco;68;;loss of reference source;2026-07-07 12:05:43;;
4839309869;tellabs rjo;t6325_14 25_pvoux1-01;[00-0-03-002] ms;ro;porto velho;69;pvo urvlinpvo ux1linb1s   001;ecc link down;2026-07-05 22:27:56;ral fechada 403949/2026  c.f.(rt/pvo /co /net/fo) (2026-07-06 02:13) c.f.(rt/pvo /co /net/fo);
4839259118;tellabs rjo;t6340_40 40_rboai-01m;[00-0-11] slot;ac;rio branco;68;;unit initialising;2026-07-05 18:18:40;;
4839258746;tellabs rjo;t6340_40 40_slsrdf-01m;[15-7-11-1] ms;ma;sao luis;98;sls rdflinsls uslinevc4s  601;serverfailure;2026-07-05 18:17:15;;
4838920573;tellabs rjo;t6325_14 25_pvofn-02;[00-0-01] fan;ro;porto velho;69;;fan degraded;2026-07-04 18:27:47;;
4838851418;tellabs rjo;t6325_14 25_pvo0sj-01;[00-0-02-001] vcg;ro;porto velho;69;;payload type mismatch;2026-07-04 13:43:13;;
4838280724;tellabs rjo;t6325_14 25_pvouhh-01;[00-0-03-001] ms;ro;porto velho;69;pvo uhhlinpvo uilineb1s   001;ecc link down;2026-07-03 14:52:15;;
4838206187;tellabs rjo;t6325_14 25_rborb-18;[00-0-03-001] rs;ac;rio branco;68;rbo rblinerbo rblineb4s   014;ecc link down;2026-07-03 12:46:40;;
4838206020;tellabs rjo;t6325_14 25_rborb-18;[00-0-02-002] rs;ac;rio branco;68;rbo rblinerbo rblineb4s   023;ecc link down;2026-07-03 12:46:25;;
4838028305;tellabs rjo;t6325_14 25_pvobq-01;[00-0-05] etex10s;ro;porto velho;69;;etex critical;2026-07-02 17:58:20;;
4837644286;tellabs rjo;t6325_14 25_pvotv-01;[00-0-02-005] vc-4 mon (in) 9;ro;porto velho;69;;ssf;2026-07-02 12:08:19;;
4837644287;tellabs rjo;t6325_14 25_pvotv-01;[00-0-02-005] vc-4 mon (out) 9;ro;porto velho;69;;ssf;2026-07-02 12:08:19;;
4837208261;tellabs rjo;t6325_14 25_pvo0il-01;[00-0-05-022] vcg member;ro;porto velho;69;;ctrl crc error;2026-07-01 13:13:56;;
4836799081;tellabs rjo;t6325_14 25_slsus-05;[00-0-01] fan;ma;sao luis;98;;fan failure;2026-06-30 14:41:09;;
4836792069;tellabs rjo;t6325_14 25_rbo0th-01;[00-0-02-001] vcg;ac;rio branco;68;;payload type mismatch;2026-06-30 14:28:02;;
4836756187;tellabs rjo;t6325_14 25_mnsem-02;[00-0-05] etex10s;am;manaus;92;;etex critical;2026-06-30 13:01:13;;
4836549099;tellabs rjo;t6325_14 25_pvozs1-01;[00-0-02-002] sdh clock source;ro;porto velho;69;;synchronisation source frequency out of range;2026-06-30 00:37:15;;
4851101655;nsprjoam;pss64c-pqiafc-01;130scx10-9-16-l1-1 odu4 rcv / network:10.22.105.146:shelf-9:slot-16:card:port-l1;ma;pequia - acailandia;;;plm;2026-07-29 09:57:52;;
4851101527;nsprjoam;pss32-jippv-01;130snx10-6-7:68117317 / optics:1785329851:130snx10-6-7:68117317;ro;ji-parana;69;;discovermod;2026-07-29 09:57:43;;
4851101528;nsprjoam;pss32-aqstn-01;130snx10-6-7:68117309 / optics:1785329851:130snx10-6-7:68117309;ro;ariquemes;69;;discovermod;2026-07-29 09:57:43;;
4851101172;nsprjoam;pss32-junn90-01;130scx10-2-16-c5-1 odu2 trmt / network:10.22.105.199:shelf-2:slot-16:card:port-c5;pa;jacunda;91;;ociegr;2026-07-29 09:56:21;;
4851100973;nsprjoam;pss32-rihh01-01;iroadm-1-2-linein ots rcv / network:10.22.8.63:shelf-1:slot-2:card:port-linein;ma;riachao;98;bla cr    rih h01   ots   001;hispanloss;2026-07-29 09:55:08;ral 376587/2026 (2026-07-21 03:39) c.f.(rc/sls /ce /net/sg);
4851099337;nsprjoam;pss64c-cxuabr-01#ocs;otuodu4tct-1-1-13-1-6-bm odu4tcm nend rcv / network:10.22.104.33:shelf-1:slot-13:card:port-1;ma;caxuxa - alto alegre do maranhao;;;ssf-t;2026-07-29 09:49:14;;
4851097850;nsprjoam;pss32-tuuiso-01;d5x500-2-14-c1 100gbe rcv / network:10.22.105.194:shelf-2:slot-14:card:port-c1;pa;tucurui;91;;lanlfi;2026-07-29 09:44:06;;
4851097848;nsprjoam;pss32-mnsem-02;d5x500-8-16-c1 100gbe rcv / network:10.26.21.210:shelf-8:slot-16:card:port-c1;am;manaus;92;;lanlfi;2026-07-29 09:44:04;;
4851096702;nsprjoam;pss64-pvofq-01#ocs;otuodu2tct-1-1-1-1-6-bm odu2tcm nend rcv / network:10.26.31.92:shelf-1:slot-1:card:port-1;ro;porto velho;69;;uat-tcm;2026-07-29 09:39:54;;
4851098523;nmmaa4;60rborb_01;r01sr1sl29/gfpconf#4;ac;rio branco;68;;client signal fail;2026-07-29 09:36:56;;
4851098324;nmmaa4;62pvofq_02;r01sr1sl17/port#52-#01-p12mon_vc12;ro;porto velho;69;cba al    pvo al    dpdv  0049;ais;2026-07-29 09:36:12;;
4851098325;nmmaa4;62pvofq_02;r01sr1sl17/port#02-#01-p12mon_vc12;ro;porto velho;69;cba mc    vha cc    2m    001;ais;2026-07-29 09:36:12;;
4851098333;nmmaa4;62pvofq_02;r01sr1sl17/port#50-#01-p12mon_vc12;ro;porto velho;69;cba al    pvo al    dpdv  0035;ais;2026-07-29 09:36:12;;
4851098339;nmmaa4;62pvofq_02;r01sr1sl17/port#48-#01-p12mon_vc12;ro;porto velho;69;cba al    pvo al    dpdv  0033;ais;2026-07-29 09:36:12;;
4851098290;nmmaa4;62pvofq_02;r01sr1sl17/port#25-#01-vc12;ro;porto velho;69;;unequipped;2026-07-29 09:36:11;;
4851098294;nmmaa4;62pvofq_02;r01sr1sl17/port#26-#01-vc12;ro;porto velho;69;;unequipped;2026-07-29 09:36:11;;
4851098296;nmmaa4;62pvofq_02;r01sr1sl17/port#29-#01-vc12;ro;porto velho;69;;unequipped;2026-07-29 09:36:11;;
4851098299;nmmaa4;62pvofq_02;r01sr1sl17/port#27-#01-vc12;ro;porto velho;69;;unequipped;2026-07-29 09:36:11;;
4851098302;nmmaa4;62pvofq_02;r01sr1sl17/port#21-#01-vc12;ro;porto velho;69;;unequipped;2026-07-29 09:36:11;;
4851098319;nmmaa4;62pvofq_02;r01sr1sl17/port#01-#01-p12mon_vc12;ro;porto velho;69;pvo ay    cba al    dpdv  0006;ais;2026-07-29 09:36:11;;
4851098320;nmmaa4;62pvofq_02;r01sr1sl17/port#07-#01-p12mon_vc12;ro;porto velho;69;cba mc it pvo 0ry   1m    001 - 3551 - 2025;ais;2026-07-29 09:36:11;;
4851098327;nmmaa4;62pvofq_02;r01sr1sl17/port#44-#01-p12mon_vc12;ro;porto velho;69;cba mc    pvo fq    2m    001;ais;2026-07-29 09:36:11;;
4851098332;nmmaa4;62pvofq_02;r01sr1sl17/port#47-#01-p12mon_vc12;ro;porto velho;69;cba mc    jip pv    2mger 001;ais;2026-07-29 09:36:11;;
4851098336;nmmaa4;62pvofq_02;r01sr1sl17/port#62-#01-p12mon_vc12;ro;porto velho;69;cba al    pvo al    dpdv  0071;ais;2026-07-29 09:36:11;;
4851098337;nmmaa4;62pvofq_02;r01sr1sl17/port#45-#01-p12mon_vc12;ro;porto velho;69;cba al    pvo ay    dpdv  0005;ais;2026-07-29 09:36:11;;
4851098288;nmmaa4;62pvofq_03;r01sr1sl04/port#08-#01-p12mon_vc12;ro;porto velho;69;bsa 0aw   pvo ay    dpdv  0007;ais;2026-07-29 09:36:03;;
4851098272;nmmaa4;60pvofq_02;r01sr1sl34/port#001-#22-au4p-tcmi;ro;porto velho;69;pvo fqlinespo mblinevc4s  001;unequipped;2026-07-29 09:36:00;;
4851098285;nmmaa4;62rborb_01;r01sr1sl17/port#30-#01-p12mon_vc12;ac;rio branco;68;czu       rbo       00180y501;ais;2026-07-29 09:35:59;;
4851098274;nmmaa4;60pvofq_02;r01sr1sl23/port#011-#3-2-3-tu12-tmi;ro;porto velho;69;;unequipped;2026-07-29 09:35:59;;
4851098275;nmmaa4;60rborb_01;r01sr1sl30/port#001-#1-vc12virtual;ac;rio branco;68;;degraded signal;2026-07-29 09:35:59;;
4851098277;nmmaa4;60rborb_01;r01sr1sl30/port#001-#2-vc12virtual;ac;rio branco;68;;degraded signal;2026-07-29 09:35:59;;
4851098280;nmmaa4;60rborb_01;r01sr1sl30/port#001-#3-vc12virtual;ac;rio branco;68;;degraded signal;2026-07-29 09:35:59;;
4851098127;nmmaa4;62pvofq_03;r01sr1sl03/port#31-#01-p12mon_vc12;ro;porto velho;69;bsa 0aw   pvo ay    dpdv  0009;ais;2026-07-29 09:35:59;;
4851098132;nmmaa4;62pvofq_03;r01sr1sl03/port#50-#01-p12mon_vc12;ro;porto velho;69;pvo ay    bsa 0aw   dpdv  0012;ais;2026-07-29 09:35:59;;
4851098136;nmmaa4;62pvofq_03;r01sr1sl03/port#54-#01-p12mon_vc12;ro;porto velho;69;fla pv    pvo tr b  00031n101;ais;2026-07-29 09:35:58;;
4851098137;nmmaa4;62pvofq_03;r01sr1sl04/port#17-#01-p12mon_vc12;ro;porto velho;69;blm qb    pvo fq    dpdv  0001;ais;2026-07-29 09:35:58;;
4851098140;nmmaa4;62pvofq_03;r01sr1sl04/port#09-#01-p12mon_vc12;ro;porto velho;69;bhe es    pvo fq    2mger 001;ais;2026-07-29 09:35:58;;
4851098276;nmmaa4;60rborb_01;r01sr1sl30/port#001-#4-vc12virtual;ac;rio branco;68;;degraded signal;2026-07-29 09:35:58;;
4851098278;nmmaa4;60rborb_01;r01sr1sl30/port#001-#5-vc12virtual;ac;rio branco;68;;degraded signal;2026-07-29 09:35:58;;
4851098124;nmmaa4;62pvofq_03;r01sr1sl03/port#07-#01-p12mon_vc12;ro;porto velho;69;bsa pvo fq 00030n 001;ais;2026-07-29 09:35:58;;
4851098133;nmmaa4;62pvofq_03;r01sr1sl03/port#06-#01-p12mon_vc12;ro;porto velho;69;bsa pasa  pvo pasb  00031n004;ais;2026-07-29 09:35:58;;
4851098178;nmmaa4;60rborb_01;r01sr1sl30/gfpconf#1;ac;rio branco;68;;loss of frame;2026-07-29 09:35:56;;
4851098181;nmmaa4;62mnsem_01;r01sr1sl17/port#02-#01-p12mon_vc12;am;manaus;92;bsa 8xc   mns 13p   dpdv  0001;ais;2026-07-29 09:35:54;;
4851098205;nmmaa4;62mnsem_01;r01sr1sl19/port#20-#01-p12mon_vc12;am;manaus;92;mns em    sls us    02048k001;ais;2026-07-29 09:35:54;;
4851098120;nmmaa4;62rborb_01;r01sr1sl17/port#03-#01-p12mon_vc12;ac;rio branco;68;bsa rbo 0030n 001;ais;2026-07-29 09:35:54;;
4851098183;nmmaa4;62mnsem_01;r01sr1sl17/port#47-#01-p12mon_vc12;am;manaus;92;mns       rjo       00030n001;ais;2026-07-29 09:35:53;;
4851098191;nmmaa4;62mnsem_01;r01sr1sl17/port#27-#01-p12mon_vc12;am;manaus;92;mns pl    rjo st    2mger 001;ais;2026-07-29 09:35:53;;
4851098194;nmmaa4;62mnsem_01;r01sr1sl17/port#15-#01-p12mon_vc12;am;manaus;92;mns tms   rjo am it 02048k001;ais;2026-07-29 09:35:53;;
4851098195;nmmaa4;62mnsem_01;r01sr1sl18/port#28-#01-p12mon_vc12;am;manaus;92;mns lm sdr rc dprv 0001;ais;2026-07-29 09:35:53;;
4851098199;nmmaa4;62mnsem_01;r01sr1sl18/port#30-#01-p12mon_vc12;am;manaus;92;mns mc1   blm 0yx   dpdv  0002;ais;2026-07-29 09:35:53;;
4851098200;nmmaa4;62mnsem_01;r01sr1sl19/port#01-#01-p12mon_vc12;am;manaus;92;mns lm dcn rjo am dcn 2m 001;ais;2026-07-29 09:35:53;;
4851098201;nmmaa4;62mnsem_01;r01sr1sl19/port#10-#01-p12mon_vc12;am;manaus;92;mns lm dcnrjo lv dcn2m    001 - em 10 / lv 19;ais;2026-07-29 09:35:53;;
4851098203;nmmaa4;62mnsem_01;r01sr1sl19/port#15-#01-p12mon_vc12;am;manaus;92;rjo dn    mns lm    dpdv  0002;ais;2026-07-29 09:35:53;;
4851098116;nmmaa4;62rborb_01;r01sr1sl17/port#40-#01-p12mon_vc12;ac;rio branco;68;czu rb dm rbo rb it 02048k 502  32254/2021;ais;2026-07-29 09:35:53;;
4851098119;nmmaa4;62rborb_01;r01sr1sl17/port#41-#01-p12mon_vc12;ac;rio branco;68;czu rb    rbo rb    02048k501;ais;2026-07-29 09:35:53;;
4851098122;nmmaa4;62rborb_01;r01sr1sl17/port#42-#01-p12mon_vc12;ac;rio branco;68;czu rbo 180y 502;ais;2026-07-29 09:35:53;;
4851098134;nmmaa4;62mnsem_01;r01sr1sl18/port#54-#01-p12mon_vc12;am;manaus;92;mns 2fx   bsa 0aw   dpdv  0002;ais;2026-07-29 09:35:53;;
4851098184;nmmaa4;62mnsem_01;r01sr1sl17/port#08-#01-p12mon_vc12;am;manaus;92;mns lm    rjo am    02048k011;ais;2026-07-29 09:35:52;;
4851098189;nmmaa4;62mnsem_01;r01sr1sl17/port#41-#01-p12mon_vc12;am;manaus;92;mns 4fg   cpe um4   dp*v  0002;ais;2026-07-29 09:35:52;;
4851098198;nmmaa4;62mnsem_01;r01sr1sl18/port#38-#01-p12mon_vc12;am;manaus;92;bsa       mns       2m    501;ais;2026-07-29 09:35:52;;
4851098494;nmmaa4;60pbwbrp_01;r01sr1sl27/gfpconf#1;ro;pimenta bueno;69;;client signal fail;2026-07-29 09:35:01;;
4851098196;nmmaa2;60blmqb_03;r01sr1sl19/port#21-#01-p12mon_vc12;pa;belem;91;mns mc1   blm 0yx   dpdv  0002;ais;2026-07-29 09:34:42;;
4851097547;nmmaa4;62mnsem_01;r01sr1sl17/port#30-#01-p12mon_vc12;am;manaus;92;mns em    cas ts    dpdv  0010;ais;2026-07-29 09:33:55;;
4851097544;nmmaa4;62mnsem_01;r01sr1sl17/port#40-#01-p12mon_vc12;am;manaus;92;mns 194   cpe um4   dpmv  0002;ais;2026-07-29 09:33:55;;
4851094309;nsprjoam;pss64c-pqiafc-01;mesh4-8-6-sigin ots rcv / network:10.22.105.146:shelf-8:slot-6:card:port-sigin;ma;pequia - acailandia;;;unprovchan;2026-07-29 09:31:19;;
4851093368;nsprjoam;pss64c-pqiafc-01;130snx10-12-2-c2-1 odu2 trmt / network:10.22.105.146:shelf-12:slot-2:card:port-c2;ma;pequia - acailandia;;;ociegr;2026-07-29 09:27:55;;
4851093363;nsprjoam;pss64c-pqiafc-01;130snx10-12-2-c2-1 odu2 rcv / network:10.22.105.146:shelf-12:slot-2:card:port-c2;ma;pequia - acailandia;;;oci;2026-07-29 09:27:54;;
4851093365;nsprjoam;pss32-mbatm-02;130snx10-1-16-c2-1 odu2 rcv / network:10.26.15.87:shelf-1:slot-16:card:port-c2;pa;maraba;91;;oci;2026-07-29 09:27:54;;
4851093367;nsprjoam;pss32-mbatm-02;130snx10-1-16-c2-1 odu2 trmt / network:10.26.15.87:shelf-1:slot-16:card:port-c2;pa;maraba;91;;ociegr;2026-07-29 09:27:54;;
4851089675;nsprjoam;pss32-blmsz-01;am2125b-4-8-lineout-9410.000 och trmt / network:10.26.6.153:shelf-4:slot-8:card:port-lineout;pa;belem;91;;los;2026-07-29 09:21:19;;
4851101567;emlaa1;lm26-blmqb-02;gbe10e-1-2-6-l1 gbe10e nend rcv;pa;belem;91;;server signal failure;2026-07-29 09:15:36;;
4851101568;emlaa1;lm26-blmqb-02;odu2-1-2-6-l1 odu2 nend rcv;pa;belem;91;;server signal failure;2026-07-29 09:15:36;;
4851101569;emlaa1;lm26-blmqb-02;otu-1-2-6-l1 otu nend rcv;pa;belem;91;;loss of frame;2026-07-29 09:15:36;;
4851089896;nmmaa4;60blmqb_04;r01sr1sl29/port#001-#04-vc4virtual;pa;belem;91;;exceeding differential delay;2026-07-29 09:13:10;;
4851089863;nmmaa4;60slsus_06;r01sr1sl28/port#001-#04-vc4virtual;ma;sao luis;98;;exceeding differential delay;2026-07-29 09:13:06;;
4851082324;nsprjoam;pss32-cjrofj-01;slot-1-40 env / network:10.22.105.133:shelf-1:slot-40;ma;cajueiro - bacabal;;;env-7;2026-07-29 08:56:00;;
4851081539;nsprjoam;pss32-pqiafc-02;system com / network:id:18226;ma;pequia - acailandia;;;dbft;2026-07-29 08:53:12;;
4851081454;nsprjoam;pss32-pbwbrp-01;ra2p-12-5-linein ots rcv / network:10.26.3.154:shelf-12:slot-5:card:port-linein;ro;pimenta bueno;69;pbw brp   vha cc    ots   002;hispanloss;2026-07-29 08:52:51;;
4851092820;emlaa1;lm26-blmqb-02;otu-1-3-17-l1 otu nend rcv;pa;belem;91;;sdh signal degrade (ber);2026-07-29 08:44:03;;
4851072363;nsprjoam;pss32-plkaplc-02;iroadm9r-1-2 eqpt / network:10.26.44.22:shelf-1:slot-2:card;pa;placas;91;;inttemphigh;2026-07-29 08:18:58;;
4851072098;nsprjoam;pss32-plkaplc-02;iroadm9r-1-3 eqpt / network:10.26.44.22:shelf-1:slot-3:card;pa;placas;91;;inttemphigh;2026-07-29 08:17:50;;
4851073610;nmmaa4;60blmqb_04;r01sr1sl30/port#002-#06-vc4virtual;pa;belem;91;;exceeding differential delay;2026-07-29 08:13:37;;
4851073613;nmmaa4;60blmqb_04;r01sr1sl30/port#002-#04-vc4virtual;pa;belem;91;;exceeding differential delay;2026-07-29 08:13:37;;
4851073375;nmmaa4;60blmqb_04;r01sr1sl29/port#001-#06-vc4virtual;pa;belem;91;;exceeding differential delay;2026-07-29 08:13:18;;
4851073373;nmmaa4;60blmqb_04;r01sr1sl29/port#001-#07-vc4virtual;pa;belem;91;;exceeding differential delay;2026-07-29 08:13:17;;
4851073374;nmmaa4;60slsus_06;r01sr1sl28/port#001-#07-vc4virtual;ma;sao luis;98;;exceeding differential delay;2026-07-29 08:13:16;;
4851073379;nmmaa4;60blmqb_04;r01sr1sl29/port#001-#05-vc4virtual;pa;belem;91;;exceeding differential delay;2026-07-29 08:13:16;;
4851073376;nmmaa4;60slsus_06;r01sr1sl28/port#001-#06-vc4virtual;ma;sao luis;98;;exceeding differential delay;2026-07-29 08:13:15;;
4851073377;nmmaa4;60slsus_06;r01sr1sl28/port#001-#05-vc4virtual;ma;sao luis;98;;exceeding differential delay;2026-07-29 08:13:15;;
4851070269;nsprjoam;pss32-parcl1-01;ra2p-2-6-linein ots rcv / network:10.26.44.32:shelf-2:slot-6:card:port-linein;am;parintins;92;par cl1   ucu 0dz   ots   001;hispanloss;2026-07-29 08:11:00;;
4851063461;nsprjoam;pss32-tuuiso-01;iroadm-1-5-lineout-9440.000 och trmt / network:10.22.105.194:shelf-1:slot-5:card:port-lineout;pa;tucurui;91;;los;2026-07-29 07:47:54;;
4851061034;nsprjoam;pss32-butpfc-01;wr-1-6-sig-9455.000 och trmt / network:10.22.105.140:shelf-1:slot-6:card:port-sig;ma;buriticupu;98;;los;2026-07-29 07:38:59;;
4851061033;nsprjoam;pss32-butpfc-01;wr-1-6-sig-9275.000 och trmt / network:10.22.105.140:shelf-1:slot-6:card:port-sig;ma;buriticupu;98;;los;2026-07-29 07:38:58;;
4851061032;nsprjoam;pss32-butpfc-01;wr-1-6-sig-9465.000 och trmt / network:10.22.105.140:shelf-1:slot-6:card:port-sig;ma;buriticupu;98;;los;2026-07-29 07:38:54;;
4851060827;nsprjoam;pss32-cahbr-01;iroadm-4-3-linein ots rcv / network:10.22.105.135:shelf-4:slot-3:card:port-linein;pa;castanhal;91;blm qb    cah br    ots   001;hispanloss;2026-07-29 07:38:02;ral 326407/2026 (2026-07-24 08:28) c.f.(rc/blm /no /net/sg);
4851060829;nsprjoam;pss32-blmqb-03;am2125b-1-2-lineout-9430.000 och trmt / network:10.26.12.131:shelf-1:slot-2:card:port-lineout;pa;belem;91;;los;2026-07-29 07:38:02;;
4851060731;nsprjoam;pss32-cahbr-01;iroadm-4-3-lineout-9430.000 och trmt / network:10.22.105.135:shelf-4:slot-3:card:port-lineout;pa;castanhal;91;;los;2026-07-29 07:37:44;;
4851060729;nsprjoam;pss64c-blmqb-01#ocs;otu-1-1-13-1 otu4 nend rcv / network:10.22.104.1:shelf-1:slot-13:card:port-1;pa;belem;91;;lof;2026-07-29 07:37:43;;
4851061465;emlaa1;bo26-sidbr-02;cbr10g-1-2-5-l1 cbr10g nend rcv;pa;santa maria do para;91;;generic alarm indication signal;2026-07-29 07:14:12;;
4851061466;emlaa1;bo26-sidbr-02;gbe10e-1-2-3-l1 gbe10e nend rcv;pa;santa maria do para;91;;generic alarm indication signal;2026-07-29 07:14:12;;
4851061433;emlaa1;bo26-sidbr-02;odu2-1-3-4-l1 odu2 nend rcv;pa;santa maria do para;91;;backward defect indication;2026-07-29 07:14:09;;
4851061435;emlaa1;bo26-sidbr-02;otu-1-3-4-l1 otu nend rcv;pa;santa maria do para;91;;backward defect indication;2026-07-29 07:14:09;;
4851061434;emlaa1;bo26-sidbr-02;gbe10e-1-3-4-l1 gbe10e nend rcv;pa;santa maria do para;91;;generic alarm indication signal;2026-07-29 07:14:08;;
4851054216;nsprjoam;pss32-srmsp-01;usrpnl-1-40-oamp plk rcv / network:10.26.6.211:shelf-1:slot-40:card:port-oamp;pa;santarem;91;;linkdown;2026-07-29 07:12:10;;
4851061525;emlaa1;lm26-blmqb-02;odu2-1-2-4-l1 odu2 nend rcv;pa;belem;91;;payload type mismatch;2026-07-29 06:58:28;;
4851061478;emlaa1;lm26-blmqb-02;otu-1-2-9-l1 otu nend rcv;pa;belem;91;;sdh signal degrade (ber);2026-07-29 06:58:14;;
4851061479;emlaa1;lm26-blmqb-02;otu-1-2-4-l1 otu nend rcv;pa;belem;91;;sdh signal degrade (ber);2026-07-29 06:58:14;;
4851061468;emlaa1;lm26-blmqb-02;gbe10e-1-3-17-l1 gbe10e nend rcv;pa;belem;91;;generic alarm indication signal;2026-07-29 06:58:12;;
4851061469;emlaa1;lm26-blmqb-02;odu2-1-3-17-l1 odu2 nend rcv;pa;belem;91;;backward defect indication;2026-07-29 06:58:12;;
4851061472;emlaa1;lm26-blmqb-02;cbr2g5-1-1-12-l1-1 cbr2g5 nend rcv;pa;belem;91;;generic alarm indication signal;2026-07-29 06:58:12;;
4851061473;emlaa1;lm26-blmqb-02;odu2-1-2-12-l1 odu2 nend rcv;pa;belem;91;;sdh signal degrade (ber);2026-07-29 06:58:12;;
4851061458;emlaa1;lm26-blmqb-02;gbe10e-1-2-12-l1 gbe10e nend rcv;pa;belem;91;;generic alarm indication signal;2026-07-29 06:58:11;;
4851061459;emlaa1;lm26-blmqb-02;cbr10g-1-2-10-l1 cbr10g nend rcv;pa;belem;91;;generic alarm indication signal;2026-07-29 06:58:11;;
4851061460;emlaa1;lm26-blmqb-02;gbe10e-1-2-9-l1 gbe10e nend rcv;pa;belem;91;;generic alarm indication signal;2026-07-29 06:58:11;;
4851061471;emlaa1;lm26-blmqb-02;cbr10g-1-1-16-l1 cbr10g nend rcv;pa;belem;91;;generic alarm indication signal;2026-07-29 06:58:11;;
4851061474;emlaa1;lm26-blmqb-02;otu-1-2-12-l1 otu nend rcv;pa;belem;91;;sdh signal degrade (ber);2026-07-29 06:58:11;;
4851061437;emlaa1;lm26-blmqb-02;cbr10g-1-2-11-l1 cbr10g nend rcv;pa;belem;91;;generic alarm indication signal;2026-07-29 06:58:10;;
4851046508;nsprjoam;pss32-blmqb-03;am2125b-4-7-lineout-9410.000 och trmt / network:10.26.12.131:shelf-4:slot-7:card:port-lineout;pa;belem;91;;los;2026-07-29 06:50:18;;
4851040074;nsprjoam;pss32-pdu010-01;ipreamp-1-8 eqpt / network:10.22.8.73:shelf-1:slot-8:card;ma;presidente dutra;98;;inttemphigh;2026-07-29 06:28:57;;
4851041840;nmmaa4;60blmqb_04;r01sr1sl29/port#001-vc4xv;pa;belem;91;;bandwidth reduced;2026-07-29 06:25:29;;
4851041841;nmmaa4;60blmqb_04;r01sr1sl30/port#002-vc4xv;pa;belem;91;;bandwidth reduced;2026-07-29 06:25:29;;
4851041828;nmmaa4;60slsus_06;r01sr1sl28/port#001-vc4xv;ma;sao luis;98;;bandwidth reduced;2026-07-29 06:25:27;;
4851095640;emlaa1;bo26-vntebr-01;lofaport-1-1-15-stg1-out eqpt nend;pa;;;;heater problem;2026-07-29 06:11:36;;
4851035462;nsprjoam;pss32-pvofq-01;ra2p-15-6-linein ots rcv / network:10.26.6.187:shelf-15:slot-6:card:port-linein;ro;porto velho;69;pvo fn    pvo fq    ots   001;loramgain;2026-07-29 06:10:41;;
4851032487;nsprjoam;pss8-chiacl1-01;ahphg-1-2-dcm ots rcv / network:10.26.6.244:shelf-1:slot-2:card:port-dcm;pa;cachoeira do piria;91;;losdcm;2026-07-29 05:58:01;;
4851031946;nsprjoam;pss8-chiacl1-01;ahphg-1-2-line ots rcv / network:10.26.6.244:shelf-1:slot-2:card:port-line;pa;cachoeira do piria;91;;los-p;2026-07-29 05:56:10;;
4851031861;nsprjoam;pss8-chiacl1-01;ahphg-1-2-osc ots rcv / network:10.26.6.244:shelf-1:slot-2:card:port-osc;pa;cachoeira do piria;91;;net;2026-07-29 05:55:49;;
4851029878;nsprjoam;pss32-pmziso-01;iroadm-1-6-linein ots rcv / network:10.22.105.191:shelf-1:slot-6:card:port-linein;pa;porto de moz;91;atm ac    pmz iso   ots   001;hispanloss;2026-07-29 05:48:16;ral fechada 435304/2026  (2026-07-29 05:53) c.f.(sv/spo /mb /mon/);
4851007965;nsprjoam;pss32-cahbr-01;otuodu4-2-17-l1 odu4 rcv / network:10.22.105.135:shelf-2:slot-17:card:port-l1;pa;castanhal;91;;oci;2026-07-29 04:13:04;;
4851007963;nsprjoam;pss64c-siskb-01#ocs;otu-1-1-15-1 otu4 fend rcv / network:10.22.104.9:shelf-1:slot-15:card:port-1;ma;santa ines;98;;uat-otu;2026-07-29 04:13:02;;
4851007964;nsprjoam;pss32-blmsz-01;otuodu4-2-7-l1 odu4 rcv / network:10.26.6.153:shelf-2:slot-7:card:port-l1;pa;belem;91;;oci;2026-07-29 04:13:02;;
4851003001;nsprjoam;pss32-blmsz-01;aswg-7-7-linein ots rcv / network:10.26.6.153:shelf-7:slot-7:card:port-linein;pa;belem;91;blm sz    bvs br    ots   001;hispanloss;2026-07-29 03:55:48;ral 319638/2026 (2026-07-28 22:53) c.f.(rc/blm /no /net/sg);
4851003212;emlaa1;bo26-bblfo-01;trbdport-1-2-17-l1-out eqpt nend;ma;bacabal;98;;the wavelength is out of the range;2026-07-29 03:44:02;;
4850997589;nsprjoam;pss64c-pqiafc-01#ocs;odu4odu1-1-1-72-3801-3 odu1 nend rcv / network:10.22.104.25:shelf-1:slot-72:card:port-3801;ma;pequia - acailandia;;;msim;2026-07-29 03:37:14;;
4850997587;nsprjoam;pss64c-pqiafc-01#ocs;odu4odu1-1-1-72-3801-1 odu1 nend rcv / network:10.22.104.25:shelf-1:slot-72:card:port-3801;ma;pequia - acailandia;;;msim;2026-07-29 03:37:13;;
4851008369;emlaa1;lm26-blmqb-01;otu-1-2-12-l1 otu nend rcv;pa;belem;91;;sdh signal degrade (ber);2026-07-29 03:29:09;;
4851008370;emlaa1;lm26-blmqb-01;odu2-1-2-12-l1 odu2 nend rcv;pa;belem;91;;payload locked;2026-07-29 03:29:09;;
4851008366;emlaa1;lm26-blmqb-01;otu-1-2-18-l1 otu nend rcv;pa;belem;91;;alarm indication signal;2026-07-29 03:29:05;;
4851008358;emlaa1;lm26-blmqb-01;odu1-1-1-12-l1-2 odu1 nend rcv;pa;belem;91;;server signal failure;2026-07-29 03:28:56;;
4851008359;emlaa1;lm26-blmqb-01;odu1-1-1-12-l1-3 odu1 nend rcv;pa;belem;91;;server signal failure;2026-07-29 03:28:56;;
4851008279;emlaa1;lm26-blmqb-01;trbdport-1-3-4-l1-in eqpt nend;pa;belem;91;;power loss;2026-07-29 03:28:56;;
4851008302;emlaa1;lm26-blmqb-01;trbdport-1-2-9-l1-in eqpt nend;pa;belem;91;;power loss;2026-07-29 03:28:56;;
4851008344;emlaa1;lm26-blmqb-01;cbr2g5-1-1-12-l1-4 cbr2g5 nend rcv;pa;belem;91;;server signal failure;2026-07-29 03:28:55;;
4851008345;emlaa1;lm26-blmqb-01;odu2-1-1-12-l1 odu2 nend rcv;pa;belem;91;;server signal failure;2026-07-29 03:28:55;;
4851008346;emlaa1;lm26-blmqb-01;odu1-1-1-12-l1-4 odu1 nend rcv;pa;belem;91;;server signal failure;2026-07-29 03:28:55;;
4851008349;emlaa1;lm26-blmqb-01;odu2-1-3-6-l1 odu2 nend rcv;pa;belem;91;;server signal failure;2026-07-29 03:28:55;;
4851008350;emlaa1;lm26-blmqb-01;odu2-1-3-9-l1 odu2 nend rcv;pa;belem;91;;server signal failure;2026-07-29 03:28:55;;
4851008351;emlaa1;lm26-blmqb-01;gbe10e-1-2-18-l1 gbe10e nend rcv;pa;belem;91;;server signal failure;2026-07-29 03:28:55;;
4851008352;emlaa1;lm26-blmqb-01;odu2-1-2-18-l1 odu2 nend rcv;pa;belem;91;;server signal failure;2026-07-29 03:28:55;;
4851008356;emlaa1;lm26-blmqb-01;cbr2g5-1-1-12-l1-1 cbr2g5 nend rcv;pa;belem;91;;server signal failure;2026-07-29 03:28:55;;
4851008357;emlaa1;lm26-blmqb-01;odu1-1-1-12-l1-1 odu1 nend rcv;pa;belem;91;;server signal failure;2026-07-29 03:28:55;;
4851008360;emlaa1;lm26-blmqb-01;cbr2g5-1-1-12-l1-3 cbr2g5 nend rcv;pa;belem;91;;server signal failure;2026-07-29 03:28:55;;
4851008361;emlaa1;lm26-blmqb-01;odu2-1-2-4-l1 odu2 nend rcv;pa;belem;91;;server signal failure;2026-07-29 03:28:55;;
4851008362;emlaa1;lm26-blmqb-01;gbe10e-1-2-9-l1 gbe10e nend rcv;pa;belem;91;;server signal failure;2026-07-29 03:28:55;;
4851008363;emlaa1;lm26-blmqb-01;odu2-1-2-9-l1 odu2 nend rcv;pa;belem;91;;server signal failure;2026-07-29 03:28:55;;
4851008276;emlaa1;lm26-blmqb-01;och-1-3-9-l1 och nend rcv;pa;belem;91;autodisc-lm26-blmqb-01/trbd1191-och-1-3-9-l1_cmdx1012-omsochif-1-3-2-c2;loss of signal;2026-07-29 03:28:55;;
4851008277;emlaa1;lm26-blmqb-01;trbcport-1-1-12-l1-in eqpt nend;pa;belem;91;;power loss;2026-07-29 03:28:55;;
4851008280;emlaa1;lm26-blmqb-01;trbdport-1-3-6-l1-in eqpt nend;pa;belem;91;;power loss;2026-07-29 03:28:55;;
4851008281;emlaa1;lm26-blmqb-01;trbdport-1-3-9-l1-in eqpt nend;pa;belem;91;;power loss;2026-07-29 03:28:55;;
4851008282;emlaa1;lm26-blmqb-01;och-1-3-6-l1 och nend rcv;pa;belem;91;autodisc-lm26-blmqb-01/trbd1191-och-1-3-6-l1_cmdx1012-omsochif-1-3-2-c5;loss of signal;2026-07-29 03:28:55;;
4851008284;emlaa1;lm26-blmqb-01;och-1-3-4-l1 och nend rcv;pa;belem;91;autodisc-lm26-blmqb-01/trbd1191-och-1-3-4-l1_cmdx1012-omsochif-1-3-2-c7;loss of signal;2026-07-29 03:28:55;;
4851008285;emlaa1;lm26-blmqb-01;och-1-1-12-l1 och nend rcv;pa;belem;91;autodisc-lm26-blmqb-01/trbc1111-och-1-1-12-l1_cmdx1010-omsochif-1-1-19-c2;loss of signal;2026-07-29 03:28:55;;
4851008301;emlaa1;lm26-blmqb-01;trbdport-1-2-4-l1-in eqpt nend;pa;belem;91;;power loss;2026-07-29 03:28:55;;
4851008306;emlaa1;lm26-blmqb-01;trbdport-1-1-16-l1-in eqpt nend;pa;belem;91;;power loss;2026-07-29 03:28:55;;
4851008309;emlaa1;lm26-blmqb-01;och-1-2-9-l1 och nend rcv;pa;belem;91;autodisc-lm26-blmqb-01/trbd1191-och-1-2-9-l1_cmdx1012-omsochif-1-2-2-c2;loss of signal;2026-07-29 03:28:55;;
4851008343;emlaa1;lm26-blmqb-01;och-1-2-4-l1 och nend rcv;pa;belem;91;autodisc-lm26-blmqb-01/trbd1191-och-1-2-4-l1_cmdx1012-omsochif-1-2-2-c7;loss of signal;2026-07-29 03:28:54;;
4851008355;emlaa1;lm26-blmqb-01;odu2-1-1-16-l1 odu2 nend rcv;pa;belem;91;;server signal failure;2026-07-29 03:28:54;;
4851008364;emlaa1;lm26-blmqb-01;gbe10e-1-2-12-l1 gbe10e nend rcv;pa;belem;91;;server signal failure;2026-07-29 03:28:54;;
4850977332;nsprjoam;pss32-sidbr-01;iroadm-3-4-lineout-9410.000 och trmt / network:10.22.105.131:shelf-3:slot-4:card:port-lineout;pa;santa maria do para;91;;los;2026-07-29 02:29:25;;
4850962397;nmmaa4;62hutsu_01;r01sr1sl03/port#10-#1-e1monctp;am;humaita;92;;ais;2026-07-29 01:32:46;;
4850947878;nsprjoam;pss32-pvofq-01;11dpm12-7-15-c1 oc48stm16 rcv / network:10.26.6.187:shelf-7:slot-15:card:port-c1;ro;porto velho;69;;lof;2026-07-29 00:54:56;;
4850947821;nsprjoam;pss32-cxymq-01;11dpm12-2-12-c1 oc48stm16 rcv / network:10.26.6.175:shelf-2:slot-12:card:port-c1;am;careiro;92;;lof;2026-07-29 00:54:52;;
4850947822;nsprjoam;pss32-hutsu-01;11dpm12-2-15-c1 oc48stm16 rcv / network:10.26.6.184:shelf-2:slot-15:card:port-c1;am;humaita;92;;lof;2026-07-29 00:54:52;;
4850947857;nmmaa4;60cvzlb_01;r01sr1sl39/port#001-msttp-pmnetr15;am;careiro da varzea;92;;unavailable time;2026-07-29 00:45:50;;
4850947939;nmmaa4;60cvzlb_01;r01sr1sl39/port#001-msttp-pmne1d;am;careiro da varzea;92;;unavailable time;2026-07-29 00:45:50;;
4850947854;nmmaa4;60cvzlb_01;r01sr1sl39/port#001-oprsctp;am;careiro da varzea;92;;loss of frame;2026-07-29 00:45:38;;
4850941166;nsprjoam;pss32-slpakb-01;iroadm-3-3-lineout-9410.000 och trmt / network:10.22.105.132:shelf-3:slot-3:card:port-lineout;pa;santa luzia do para;91;;los;2026-07-29 00:36:30;;
4850933455;nsprjoam;pss32-atmac-01;32ec2-4-1-es1 plk rcv / network:10.22.105.190:shelf-4:slot-1:card:port-es1;pa;altamira;91;;linkdown;2026-07-29 00:08:45;;
4850914870;emlaa1;bo26-nvodkb-01;;ma;nova soure;;;node isolation;2026-07-28 23:13:29;;
4850914725;emlaa1;bo26-slpakb-01;;pa;santa luzia do para;91;;node isolation;2026-07-28 23:13:04;;
4850910608;nsprjoam;pss32-butpfc-01;wr-2-6-sig-9370.000 och trmt / network:10.22.105.140:shelf-2:slot-6:card:port-sig;ma;buriticupu;98;;los;2026-07-28 23:03:23;;
4850916862;emlaa1;bo26-sidbr-02;cbr10g-1-2-16-l1 cbr10g nend rcv;pa;santa maria do para;91;;generic alarm indication signal;2026-07-28 22:52:37;;
4850907533;nmmaa4;62slsus_03;r01sr1sl03/port#31-#01-p12mon_vc12;ma;sao luis;98;itz it4 blm 0yx dpdv 0002 - novo;ais;2026-07-28 22:46:30;;
4850907535;nmmaa4;62slsus_03;r01sr1sl03/port#60-#01-p12mon_vc12;ma;sao luis;98;blm 0yx   sls res   dpdv  0003;ais;2026-07-28 22:46:30;;
4850907534;nmmaa4;62slsus_03;r01sr1sl03/port#52-#01-p12mon_vc12;ma;sao luis;98;blm 0yx   sls 0j6   dpdv  0001;ais;2026-07-28 22:46:29;;
4850907570;nmmaa4;60blmqb_04;r01sr1sl33/port#005-#1-vc12virtual;pa;belem;91;;exceeding differential delay;2026-07-28 22:46:29;;
4850907572;nmmaa4;60blmqb_04;r01sr1sl33/port#005-#2-vc12virtual;pa;belem;91;;exceeding differential delay;2026-07-28 22:46:29;;
4850907528;nmmaa4;62slsus_03;r01sr1sl03/port#04-#01-p12mon_vc12;ma;sao luis;98;blm qb    sis kb    2mger 002;ais;2026-07-28 22:46:26;;
4850907529;nmmaa4;62slsus_03;r01sr1sl03/port#06-#01-p12mon_vc12;ma;sao luis;98;blm       sls       00030n001;ais;2026-07-28 22:46:26;;
4850907531;nmmaa4;62slsus_03;r01sr1sl04/port#52-#01-p12mon_vc12;ma;sao luis;98;sls as    blm tn    dpdv  0002;ais;2026-07-28 22:46:26;;
4850907532;nmmaa4;60slsus_02;r01sr1sl15/port#21-#01-p12mon_vc12;ma;sao luis;98;sls us    blm 2ak   dpdv  0004;ais;2026-07-28 22:46:26;;
4850907484;nmmaa4;60slsus_06;r01sr1sl23/port#006-#1-5-3-tu12-tmi;ma;sao luis;98;;unequipped;2026-07-28 22:46:22;;
4850907482;nmmaa4;60slsus_06;r01sr1sl23/port#006-#1-1-1-tu12-tmi;ma;sao luis;98;;unequipped;2026-07-28 22:46:21;;
4850907483;nmmaa4;60slsus_06;r01sr1sl23/port#006-#1-1-2-tu12-tmi;ma;sao luis;98;;unequipped;2026-07-28 22:46:21;;
4850907485;nmmaa4;60slsus_06;r01sr1sl28/port#004-#2-vc12virtual;ma;sao luis;98;;unequipped;2026-07-28 22:46:21;;
4850907486;nmmaa4;60slsus_06;r01sr1sl28/port#004-#1-vc12virtual;ma;sao luis;98;;unequipped;2026-07-28 22:46:21;;
4850911393;emlaa1;bo26-sidbr-02;cbr10g-1-2-5-c1 cbr10g nend rcv;pa;santa maria do para;91;;generic alarm indication signal;2026-07-28 22:39:00;;
4850912358;emlaa1;lm26-siskb-01;lofaport-1-1-9-stg1-in eqpt nend;ma;santa ines;98;;power loss;2026-07-28 22:29:49;;
4850912364;emlaa1;lm26-siskb-01;odu2-1-3-4-l1 odu2 nend rcv;ma;santa ines;98;;server signal failure;2026-07-28 22:29:49;;
4850912374;emlaa1;lm26-siskb-01;odu2-1-2-12-l1 odu2 nend rcv;ma;santa ines;98;;server signal failure;2026-07-28 22:29:49;;
4850912361;emlaa1;lm26-siskb-01;ots-1-1-9-stg1 ots nend rcv;ma;santa ines;98;nvodkb sis kb ots 002;loss of signal;2026-07-28 22:29:49;ral 374930/2026 c.f.(rc/sls /ce /net/sg);
4850912359;emlaa1;lm26-siskb-01;oscuport-1-1-5-1-in eqpt nend;ma;santa ines;98;;power loss;2026-07-28 22:29:48;;
4850912367;emlaa1;lm26-siskb-01;gbe10e-1-3-4-l1 gbe10e nend rcv;ma;santa ines;98;;server signal failure;2026-07-28 22:29:48;;
4850912369;emlaa1;lm26-siskb-01;gbe10e-1-2-9-l1 gbe10e nend rcv;ma;santa ines;98;;server signal failure;2026-07-28 22:29:48;;
4850912371;emlaa1;lm26-siskb-01;odu2-1-2-4-l1 odu2 nend rcv;ma;santa ines;98;;server signal failure;2026-07-28 22:29:48;;
4850912373;emlaa1;lm26-siskb-01;odu2-1-1-16-l1 odu2 nend rcv;ma;santa ines;98;;server signal failure;2026-07-28 22:29:48;;
4850912375;emlaa1;lm26-siskb-01;odu2-1-2-15-l1 odu2 nend rcv;ma;santa ines;98;;server signal failure;2026-07-28 22:29:48;;
4850912360;emlaa1;lm26-siskb-01;oms-1-1-3-l1 oms nend rcv;ma;santa ines;98;;server signal failure;2026-07-28 22:29:47;;
4850895922;nsprjoam;pss32-butpfc-01;wr-2-6-sig-9275.000 och trmt / network:10.22.105.140:shelf-2:slot-6:card:port-sig;ma;buriticupu;98;;los;2026-07-28 22:15:59;;
4850895923;nsprjoam;pss32-butpfc-01;wr-2-6-sig-9455.000 och trmt / network:10.22.105.140:shelf-2:slot-6:card:port-sig;ma;buriticupu;98;;los;2026-07-28 22:15:59;;
4850895820;nsprjoam;pss32-butpfc-01;wr-2-6-sig-9465.000 och trmt / network:10.22.105.140:shelf-2:slot-6:card:port-sig;ma;buriticupu;98;;los;2026-07-28 22:15:46;;
4850877726;nsprjoam;pss32-cxsvo-01;iroadm-3-3-lineout-9450.000 och trmt / network:10.26.6.209:shelf-3:slot-3:card:port-lineout;ma;caxias;98;;los;2026-07-28 21:03:21;;
4850859562;nsprjoam;pss32-jippv-01;pf-9-19 eqpt / network:10.26.3.153:shelf-9:slot-19:card;ro;ji-parana;69;;suspectclkfreq;2026-07-28 19:53:40;;
4850859168;nsprjoam;pss32-jippv-01;pf-9-36 eqpt / network:10.26.3.153:shelf-9:slot-36:card;ro;ji-parana;69;;suspectclkfreq;2026-07-28 19:51:51;;
4850858902;nmmaa4;60cvzlb_01;r01sr1sl03/port#001-els;am;careiro da varzea;92;;loss of signal;2026-07-28 19:41:35;;
4850833459;nmmaa4;60cxymq_01;r01sr1sl34/port#001-msttp-pmfetr15;am;careiro;92;cxy mqlinehut suline16s   601;unavailable time;2026-07-28 18:17:44;ral fechada 452393/2026  c.f.(rt/cvz /lb /net/fo) (2026-07-28 18:54) c.f.(rt/cvz /lb /net/fo);
4850905543;emlaa1;bo26-slpakb-01;gbe10e-1-2-5-l1 gbe10e nend rcv;pa;santa luzia do para;91;;generic alarm indication signal;2026-07-28 17:37:09;;
4850815846;nsprjoam;pss32-pmziso-01;irdm20-1-6 eqpt / network:10.22.105.191:shelf-1:slot-6:card;pa;porto de moz;91;;inttemphigh;2026-07-28 17:20:16;;
4850815780;nsprjoam;pss32-pmziso-01;irdm20-1-5 eqpt / network:10.22.105.191:shelf-1:slot-5:card;pa;porto de moz;91;;inttemphigh;2026-07-28 17:19:51;;
4850815316;nsprjoam;pss32-pvofq-01;och-3-16-l1 och rcv / network:10.26.6.187:shelf-3:slot-16:card:port-l1;ro;porto velho;69;;asontopo;2026-07-28 17:18:07;;
4850813134;nsprjoam;pss32-mbatm-02;130snx10-1-16-c3-1 odu2 trmt / network:10.26.15.87:shelf-1:slot-16:card:port-c3;pa;maraba;91;;ociegr;2026-07-28 17:11:41;;
4850812904;nsprjoam;pss36-mbatm-01#ocs;otuodu2-1-1-3-1 odu2 nend rcv / network:10.22.238.1:shelf-1:slot-3:card:port-1;pa;maraba;91;;oci;2026-07-28 17:11:07;;
4850810557;nsprjoam;pss32-mpa0w3-01;node eqpt / network:10.26.44.62;ap;macapa;96;;node isolation;2026-07-28 17:04:09;;
4850809571;nmmaa4;62hutsu_01;r01sr1sl11/port#01-msttp;am;humaita;92;cxy mqlinehut suline16s   601;ais;2026-07-28 16:50:33;ral fechada 452393/2026  c.f.(rt/cvz /lb /net/fo) (2026-07-28 18:54) c.f.(rt/cvz /lb /net/fo);
4850807583;nmmaa4;62mnsem_01;r01sr1sl19/port#61-#01-p12mon_vc12;am;manaus;92;cvz v2h   mns lm it 2m    001;ais;2026-07-28 16:45:03;;
4850807587;nmmaa4;62mnsem_01;r01sr1sl19/port#59-#01-p12mon_vc12;am;manaus;92;ird v2h   mns lm it 2m    001;ais;2026-07-28 16:45:03;;
4850807582;nmmaa4;62mnsem_01;r01sr1sl19/port#58-#01-p12mon_vc12;am;manaus;92;ird v2j   mns lm it 2m    001;ais;2026-07-28 16:45:02;;
4850807586;nmmaa4;62mnsem_01;r01sr1sl19/port#50-#01-p12mon_vc12;am;manaus;92;cxy mns 00031n 001;ais;2026-07-28 16:45:02;;
4850807588;nmmaa4;62mnsem_01;r01sr1sl19/port#60-#01-p12mon_vc12;am;manaus;92;ird v2i   mns lm it 2m    001;ais;2026-07-28 16:45:02;;
4850803943;nsprjoam;pss32-mpagg-01;10.26.47.17 / network:id:18084;ap;macapa;96;;dpr_down 5002 10.26.47.60;2026-07-28 16:44:14;;
4850807580;nmmaa4;62hutsu_01;r01sr1sl06/port#04-#3-6-2-tu12;am;humaita;92;;ais;2026-07-28 16:43:58;;
4850807581;nmmaa4;62hutsu_01;r01sr1sl03/port#05-#01-p12mon_vc12;am;humaita;92;hut       mns em    2mger 001;ais;2026-07-28 16:43:58;;
4850803801;nsprjoam;pss32-mpagg-01;iroadm-2-3-linein ots rcv / network:10.22.105.188:shelf-2:slot-3:card:port-linein;ap;macapa;96;mpa gg    mpa 0w3   ots   001;los;2026-07-28 16:43:45;ral 453812/2026 c.f.(om/mpa /gg /bkb/tx);
4850803794;nsprjoam;pss32-mpagg-01;iroadm-2-3-lineout ots trmt / network:10.22.105.188:shelf-2:slot-3:card:port-lineout;ap;macapa;96;;aprline;2026-07-28 16:43:37;;
4850794922;nsprjoam;pss32-itzrc-03;ra2p-9-5-linein ots rcv / network:10.22.105.157:shelf-9:slot-5:card:port-linein;ma;imperatriz;98;agnpfc    itz rc    ots   004;hispanloss;2026-07-28 16:17:14;;
4850793909;nsprjoam;pss64c-mnsem-01#ocs;otu-1-1-35-1 otu4 nend rcv / network:10.22.238.9:shelf-1:slot-35:card:port-1;am;manaus;92;;tim-s;2026-07-28 16:14:34;;
4850790676;nsprjoam;pss64-pvofq-01#ocs;otuodu2tct-1-1-1-1-6-bm odu2tcm fend rcv / network:10.26.31.92:shelf-1:slot-1:card:port-1;ro;porto velho;69;;uat-tcm;2026-07-28 16:05:45;;
4850788304;nsprjoam;pss32-bbaga-01;am2125b-1-5:67898207 / optics:1785265071:am2125b-1-5:67898207;am;borba;92;;manreset;2026-07-28 15:57:52;;
4850786692;nsprjoam;pss8-xgacl1-01;ahphg-1-3:67897734 / optics:1785264770:ahphg-1-3:67897734;pa;xinguara;91;;manreset;2026-07-28 15:52:56;;
4850786691;nsprjoam;pss8-xgacl1-01;ahphg-1-2:67897733 / optics:1785264771:ahphg-1-2:67897733;pa;xinguara;91;;manreset;2026-07-28 15:52:55;;
4850786693;nsprjoam;pss8-micat-01;am2125b-1-5:67897930 / optics:1785264774:am2125b-1-5:67897930;am;manicore;92;;manreset;2026-07-28 15:52:55;;
4850783126;nsprjoam;pss8-micat-01;am2125b-1-5:67895841 / optics:1785264173:am2125b-1-5:67895841;am;manicore;92;;manreset;2026-07-28 15:43:02;;
4850771208;nsprjoam;pss32-pvofq-01;130snx10-9-16-c5 oc192stm64 rcv / network:10.26.6.187:shelf-9:slot-16:card:port-c5;ro;porto velho;69;;los;2026-07-28 15:11:37;;
4850765072;nsprjoam;pss32-aqstn-01;130snx10-5-10:67888715 / optics:1785261470:130snx10-5-10:67888715;ro;ariquemes;69;;discovermod;2026-07-28 14:58:01;;
4850764836;nsprjoam;pss32-aqstn-01;130snx10-5-10-c7-1 odu2 trmt / network:10.26.3.152:shelf-5:slot-10:card:port-c7;ro;ariquemes;69;;ociegr;2026-07-28 14:57:15;;
4850764837;nsprjoam;pss32-aqstn-01;130snx10-5-10-c7 oc192stm64 rcv / network:10.26.3.152:shelf-5:slot-10:card:port-c7;ro;ariquemes;69;;los;2026-07-28 14:57:14;;
4850745511;nsprjoam;pss32-afucl1-01;node eqpt / network:10.26.44.61;pa;afua;91;;node isolation;2026-07-28 14:13:13;;
4850741830;nsprjoam;pss32-mpa0w3-01;10.26.47.60 / network:id:19964;ap;macapa;96;;dpr_down 5001 10.26.47.59;2026-07-28 14:02:48;;
4850741551;nsprjoam;pss32-mpagg-01;aar-2-16-ampin4 ots rcv / network:10.22.105.188:shelf-2:slot-16:card:port-ampin4;ap;macapa;96;;los;2026-07-28 14:02:24;;
4850741546;nsprjoam;pss32-mpa0w3-01;iroadm-2-5-linein ots rcv / network:10.26.44.62:shelf-2:slot-5:card:port-linein;ap;macapa;96;;los;2026-07-28 14:02:21;;
4850741548;nsprjoam;pss32-mpa0w3-01;ra2p-2-6-linein ots rcv / network:10.26.44.62:shelf-2:slot-6:card:port-linein;ap;macapa;96;afu cl1   mpa 0w3   ots   001;los;2026-07-28 14:02:21;;
4850741550;nsprjoam;pss32-mpa0w3-01;iroadm-2-7-lineout ots trmt / network:10.26.44.62:shelf-2:slot-7:card:port-lineout;ap;macapa;96;;los-out;2026-07-28 14:02:21;;
4850741538;nsprjoam;pss32-mpagg-01;och-1-11-l1 och rcv / network:10.22.105.188:shelf-1:slot-11:card:port-l1;ap;macapa;96;;los-p;2026-07-28 14:02:14;;
4850741540;nsprjoam;pss32-mpagg-01;otuodu4-1-11-l1 odu4 rcv / network:10.22.105.188:shelf-1:slot-11:card:port-l1;ap;macapa;96;;ssfodu;2026-07-28 14:02:14;;
4850741541;nsprjoam;pss32-mpagg-01;odu4odu2e-1-71-1-1 odu2e rcv / network:id:18084;ap;macapa;96;;msim;2026-07-28 14:02:14;;
4850741535;nsprjoam;pss32-mpa0w3-01;iroadm-2-5-lineout ots trmt / network:10.26.44.62:shelf-2:slot-5:card:port-lineout;ap;macapa;96;;aprline;2026-07-28 14:02:13;;
4850820493;emlaa1;bo26-slpakb-01;lofaport-1-1-15-stg2-out eqpt nend;pa;santa luzia do para;91;;heater problem;2026-07-28 12:20:43;;
4850708328;nsprjoam;pss32-blmsz-01;am2125b-3-7-linein ots rcv / network:10.26.6.153:shelf-3:slot-7:card:port-linein;pa;belem;91;blm qb    blm sz    ots   005;restrictedconnectivity;2026-07-28 12:14:24;;
4850708326;nsprjoam;pss32-blmsz-01;mcs-2-2-sig1 oms rcv / network:10.26.6.153:shelf-2:slot-2:card:port-sig1;pa;belem;91;;asontopo;2026-07-28 12:14:23;;
4850707569;nmmaa4;60rborb_01;r01sr1sl28/gfpconf#4;ac;rio branco;68;;trail signal failure;2026-07-28 12:02:44;;
4850690687;nsprjoam;pss32-blmqb-03;ops-3-9-sig1 lr_dsr rcv / network:10.26.12.131:shelf-3:slot-9:card:port-sig1;pa;belem;91;;autoswitch;2026-07-28 11:28:31;;
4850686085;nsprjoam;pss32-moj0dy-01;am2125b-1-2-lineout ots trmt / network:10.22.105.197:shelf-1:slot-2:card:port-lineout;pa;moju;91;;unprovchan-out;2026-07-28 11:19:54;;
4850686041;nsprjoam;pss32-tlaviv-01;ra2p-1-4-linein ots rcv / network:10.22.105.196:shelf-1:slot-4:card:port-linein;pa;tailandia;91;moj 0dy   tla viv   ots   001;loramgain;2026-07-28 11:19:44;ral fechada 448268/2026  (2026-07-28 11:23) c.f.(dp/blm /no /net/fo);
4850685956;nsprjoam;pss32-moj0dy-01;s13x100-1-12-l1 eqpt / network:10.22.105.197:shelf-1:slot-12:card:port-l1;pa;moju;91;;occpmn;2026-07-28 11:19:34;;
4850685955;nsprjoam;pss64c-pqiafc-01;s13x100-15-17-l1 eqpt / network:10.22.105.146:shelf-15:slot-17:card:port-l1;ma;pequia - acailandia;;;occpmn;2026-07-28 11:19:33;;
4850655073;nsprjoam;pss32-pbwbrp-01;ra2p-13-6-linein ots rcv / network:10.26.3.154:shelf-13:slot-6:card:port-linein;ro;pimenta bueno;69;jip pv    pbw brp   ots   002;hispanloss;2026-07-28 09:50:40;;
4850655068;nsprjoam;pss32-jippv-01;ra2p-13-6-linein ots rcv / network:10.26.3.153:shelf-13:slot-6:card:port-linein;ro;ji-parana;69;jip pv    pbw brp   ots   002;loramgain;2026-07-28 09:50:39;;
4850631991;nsprjoam;pss32-pvofn-01;ra2p-1-13-linein ots rcv / network:10.26.6.199:shelf-1:slot-13:card:port-linein;ro;porto velho;69;pvo fn    pvo fq    ots   001;hispanloss;2026-07-28 08:35:45;;
4850625435;nsprjoam;pss32-rric02-01;ra2p-1-3-linein ots rcv / network:10.26.6.213:shelf-1:slot-3:card:port-linein;pa;ruropolis;91;plkaplc   rri c02   ots   001;loramgain;2026-07-28 08:10:35;ral 401648/2026 (2026-07-28 00:19) c.f.(sv/spo /mb /spt/);
4850624110;nsprjoam;pss32-plkaplc-01;ra2p-1-3-linein ots rcv / network:10.26.6.214:shelf-1:slot-3:card:port-linein;pa;placas;91;plkaplc   rri c02   ots   001;hispanloss;2026-07-28 08:05:32;ral 401648/2026 (2026-07-28 00:19) c.f.(sv/spo /mb /spt/);
4850510293;nsprjoam;pss32-mnssew-01;iroadm-1-5-lineout-9440.000 och trmt / network:10.22.140.40:shelf-1:slot-5:card:port-lineout;am;manaus;92;;los;2026-07-28 00:37:15;;
4850476997;emlaa1;lm26-siskb-01;odu2-1-2-17-c1 odu2 nend rcv;ma;santa ines;98;;backward defect indication;2026-07-27 22:09:06;;
4850438871;nsprjoam;pss16-chioi-01;pf-1-11 eqpt / network:10.26.12.178:shelf-1:slot-11:card;ma;chapadinha;98;;remvoltagefail;2026-07-27 20:16:39;;
4850401497;nsprjoam;pss32-afucl1-01;ra2p-1-3-linein ots rcv / network:10.26.44.61:shelf-1:slot-3:card:port-linein;pa;afua;91;afu cl1   mpa 0w3   ots   001;hispanloss;2026-07-27 18:05:58;;
4850393733;nsprjoam;pss32-pdu010-01;s13x100-1-6-c4 10gbe rcv / network:10.22.8.73:shelf-1:slot-6:card:port-c4;ma;presidente dutra;98;;lanlos;2026-07-27 17:39:53;;
4850370145;nsprjoam;pss32-oxaiso-01;iroadm-1-2-lineout-9440.000 och trmt / network:10.22.105.181:shelf-1:slot-2:card:port-lineout;pa;oriximina;91;;los;2026-07-27 16:27:50;;
4850370147;nsprjoam;pss32-tesa0e2-01;iroadm-2-5-lineout-9350.000 och trmt / network:10.22.105.180:shelf-2:slot-5:card:port-lineout;pa;terra santa;91;;los;2026-07-27 16:27:50;;
4850370144;nsprjoam;pss32-oxaiso-01;iroadm-1-2-lineout-9350.000 och trmt / network:10.22.105.181:shelf-1:slot-2:card:port-lineout;pa;oriximina;91;;los;2026-07-27 16:27:49;;
4850370146;nsprjoam;pss64c-mnsem-01#ocs;otuodu4tct-1-1-33-1-6-bm odu4tcm fend rcv / network:10.22.238.9:shelf-1:slot-33:card:port-1;am;manaus;92;;uat-tcm;2026-07-27 16:27:49;;
4850370148;nsprjoam;pss32-tesa0e2-01;iroadm-2-5-lineout-9440.000 och trmt / network:10.22.105.180:shelf-2:slot-5:card:port-lineout;pa;terra santa;91;;los;2026-07-27 16:27:49;;
4850370139;nsprjoam;pss32-tesa0e2-01;iroadm-1-5-lineout-9440.000 och trmt / network:10.22.105.180:shelf-1:slot-5:card:port-lineout;pa;terra santa;91;;los;2026-07-27 16:27:48;;
4850370140;nsprjoam;pss32-tesa0e2-01;iroadm-1-5-lineout-9350.000 och trmt / network:10.22.105.180:shelf-1:slot-5:card:port-lineout;pa;terra santa;91;;los;2026-07-27 16:27:48;;
4850369686;nsprjoam;pss32-tesa0e2-01;130scx10-2-16-c10-1 odu2 trmt / network:10.22.105.180:shelf-2:slot-16:card:port-c10;pa;terra santa;91;;ociegr;2026-07-27 16:25:57;;
4850369609;nsprjoam;pss32-oxaiso-01;130snx10-1-16-c6-1 odu2 trmt / network:10.22.105.181:shelf-1:slot-16:card:port-c6;pa;oriximina;91;;ociegr;2026-07-27 16:25:57;;
4850369608;nsprjoam;pss32-ammiso-01;130scx10-1-16-c6-1 odu2 trmt / network:10.22.105.185:shelf-1:slot-16:card:port-c6;pa;almeirim;91;;ociegr;2026-07-27 16:25:55;;
4850369604;nsprjoam;pss32-oxaiso-01;130scx10-2-16-c6-1 odu2 rcv / network:10.22.105.181:shelf-2:slot-16:card:port-c6;pa;oriximina;91;;oci;2026-07-27 16:25:54;;
4850369606;nsprjoam;pss32-alqcam-01;130scx10-1-16-c6-1 odu2 trmt / network:10.22.105.182:shelf-1:slot-16:card:port-c6;pa;alenquer;91;;ociegr;2026-07-27 16:25:54;;
4850369607;nsprjoam;pss32-alqcam-01;130scx10-2-16-c6-1 odu2 rcv / network:10.22.105.182:shelf-2:slot-16:card:port-c6;pa;alenquer;91;;oci;2026-07-27 16:25:54;;
4850366789;nsprjoam;pss64c-mnsem-01#ocs;odu4odu2-1-1-72-3301-17 odu2 nend rcv / network:10.22.238.9:shelf-1:slot-72:card:port-3301;am;manaus;92;;loflom;2026-07-27 16:15:37;;
4850365191;nsprjoam;pss32-alq0e2-02;iroadm-2-5-linein ots rcv / network:10.26.6.240:shelf-2:slot-5:card:port-linein;pa;alenquer;91;alq 0e2   srm sp    ots   001;hispanloss;2026-07-27 16:10:51;;
4850359267;nsprjoam;pss32-ixt0dy-01;iroadm-1-5-linein ots rcv / network:10.22.105.178:shelf-1:slot-5:card:port-linein;am;itapiranga;92;ixt 0dy   skv viv   ots   001;hispanloss;2026-07-27 15:54:36;;
4850252462;nsprjoam;psslx-pvofq-03;slot-1/card name-laser controller eqpt / network:10.26.39.50:shelf-1/card name:slot-laser controller;ro;porto velho;69;;input power out of range;2026-07-27 11:15:10;;
4850237860;nsprjoam;pss64c-mnsem-01#ocs;odu4odu2-1-1-72-3601-73 odu2 nend rcv / network:10.22.238.9:shelf-1:slot-72:card:port-3601;am;manaus;92;;msim;2026-07-27 10:35:58;;
4850231641;nsprjoam;pss32-pvofq-01;130snx10-9-16:67412316 / optics:1785158102:130snx10-9-16:67412316;ro;porto velho;69;;discovermod;2026-07-27 10:15:03;;
4850231640;nsprjoam;pss32-aqstn-01;130snx10-5-10:67412307 / optics:1785158103:130snx10-5-10:67412307;ro;ariquemes;69;;discovermod;2026-07-27 10:15:02;;
4850224234;nsprjoam;pss32-aqstn-01;130snx10-5-10:67408775 / optics:1785156902:130snx10-5-10:67408775;ro;ariquemes;69;;discovermod;2026-07-27 09:55:11;;
4850224233;nsprjoam;pss32-aqstn-01;130snx10-5-10:67408784 / optics:1785156901:130snx10-5-10:67408784;ro;ariquemes;69;;discovermod;2026-07-27 09:55:10;;
4850214288;nsprjoam;pss64c-pqiafc-01;ahphg-8-2-sig ots trmt / network:10.22.105.146:shelf-8:slot-2:card:port-sig;ma;pequia - acailandia;;;logain;2026-07-27 09:24:06;;
4850211234;nsprjoam;pss32-vtxuviv-01;iroadm-1-6-linein ots rcv / network:10.22.105.189:shelf-1:slot-6:card:port-linein;pa;vitoria do xingu;91;amm iso   vtxuviv   ots   001;hispanloss;2026-07-27 09:14:36;ral 391100/2026 (2026-07-15 08:09) c.f.(rc/blm /no /net/sg);
4850208401;nsprjoam;pss32-aqstn-01;130snx10-6-7:67400770 / optics:1785153901:130snx10-6-7:67400770;ro;ariquemes;69;;discovermod;2026-07-27 09:05:09;;
4850196584;nsprjoam;pss32-pdu010-01;11dpe12a-1-16-l1-4 vts / network:10.22.8.73:shelf-1:slot-16:card:port-l1;ma;presidente dutra;98;;vts open connection indication;2026-07-27 08:33:11;;
4850191139;nsprjoam;pss32-aqstn-01;ra2p-10-5-linein ots rcv / network:10.26.3.152:shelf-10:slot-5:card:port-linein;ro;ariquemes;69;aqs tn    jip pv    ots   002;hispanloss;2026-07-27 08:15:03;;
4850183113;nsprjoam;pss32-jippv-01;ra2p-12-5-linein ots rcv / network:10.26.3.153:shelf-12:slot-5:card:port-linein;ro;ji-parana;69;aqs tn    jip pv    ots   002;hispanloss;2026-07-27 07:49:13;;
4850181662;nsprjoam;pss36-blacr-01#ocs;lanport-1-1-23-oamp / network:10.26.31.234:shelf-1:slot-23:card:port-oamp;ma;balsas;98;;extlanfail;2026-07-27 07:44:07;;
4850174812;nsprjoam;pss32-cxuabr-02;node eqpt / network:10.22.8.43;ma;caxuxa - alto alegre do maranhao;;;node isolation;2026-07-27 07:20:57;;
4850165707;nsprjoam;pss32-tuuiso-01;ra2p-2-8-linein ots rcv / network:10.22.105.194:shelf-2:slot-8:card:port-linein;pa;tucurui;91;gopatim   tuu iso   ots   002;hispanloss;2026-07-27 06:49:58;;
4850165637;nsprjoam;pss32-gopatim-02;ra2p-3-4-linein ots rcv / network:10.26.44.1:shelf-3:slot-4:card:port-linein;pa;goianesia do para;91;gopatim   tuu iso   ots   002;hispanloss;2026-07-27 06:49:54;ral fechada 412516/2026  (2026-07-27 06:53) c.f.(rt/blm /no /tim/sw);
4850139250;nsprjoam;pss32-pcjviv-01;iroadm-1-2-lineout-9440.000 och trmt / network:10.22.105.193:shelf-1:slot-2:card:port-lineout;pa;pacaja;91;;los;2026-07-27 05:14:00;;
4850138804;nsprjoam;pss32-pmziso-01;iroadm-1-5-lineout-9440.000 och trmt / network:10.22.105.191:shelf-1:slot-5:card:port-lineout;pa;porto de moz;91;;los;2026-07-27 05:12:40;;
4850138803;nsprjoam;pss32-anayviv-01;iroadm-1-2-lineout-9440.000 och trmt / network:10.22.105.192:shelf-1:slot-2:card:port-lineout;pa;anapu;91;;los;2026-07-27 05:12:35;;
4849943684;nsprjoam;pss32-slpakb-01;iroadm-3-3-lineout-9310.000 och trmt / network:10.22.105.132:shelf-3:slot-3:card:port-lineout;pa;santa luzia do para;91;;los;2026-07-26 19:17:14;;
4849943617;nsprjoam;pss32-siskb-04;aar-1-15-ampin4 ots rcv / network:10.26.6.243:shelf-1:slot-15:card:port-ampin4;ma;santa ines;98;;oprpwrlow;2026-07-26 19:17:10;;
4849943612;nsprjoam;pss32-siskb-04;och-8-31-l1 och rcv / network:10.26.6.243:shelf-8:slot-31:card:port-l1;ma;santa ines;98;;los-p;2026-07-26 19:17:08;;
4849943557;nsprjoam;pss32-itzrc-03;och-4-13-l1 och rcv / network:10.22.105.157:shelf-4:slot-13:card:port-l1;ma;imperatriz;98;;los-p;2026-07-26 19:17:07;;
4849943585;nsprjoam;pss32-siskb-04;och-11-9-l1 och rcv / network:10.26.6.243:shelf-11:slot-9:card:port-l1;ma;santa ines;98;;los-p;2026-07-26 19:17:07;;
4849943591;nsprjoam;pss32-blmsz-01;och-5-33-l1 och rcv / network:10.26.6.153:shelf-5:slot-33:card:port-l1;pa;belem;91;;los-p;2026-07-26 19:17:07;;
4849943599;nsprjoam;pss32-siskb-04;och-8-15-l1 och rcv / network:10.26.6.243:shelf-8:slot-15:card:port-l1;ma;santa ines;98;;los-p;2026-07-26 19:17:07;;
4849943590;nsprjoam;pss32-blmsz-01;och-1-6-l1 och rcv / network:10.26.6.153:shelf-1:slot-6:card:port-l1;pa;belem;91;;los-p;2026-07-26 19:17:06;;
4849943611;nsprjoam;pss32-siskb-04;och-8-13-l1 och rcv / network:10.26.6.243:shelf-8:slot-13:card:port-l1;ma;santa ines;98;;los-p;2026-07-26 19:17:06;;
4849943613;nsprjoam;pss32-siskb-04;och-8-33-l1 och rcv / network:10.26.6.243:shelf-8:slot-33:card:port-l1;ma;santa ines;98;;los-p;2026-07-26 19:17:06;;
4849943541;nsprjoam;pss32-blmsz-01;och-1-23-l1 och rcv / network:10.26.6.153:shelf-1:slot-23:card:port-l1;pa;belem;91;;los-p;2026-07-26 19:17:05;;
4849943551;nsprjoam;pss32-sidbr-01;och-1-14-l1 och rcv / network:10.22.105.131:shelf-1:slot-14:card:port-l1;pa;santa maria do para;91;;los-p;2026-07-26 19:17:05;;
4849943543;nsprjoam;pss32-blmsz-01;och-2-14-l1 och rcv / network:10.26.6.153:shelf-2:slot-14:card:port-l1;pa;belem;91;;los-p;2026-07-26 19:17:04;;
4849943545;nsprjoam;pss32-siskb-04;och-6-10-l1 och rcv / network:10.26.6.243:shelf-6:slot-10:card:port-l1;ma;santa ines;98;;los-p;2026-07-26 19:17:04;;
4849943552;nsprjoam;pss32-sidbr-01;och-1-16-l1 och rcv / network:10.22.105.131:shelf-1:slot-16:card:port-l1;pa;santa maria do para;91;;los-p;2026-07-26 19:17:04;;
4849943498;nsprjoam;pss32-siskb-04;otu-8-31-1 otu4 rcv / network:10.26.6.243:shelf-8:slot-31:card:port-1;ma;santa ines;98;;lof;2026-07-26 19:17:02;;
4849943511;nsprjoam;pss32-siskb-04;otu-11-34-1 otu4 rcv / network:10.26.6.243:shelf-11:slot-34:card:port-1;ma;santa ines;98;;lof;2026-07-26 19:17:02;;
4849943499;nsprjoam;pss32-siskb-04;otu-8-33-1 otu4 rcv / network:10.26.6.243:shelf-8:slot-33:card:port-1;ma;santa ines;98;;lof;2026-07-26 19:17:01;;
4849943515;nsprjoam;pss32-blmsz-01;otuodu4-2-14-l1-ch1 odu4 rcv / network:10.26.6.153:shelf-2:slot-14:card:port-l1;pa;belem;91;;ssfodu;2026-07-26 19:17:01;;
4849943516;nsprjoam;pss32-blmsz-01;otu-5-33-1 otu4 rcv / network:10.26.6.153:shelf-5:slot-33:card:port-1;pa;belem;91;;lof;2026-07-26 19:17:00;;
4849943438;nsprjoam;pss32-blmsz-01;otu-1-23-1 otu4 rcv / network:10.26.6.153:shelf-1:slot-23:card:port-1;pa;belem;91;;lof;2026-07-26 19:17:00;;
4849943440;nsprjoam;pss32-siskb-04;otu-8-27-1 otu4 rcv / network:10.26.6.243:shelf-8:slot-27:card:port-1;ma;santa ines;98;;lof;2026-07-26 19:17:00;;
4849943443;nsprjoam;pss32-blmsz-01;otu-1-6-1 otu4 rcv / network:10.26.6.153:shelf-1:slot-6:card:port-1;pa;belem;91;;lof;2026-07-26 19:17:00;;
4849943445;nsprjoam;pss32-blmsz-01;otu-5-9-1 otu4 rcv / network:10.26.6.153:shelf-5:slot-9:card:port-1;pa;belem;91;;lof;2026-07-26 19:17:00;;
4849943380;nsprjoam;pss32-siskb-04;och-6-16-l1 och rcv / network:10.26.6.243:shelf-6:slot-16:card:port-l1;ma;santa ines;98;;los-p;2026-07-26 19:16:59;;
4849943421;nsprjoam;pss32-blmsz-01;otu-2-14-l1-ch1 otu4 rcv / network:10.26.6.153:shelf-2:slot-14:card:port-l1;pa;belem;91;;lof;2026-07-26 19:16:59;;
4849943424;nsprjoam;pss32-siskb-04;och-11-27-l1 och rcv / network:10.26.6.243:shelf-11:slot-27:card:port-l1;ma;santa ines;98;;los-p;2026-07-26 19:16:59;;
4849943377;nsprjoam;pss32-siskb-04;och-6-12-l1 och rcv / network:10.26.6.243:shelf-6:slot-12:card:port-l1;ma;santa ines;98;;los-p;2026-07-26 19:16:58;;
4849943249;nsprjoam;pss32-slpakb-01;ra2p-4-4-linein ots rcv / network:10.22.105.132:shelf-4:slot-4:card:port-linein;pa;santa luzia do para;91;cjrofj    slpakb    ots   001;hispanloss;2026-07-26 19:16:39;;
4849925265;nsprjoam;pss32-iot0e8-01;ra2p-2-6-linein ots rcv / network:10.26.44.29:shelf-2:slot-6:card:port-linein;am;itacoatiara;92;iot 0e8   mns em    ots   001;los;2026-07-26 18:22:19;;
4849925243;nsprjoam;pss32-iot0e8-01;ipreamp-2-7-lineout ots trmt / network:10.26.44.29:shelf-2:slot-7:card:port-lineout;am;itacoatiara;92;;aprline;2026-07-26 18:22:15;;
4849925244;nsprjoam;pss32-iot0e8-01;ipreamp-2-7-linein ots rcv / network:10.26.44.29:shelf-2:slot-7:card:port-linein;am;itacoatiara;92;;los;2026-07-26 18:22:15;;
4849924919;nsprjoam;pss32-azscl1-01;ra2p-2-6-linein ots rcv / network:10.26.44.28:shelf-2:slot-6:card:port-linein;am;autazes;92;;loramgain;2026-07-26 18:21:30;;
4849922781;nsprjoam;pss64c-pqiafc-01;ahphg-10-2-sig ots trmt / network:10.22.105.146:shelf-10:slot-2:card:port-sig;ma;pequia - acailandia;;;logain;2026-07-26 18:14:25;;
4849915233;nsprjoam;pss32-mnsem-02;s13x100r-1-13 eqpt / network:10.26.21.210:shelf-1:slot-13:card;am;manaus;92;;eqptcard;2026-07-26 17:57:10;;
4849906877;nsprjoam;pss8-mnsem-01;8ec2-1-6-es1 plk rcv / network:10.26.0.207:shelf-1:slot-6:card:port-es1;am;manaus;92;;linkdown;2026-07-26 17:36:52;;
4849902762;nsprjoam;pss32-crncar-01;iroadm-1-4-linein-9310.000 och rcv / network:10.22.8.61:shelf-1:slot-4:card:port-linein;ma;carolina;98;;ochunknown;2026-07-26 17:28:45;;
4849901939;nsprjoam;pss32-rihh01-01;ra2p-1-5-linein ots rcv / network:10.22.8.63:shelf-1:slot-5:card:port-linein;ma;riachao;98;;hispanloss;2026-07-26 17:27:40;;
4849900863;nsprjoam;pss32-crncar-01;ra2p-1-5-linein ots rcv / network:10.22.8.61:shelf-1:slot-5:card:port-linein;ma;carolina;98;;loramgain;2026-07-26 17:25:12;;
4849880796;nsprjoam;pss32-mdwc02-01;ra2p-1-5-linein ots rcv / network:10.26.6.216:shelf-1:slot-5:card:port-linein;pa;medicilandia;91;mdw c02   uaa c01   ots   001;hispanloss;2026-07-26 16:34:32;;
4849880381;nsprjoam;pss32-uaac01-01;ra2p-1-3-linein ots rcv / network:10.26.6.215:shelf-1:slot-3:card:port-linein;pa;uruara;91;mdw c02   uaa c01   ots   001;hispanloss;2026-07-26 16:33:35;;
4850759729;emlaa1;bo26-vntebr-01;gbe10e-1-2-18-l1 gbe10e nend rcv;pa;;;;generic alarm indication signal;2026-07-26 13:17:14;;
4849771347;nsprjoam;wlmetro200_blmsz-01;user:admin com null null null:67042167 / optics:1785076420:user:admin com null null null:67042167;pa;belem;91;;unauthorized access attempt;2026-07-26 11:33:46;;
4849759356;nsprjoam;wlmetro200_blmsz-01;user:admin com null null null:67036421 / optics:1785074317:user:admin com null null null:67036421;pa;belem;91;;unauthorized access attempt;2026-07-26 10:58:39;;
4849755939;nsprjoam;pss32-iot0e8-01;ra2p-1-8-linein ots rcv / network:10.26.44.29:shelf-1:slot-8:card:port-linein;am;itacoatiara;92;;loramgain;2026-07-26 10:48:04;;
4849726812;nsprjoam;pss32-mpagg-01;iroadm-3-2-linein ots rcv / network:10.22.105.188:shelf-3:slot-2:card:port-linein;ap;macapa;96;amm cl2   mpa gg    ots   001;hispanloss;2026-07-26 09:22:09;;
4849625381;nmmaa4;62blmqb_01;r01sr1sl18/port#38-#01-p12mon_vc12;pa;belem;91;blm bs    rjo st    dpdv  0003;ais;2026-07-26 03:31:49;;
4849625382;nmmaa4;62blmqb_01;r01sr1sl18/port#39-#01-p12mon_vc12;pa;belem;91;blm bs    rjo st    dpdv  0001;ais;2026-07-26 03:31:49;;
4849603591;nsprjoam;pss32-mbatm-02;ra2p-4-4-linein ots rcv / network:10.26.15.87:shelf-4:slot-4:card:port-linein;pa;maraba;91;jun n90   mba tm    ots   001;hispanloss;2026-07-26 02:24:17;ral 350532/2026 (2026-07-25 18:27) c.f.(rc/blm /no /net/sg);
4849602139;nsprjoam;pss32-junn90-01;ra2p-3-5-linein ots rcv / network:10.22.105.199:shelf-3:slot-5:card:port-linein;pa;jacunda;91;jun n90   mba tm    ots   001;hispanloss;2026-07-26 02:19:55;ral 350532/2026 (2026-07-25 21:36) c.f.(rc/blm /no /net/sg);
4849514388;nsprjoam;pss32-jippv-01;ra2p-4-5-linein ots rcv / network:10.26.3.153:shelf-4:slot-5:card:port-linein;ro;ji-parana;69;aqs tn    jip pv    ots   001;loramgain;2026-07-25 21:21:22;ral 268381/2026 (2026-07-25 17:16) c.f.(om/pvo /fq /bkb/tx);
4849514287;nmmaa4;62pvofq_02;r01sr1sl17/port#31-#01-p12mon_vc12;ro;porto velho;69;cwl cw    pvo ay    dpdv  0001;ais;2026-07-25 21:11:54;;
4849514288;nmmaa4;62pvofq_02;r01sr1sl17/port#30-#01-p12mon_vc12;ro;porto velho;69;cwl am    pvo ay    dpdv  0001;ais;2026-07-25 21:11:53;;
4849514291;nmmaa4;62pvofq_02;r01sr1sl17/port#51-#01-p12mon_vc12;ro;porto velho;69;jaw v2k   pvo fq it 2m    001;ais;2026-07-25 21:11:53;;
4849514277;nmmaa4;62pvofq_02;r01sr1sl17/port#05-#01-p12mon_vc12;ro;porto velho;69;pvo tr b  vha lc    00031n802;ais;2026-07-25 21:11:52;;
4849514254;nmmaa4;62pvofq_03;r01sr1sl05/port#04-#01-p12mon_vc12;ro;porto velho;69;jip mr    pvo ay    dpdv  0005;ais;2026-07-25 21:11:51;;
4849514255;nmmaa4;62pvofq_03;r01sr1sl05/port#28-#01-p12mon_vc12;ro;porto velho;69;jip mr    pvo ay    dpdv  0021;ais;2026-07-25 21:11:51;;
4849514257;nmmaa4;62pvofq_03;r01sr1sl05/port#19-#01-p12mon_vc12;ro;porto velho;69;jip mr    pvo ay    dpdv  0001;ais;2026-07-25 21:11:51;;
4849514258;nmmaa4;62pvofq_03;r01sr1sl05/port#40-#01-p12mon_vc12;ro;porto velho;69;jip       pvo fq    dpdv  0001;ais;2026-07-25 21:11:51;;
4849514259;nmmaa4;62pvofq_03;r01sr1sl05/port#05-#01-p12mon_vc12;ro;porto velho;69;jip mr    pvo ay    dpdv  0007;ais;2026-07-25 21:11:51;;
4849514262;nmmaa4;62pvofq_03;r01sr1sl05/port#32-#01-p12mon_vc12;ro;porto velho;69;jip mr    pvo ay    dpdv  0077;ais;2026-07-25 21:11:51;;
4849514263;nmmaa4;62pvofq_03;r01sr1sl05/port#14-#01-p12mon_vc12;ro;porto velho;69;jip mr    pvo ay    dpdv  0011;ais;2026-07-25 21:11:51;;
4849514256;nmmaa4;62pvofq_03;r01sr1sl05/port#13-#01-p12mon_vc12;ro;porto velho;69;jaw kb    pvo fq    2mger 001;ais;2026-07-25 21:11:50;;
4849514260;nmmaa4;62pvofq_03;r01sr1sl05/port#26-#01-p12mon_vc12;ro;porto velho;69;jip mr    pvo fq    dpdv  0003;ais;2026-07-25 21:11:50;;
4849514261;nmmaa4;62pvofq_03;r01sr1sl05/port#29-#01-p12mon_vc12;ro;porto velho;69;jip mr    pvo ay    dpdv  0029;ais;2026-07-25 21:11:50;;
4849514264;nmmaa4;62pvofq_03;r01sr1sl05/port#35-#01-p12mon_vc12;ro;porto velho;69;jip mr    pvo ay    dpdv  0019;ais;2026-07-25 21:11:50;;
4849514265;nmmaa4;62pvofq_03;r01sr1sl05/port#17-#01-p12mon_vc12;ro;porto velho;69;jip mr    pvo ay    dpdv  0037;ais;2026-07-25 21:11:50;;
4849514267;nmmaa4;62pvofq_03;r01sr1sl05/port#27-#01-p12mon_vc12;ro;porto velho;69;jip mr    pvo ay    dpdv  0009;ais;2026-07-25 21:11:50;;
4849514268;nmmaa4;62pvofq_03;r01sr1sl05/port#12-#01-p12mon_vc12;ro;porto velho;69;cwl pvo fq 02048k 001 - pv 12 / fq 12;ais;2026-07-25 21:11:50;;
4849514272;nmmaa4;62pvofq_03;r01sr1sl05/port#21-#01-p12mon_vc12;ro;porto velho;69;jip mr    pvo ay    dpdv  0003;ais;2026-07-25 21:11:50;;
4849514266;nmmaa4;62pvofq_03;r01sr1sl05/port#41-#01-p12mon_vc12;ro;porto velho;69;opo sp    pvo fq    2mger 001;ais;2026-07-25 21:11:49;;
4849514269;nmmaa4;62pvofq_03;r01sr1sl05/port#18-#01-p12mon_vc12;ro;porto velho;69;jip mr    pvo ay    dpdv  0035;ais;2026-07-25 21:11:49;;
4849514275;nmmaa4;62pvofq_03;r01sr1sl05/port#42-#01-p12mon_vc12;ro;porto velho;69;pvo fq    jip       dpdv  0008;ais;2026-07-25 21:11:49;;
4849464383;nsprjoam;pss32-pvofq-01;130snx10-9-16-c7-1 odu2 trmt / network:10.26.6.187:shelf-9:slot-16:card:port-c7;ro;porto velho;69;;lckegr;2026-07-25 18:14:07;;
4849433522;nmmaa4;60itzrc_01;;ma;imperatriz;98;;node isolation;2026-07-25 16:25:27;;
4849431581;nmmaa4;62itzrc_01;;ma;imperatriz;98;;node isolation;2026-07-25 16:18:12;;
4849407470;nsprjoam;pss32-atmac-01;130scx10-1-16-c5-1 odu2 trmt / network:10.22.105.190:shelf-1:slot-16:card:port-c5;pa;altamira;91;;ociegr;2026-07-25 15:15:10;;
4849407468;nsprjoam;pss32-ammiso-01;130scx10-3-16-c5-1 odu2 trmt / network:10.22.105.185:shelf-3:slot-16:card:port-c5;pa;almeirim;91;;ociegr;2026-07-25 15:15:08;;
4849407467;nsprjoam;pss32-atmac-01;130scx10-2-16-c5-1 odu2 rcv / network:10.22.105.190:shelf-2:slot-16:card:port-c5;pa;altamira;91;;oci;2026-07-25 15:15:07;;
4849406655;nsprjoam;pss32-atmac-01;odu2e-1-13-c2 odu2e rcv / network:10.22.105.190:shelf-1:slot-13:card:port-c2;pa;altamira;91;;oci;2026-07-25 15:13:02;;
4849404022;nsprjoam;pss32-pmziso-01;iroadm-2-5-lineout-9440.000 och trmt / network:10.22.105.191:shelf-2:slot-5:card:port-lineout;pa;porto de moz;91;;los;2026-07-25 15:04:00;;
4849404023;nsprjoam;pss32-pmziso-01;iroadm-2-5-lineout-9350.000 och trmt / network:10.22.105.191:shelf-2:slot-5:card:port-lineout;pa;porto de moz;91;;los;2026-07-25 15:04:00;;
4849404021;nsprjoam;pss32-ammiso-01;iroadm-3-2-linein ots rcv / network:10.22.105.185:shelf-3:slot-2:card:port-linein;pa;almeirim;91;amm iso   vtxuviv   ots   001;hispanloss;2026-07-25 15:03:56;ral 391100/2026 (2026-07-23 15:26) c.f.(rc/blm /no /net/sg);
4849403923;nsprjoam;pss32-pmziso-01;iroadm-1-5-lineout-9350.000 och trmt / network:10.22.105.191:shelf-1:slot-5:card:port-lineout;pa;porto de moz;91;;los;2026-07-25 15:03:42;;
4849403926;nsprjoam;pss32-anayviv-01;iroadm-2-2-lineout-9350.000 och trmt / network:10.22.105.192:shelf-2:slot-2:card:port-lineout;pa;anapu;91;;los;2026-07-25 15:03:42;;
4849403927;nsprjoam;pss32-anayviv-01;iroadm-2-2-lineout-9440.000 och trmt / network:10.22.105.192:shelf-2:slot-2:card:port-lineout;pa;anapu;91;;los;2026-07-25 15:03:42;;
4849379424;nmmaa4;60pvofq_02;r01sr1sl03/port#002-msttp-pmne1d;ro;porto velho;69;;unavailable time;2026-07-25 13:30:34;;
4849379425;nmmaa4;60pvofq_02;r01sr1sl03/port#002-msttp-pmnetr15;ro;porto velho;69;;unavailable time;2026-07-25 13:30:33;;
4849379423;nmmaa4;60pvofq_02;r01sr1sl23/port#011-#3-2-3-tu12-tme;ro;porto velho;69;;unequipped;2026-07-25 13:30:30;;
4849379421;nmmaa4;60pvofq_02;r01sr1sl34/port#001-#22-au4p-tcme;ro;porto velho;69;pvo fqlinespo mblinevc4s  001;unequipped;2026-07-25 13:30:25;;
4849379415;nmmaa4;60pvofq_02;r01sr1sl03/port#003-els;ro;porto velho;69;;loss of signal;2026-07-25 13:30:24;;
4849379416;nmmaa4;60pvofq_02;r01sr1sl03/port#005-els;ro;porto velho;69;;loss of signal;2026-07-25 13:30:24;;
4849379417;nmmaa4;60pvofq_02;r01sr1sl03/port#006-els;ro;porto velho;69;;loss of signal;2026-07-25 13:30:24;;
4849379418;nmmaa4;60pvofq_02;r01sr1sl03/port#008-els;ro;porto velho;69;;loss of signal;2026-07-25 13:30:24;;
4849379419;nmmaa4;60pvofq_02;r01sr1sl03/port#011-els;ro;porto velho;69;;loss of signal;2026-07-25 13:30:24;;
4849379414;nmmaa4;60pvofq_02;r01sr1sl03/port#002-els;ro;porto velho;69;;loss of signal;2026-07-25 13:30:23;;
4849378835;nmmaa4;60pvofq_02;r01sr1sl07/daughter#02;ro;porto velho;69;;replaceable unit missing;2026-07-25 13:29:56;;
4849378834;nmmaa4;60pvofq_02;r01sr1sl06/daughter#04;ro;porto velho;69;;replaceable unit missing;2026-07-25 13:29:55;;
4849355659;nsprjoam;pss32-iotc90-01;iroadm-1-6-oscsfp ots rcv / network:10.26.44.30:shelf-1:slot-6:card:port-oscsfp;am;itacoatiara;92;;los-o;2026-07-25 12:25:46;;
4849351620;nsprjoam;pss32-ixt0dy-01;iroadm-1-7-oscsfp ots rcv / network:10.22.105.178:shelf-1:slot-7:card:port-oscsfp;am;itapiranga;92;;los-o;2026-07-25 12:14:50;;
4849350910;nsprjoam;pss32-iotc90-01;ra2p-1-7-linein ots rcv / network:10.26.44.30:shelf-1:slot-7:card:port-linein;am;itacoatiara;92;iot c90   ixt 0dy   ots   002;hispanloss;2026-07-25 12:12:18;ral 241535/2026 (2026-07-25 08:14) c.f.(om/mns /lm /bkb/tx);
4849348622;nsprjoam;pss32-ixt0dy-01;ra2p-1-8-linein ots rcv / network:10.22.105.178:shelf-1:slot-8:card:port-linein;am;itapiranga;92;iot c90   ixt 0dy   ots   002;loramgain;2026-07-25 12:04:34;ral 241535/2026 (2026-07-21 14:00) c.f.(om/mns /lm /bkb/tx);
4849316433;nsprjoam;pss64-pvofq-01#ocs;otuodu2-1-1-1-1 odu2 nend rcv / network:10.26.31.92:shelf-1:slot-1:card:port-1;ro;porto velho;69;;oci;2026-07-25 10:17:56;;
4849317794;nmmaa4;60pvofq_01;;ro;porto velho;69;;ne notification flooding;2026-07-25 10:11:55;;
4849317665;nmmaa4;60jippv_01;;ro;ji-parana;69;;ne notification flooding;2026-07-25 10:11:50;;
4850762026;emlaa1;lm26-blmqb-01;psup-1-1-21 eqpt nend;pa;belem;91;;the unit temperature exceeds the high threshold value;2026-07-25 00:36:42;;
4849143737;nsprjoam;pss32-itzrc-03;ra2p-7-5-linein ots rcv / network:10.22.105.157:shelf-7:slot-5:card:port-linein;ma;imperatriz;98;agnpfc    itz rc    ots   001;loramgain;2026-07-25 00:31:31;;
4849136609;nsprjoam;pss32-junn90-01;slot-1-40 env / network:10.22.105.199:shelf-1:slot-40;pa;jacunda;91;;env-2;2026-07-25 00:07:30;;
4849090342;nsprjoam;pss32-cos01-01;ra2p-1-5-linein ots rcv / network:10.22.8.72:shelf-1:slot-5:card:port-linein;ma;colinas;98;cos 01    pdu 010   ots   001;loramgain;2026-07-24 21:43:58;;
4849089896;nsprjoam;pss32-pdu010-01;ra2p-1-3-linein ots rcv / network:10.22.8.73:shelf-1:slot-3:card:port-linein;ma;presidente dutra;98;cos 01    pdu 010   ots   001;hispanloss;2026-07-24 21:43:07;;
4849059786;nsprjoam;pss32-moj0dy-01;ra2p-1-4-linein ots rcv / network:10.22.105.197:shelf-1:slot-4:card:port-linein;pa;moju;91;moj 0dy   tla viv   ots   001;loramgain;2026-07-24 19:58:25;ral 448268/2026;
4849024487;nsprjoam;pss32-gopatim-02;ra2p-4-3-linein ots rcv / network:10.26.44.1:shelf-4:slot-3:card:port-linein;pa;goianesia do para;91;gopatim   tla viv   ots   001;hispanloss;2026-07-24 18:12:29;ral 455010/2026;
4849003904;nsprjoam;pss32-aqstn-01;130snx10-6-7:66494452 / optics:1784924656:130snx10-6-7:66494452;ro;ariquemes;69;;discovermod;2026-07-24 17:24:25;;
4849003905;nsprjoam;pss32-pbwbrp-01;130snx10-6-7:66494524 / optics:1784924658:130snx10-6-7:66494524;ro;pimenta bueno;69;;discovermod;2026-07-24 17:24:25;;
4849003901;nsprjoam;pss32-vhacc-01;130snx10-7-7:66494515 / optics:1784924657:130snx10-7-7:66494515;ro;vilhena;69;;discovermod;2026-07-24 17:24:24;;
4849003902;nsprjoam;pss32-jippv-01;130snx10-6-7:66494436 / optics:1784924656:130snx10-6-7:66494436;ro;ji-parana;69;;discovermod;2026-07-24 17:24:24;;
4849003906;nsprjoam;pss32-jippv-01;130snx10-7-7:66494444 / optics:1784924656:130snx10-7-7:66494444;ro;ji-parana;69;;discovermod;2026-07-24 17:24:24;;
4849003903;nsprjoam;pss32-pbwbrp-01;130snx10-7-7:66494532 / optics:1784924658:130snx10-7-7:66494532;ro;pimenta bueno;69;;discovermod;2026-07-24 17:24:23;;
4849001922;nsprjoam;pss32-pbwbrp-01;130snx10-6-7-c1 oc192stm64 rcv / network:10.26.3.154:shelf-6:slot-7:card:port-c1;ro;pimenta bueno;69;;lof;2026-07-24 17:20:45;;
4849001688;nsprjoam;pss32-vhacc-01;130snx10-7-7-c1 oc192stm64 rcv / network:10.26.3.155:shelf-7:slot-7:card:port-c1;ro;vilhena;69;;lof;2026-07-24 17:20:00;;
4849000013;nsprjoam;pss32-jippv-01;130snx10-6-7-c1 oc192stm64 rcv / network:10.26.3.153:shelf-6:slot-7:card:port-c1;ro;ji-parana;69;;los;2026-07-24 17:16:09;;
4849000009;nsprjoam;pss8-tpuor-02;aswg-1-2-oscsfp ots rcv / network:10.26.6.196:shelf-1:slot-2:card:port-oscsfp;am;tapaua;92;;ospfadj;2026-07-24 17:16:06;;
4848999727;nsprjoam;pss8-tpujb-02;aswg-1-4-oscsfp ots rcv / network:10.26.6.195:shelf-1:slot-4:card:port-oscsfp;am;tapaua;92;;ospfadj;2026-07-24 17:15:14;;
4848995513;nsprjoam;pss32-pvofq-01;130snx10-9-16:66491878 / optics:1784923454:130snx10-9-16:66491878;ro;porto velho;69;;discovermod;2026-07-24 17:04:19;;
4848995512;nsprjoam;pss32-pvofq-01;130snx10-9-16:66491868 / optics:1784923454:130snx10-9-16:66491868;ro;porto velho;69;;discovermod;2026-07-24 17:04:18;;
4848995514;nsprjoam;pss32-aqstn-01;130snx10-5-10:66491860 / optics:1784923454:130snx10-5-10:66491860;ro;ariquemes;69;;discovermod;2026-07-24 17:04:18;;
4848983484;nsprjoam;pss32-pbwbrp-01;130snx10-6-7:66487470 / optics:1784921663:130snx10-6-7:66487470;ro;pimenta bueno;69;;discovermod;2026-07-24 16:34:32;;
4848983482;nsprjoam;pss32-pbwbrp-01;130snx10-7-7:66487480 / optics:1784921663:130snx10-7-7:66487480;ro;pimenta bueno;69;;discovermod;2026-07-24 16:34:31;;
4848983483;nsprjoam;pss32-vhacc-01;130snx10-7-7:66487499 / optics:1784921664:130snx10-7-7:66487499;ro;vilhena;69;;discovermod;2026-07-24 16:34:31;;
4848983486;nsprjoam;pss32-vhacc-01;130snx10-7-7:66487505 / optics:1784921664:130snx10-7-7:66487505;ro;vilhena;69;;discovermod;2026-07-24 16:34:31;;
4848973890;nsprjoam;pss32-aqstn-01;130snx10-5-10:66482889 / optics:1784920154:130snx10-5-10:66482889;ro;ariquemes;69;;discovermod;2026-07-24 16:09:16;;
4848972233;nsprjoam;pss32-aqstn-01;130snx10-5-10:66482426 / optics:1784919855:130snx10-5-10:66482426;ro;ariquemes;69;;discovermod;2026-07-24 16:04:26;;
4848892996;nsprjoam;pss32-beltsea-01;ra2p-1-3-linein ots rcv / network:10.26.6.212:shelf-1:slot-3:card:port-linein;pa;belterra;91;beltsea   rri c02   ots   001;loramgain;2026-07-24 12:33:31;;
4848892304;nsprjoam;pss32-rric02-01;ra2p-1-5-linein ots rcv / network:10.26.6.213:shelf-1:slot-5:card:port-linein;pa;ruropolis;91;beltsea   rri c02   ots   001;hispanloss;2026-07-24 12:31:39;;
4848990129;nmmaa4;60pvofq_01;r01sr1sl23/port#003-#1-1-1-tu12-tme;ro;porto velho;69;;server signal failure;2026-07-24 11:41:22;;
4848990130;nmmaa4;60pvofq_01;r01sr1sl23/port#005-#2-7-2-tu12-tme;ro;porto velho;69;;server signal failure;2026-07-24 11:41:17;;
4848990131;nmmaa4;60pvofq_01;r01sr1sl23/port#003-#2-2-3-tu12-tme;ro;porto velho;69;;server signal failure;2026-07-24 11:41:17;;
4848990149;nmmaa4;60pvofq_01;r01sr1sl23/port#006-#2-3-3-tu12-tme;ro;porto velho;69;;server signal failure;2026-07-24 11:41:13;;
4848990150;nmmaa4;60pvofq_01;r01sr1sl23/port#006-#2-3-2-tu12-tme;ro;porto velho;69;;server signal failure;2026-07-24 11:41:13;;
4848990152;nmmaa4;60pvofq_01;r01sr1sl23/port#006-#3-2-2-tu12-tme;ro;porto velho;69;;server signal failure;2026-07-24 11:41:13;;
4848990157;nmmaa4;60pvofq_01;r01sr1sl23/port#006-#2-7-3-tu12-tme;ro;porto velho;69;;server signal failure;2026-07-24 11:41:13;;
4848990160;nmmaa4;60pvofq_01;r01sr1sl23/port#006-#2-6-3-tu12-tme;ro;porto velho;69;;server signal failure;2026-07-24 11:41:13;;
4848990161;nmmaa4;60pvofq_01;r01sr1sl23/port#006-#2-6-2-tu12-tme;ro;porto velho;69;;server signal failure;2026-07-24 11:41:13;;
4848990132;nmmaa4;60pvofq_01;r01sr1sl23/port#006-#2-2-3-tu12-tme;ro;porto velho;69;;server signal failure;2026-07-24 11:41:12;;
4848990133;nmmaa4;60pvofq_01;r01sr1sl23/port#006-#2-2-2-tu12-tme;ro;porto velho;69;;server signal failure;2026-07-24 11:41:12;;
4848990134;nmmaa4;60pvofq_01;r01sr1sl23/port#006-#2-2-1-tu12-tme;ro;porto velho;69;;server signal failure;2026-07-24 11:41:12;;
4848990136;nmmaa4;60pvofq_01;r01sr1sl23/port#006-#2-1-2-tu12-tme;ro;porto velho;69;;server signal failure;2026-07-24 11:41:12;;
4848990137;nmmaa4;60pvofq_01;r01sr1sl23/port#006-#2-1-1-tu12-tme;ro;porto velho;69;;server signal failure;2026-07-24 11:41:12;;
4848990138;nmmaa4;60pvofq_01;r01sr1sl23/port#006-#1-7-3-tu12-tme;ro;porto velho;69;;server signal failure;2026-07-24 11:41:12;;
4848990141;nmmaa4;60pvofq_01;r01sr1sl23/port#006-#1-6-3-tu12-tme;ro;porto velho;69;;server signal failure;2026-07-24 11:41:12;;
4848990142;nmmaa4;60pvofq_01;r01sr1sl23/port#006-#2-6-1-tu12-tme;ro;porto velho;69;;server signal failure;2026-07-24 11:41:12;;
4848990143;nmmaa4;60pvofq_01;r01sr1sl23/port#006-#2-5-3-tu12-tme;ro;porto velho;69;;server signal failure;2026-07-24 11:41:12;;
4848990144;nmmaa4;60pvofq_01;r01sr1sl23/port#006-#2-5-2-tu12-tme;ro;porto velho;69;;server signal failure;2026-07-24 11:41:12;;
4848990145;nmmaa4;60pvofq_01;r01sr1sl23/port#006-#2-5-1-tu12-tme;ro;porto velho;69;;server signal failure;2026-07-24 11:41:12;;
4848990147;nmmaa4;60pvofq_01;r01sr1sl23/port#006-#2-4-2-tu12-tme;ro;porto velho;69;;server signal failure;2026-07-24 11:41:12;;
4848990148;nmmaa4;60pvofq_01;r01sr1sl23/port#006-#2-4-1-tu12-tme;ro;porto velho;69;;server signal failure;2026-07-24 11:41:12;;
4848990153;nmmaa4;60pvofq_01;r01sr1sl23/port#006-#3-2-1-tu12-tme;ro;porto velho;69;;server signal failure;2026-07-24 11:41:12;;
4848990154;nmmaa4;60pvofq_01;r01sr1sl23/port#006-#3-1-3-tu12-tme;ro;porto velho;69;;server signal failure;2026-07-24 11:41:12;;
4848990155;nmmaa4;60pvofq_01;r01sr1sl23/port#006-#3-1-2-tu12-tme;ro;porto velho;69;;server signal failure;2026-07-24 11:41:12;;
4848990156;nmmaa4;60pvofq_01;r01sr1sl23/port#006-#3-1-1-tu12-tme;ro;porto velho;69;;server signal failure;2026-07-24 11:41:12;;
4848990158;nmmaa4;60pvofq_01;r01sr1sl23/port#006-#2-7-2-tu12-tme;ro;porto velho;69;;server signal failure;2026-07-24 11:41:12;;
4848990162;nmmaa4;60pvofq_01;r01sr1sl23/port#006-#3-4-3-tu12-tme;ro;porto velho;69;;server signal failure;2026-07-24 11:41:12;;
4848990163;nmmaa4;60pvofq_01;r01sr1sl23/port#006-#3-4-2-tu12-tme;ro;porto velho;69;;server signal failure;2026-07-24 11:41:12;;
4848990164;nmmaa4;60pvofq_01;r01sr1sl23/port#006-#3-4-1-tu12-tme;ro;porto velho;69;;server signal failure;2026-07-24 11:41:12;;
4848990165;nmmaa4;60pvofq_01;r01sr1sl23/port#006-#3-3-3-tu12-tme;ro;porto velho;69;;server signal failure;2026-07-24 11:41:12;;
4848990166;nmmaa4;60pvofq_01;r01sr1sl23/port#006-#3-3-2-tu12-tme;ro;porto velho;69;;server signal failure;2026-07-24 11:41:12;;
4848990167;nmmaa4;60pvofq_01;r01sr1sl23/port#006-#3-3-1-tu12-tme;ro;porto velho;69;;server signal failure;2026-07-24 11:41:12;;
4848990168;nmmaa4;60pvofq_01;r01sr1sl23/port#006-#3-2-3-tu12-tme;ro;porto velho;69;;server signal failure;2026-07-24 11:41:12;;
4848990135;nmmaa4;60pvofq_01;r01sr1sl23/port#006-#2-1-3-tu12-tme;ro;porto velho;69;;server signal failure;2026-07-24 11:41:11;;
4848990139;nmmaa4;60pvofq_01;r01sr1sl23/port#006-#1-7-2-tu12-tme;ro;porto velho;69;;server signal failure;2026-07-24 11:41:11;;
4848990140;nmmaa4;60pvofq_01;r01sr1sl23/port#006-#1-7-1-tu12-tme;ro;porto velho;69;;server signal failure;2026-07-24 11:41:11;;
4848990146;nmmaa4;60pvofq_01;r01sr1sl23/port#006-#2-4-3-tu12-tme;ro;porto velho;69;;server signal failure;2026-07-24 11:41:11;;
4848990151;nmmaa4;60pvofq_01;r01sr1sl23/port#006-#2-3-1-tu12-tme;ro;porto velho;69;;server signal failure;2026-07-24 11:41:11;;
4848990159;nmmaa4;60pvofq_01;r01sr1sl23/port#006-#2-7-1-tu12-tme;ro;porto velho;69;;server signal failure;2026-07-24 11:41:11;;
4848821518;nsprjoam;pss32-plkaplc-02;32ec2-3-18-es2 plk rcv / network:10.26.44.22:shelf-3:slot-18:card:port-es2;pa;placas;91;;linkdown;2026-07-24 09:25:13;;
4848786060;nsprjoam;pss32-vtxuviv-01;iroadm-2-5-lineout-9440.000 och trmt / network:10.22.105.189:shelf-2:slot-5:card:port-lineout;pa;vitoria do xingu;91;;los;2026-07-24 07:39:58;;
4848785192;nsprjoam;pss32-anayviv-01;130scx10-1-16-c5-1 odu2 trmt / network:10.22.105.192:shelf-1:slot-16:card:port-c5;pa;anapu;91;;ociegr;2026-07-24 07:36:57;;
4848785188;nsprjoam;pss32-anayviv-01;130scx10-2-16-c5-1 odu2 rcv / network:10.22.105.192:shelf-2:slot-16:card:port-c5;pa;anapu;91;;oci;2026-07-24 07:36:54;;
4848783310;nsprjoam;pss32-pcjviv-01;iroadm-2-2-lineout-9350.000 och trmt / network:10.22.105.193:shelf-2:slot-2:card:port-lineout;pa;pacaja;91;;los;2026-07-24 07:30:44;;
4848783311;nsprjoam;pss32-pcjviv-01;iroadm-2-2-lineout-9440.000 och trmt / network:10.22.105.193:shelf-2:slot-2:card:port-lineout;pa;pacaja;91;;los;2026-07-24 07:30:44;;
4848774426;nsprjoam;pss32-anayviv-01;130scx10-2-16-c8 10gbe rcv / network:10.22.105.192:shelf-2:slot-16:card:port-c8;pa;anapu;91;;lanlss;2026-07-24 07:01:20;;
4848774050;nsprjoam;pss32-anayviv-01;iroadm-1-2-lineout-9350.000 och trmt / network:10.22.105.192:shelf-1:slot-2:card:port-lineout;pa;anapu;91;;los;2026-07-24 06:59:48;;
4848694916;nsprjoam;pss32-ammiso-01;iroadm-1-2-lineout-9440.000 och trmt / network:10.22.105.185:shelf-1:slot-2:card:port-lineout;pa;almeirim;91;;los;2026-07-24 02:04:21;;
4848559755;nmmaa4;62pvofq_03;r01sr1sl03/port#34-p;ro;porto velho;69;bsa 0aw   pvo al    dpdv  0003;loss of signal;2026-07-23 17:49:24;;
4848528595;nsprjoam;pss8-agancl1-01;ahphg-1-4:66090368 / optics:1784834848:ahphg-1-4:66090368;pa;agua azul do norte;91;;manreset;2026-07-23 16:27:37;;
4848528596;nsprjoam;pss8-agancl1-01;ahphg-1-2:66090369 / optics:1784834849:ahphg-1-2:66090369;pa;agua azul do norte;91;;manreset;2026-07-23 16:27:36;;
4848524025;nsprjoam;pss32-tesa0e2-01;iroadm-2-5-linein ots rcv / network:10.22.105.180:shelf-2:slot-5:card:port-linein;pa;terra santa;91;oxa iso   tesa0e2   ots   001;degtrans;2026-07-23 16:15:17;;
4848524024;nsprjoam;pss32-tesa0e2-01;irdm20-2-5 eqpt / network:10.22.105.180:shelf-2:slot-5:card;pa;terra santa;91;;eqptaccessdgr;2026-07-23 16:15:16;;
4848507320;emlaa1;lm26-cxuabr-02;odu2-1-2-13-l1 odu2 nend rcv;ma;caxuxa - alto alegre do maranhao;;;sdh signal degrade (ber);2026-07-23 15:29:08;;
4848505405;nsprjoam;pss32-srmsp-01;ra2p-2-5-linein ots rcv / network:10.26.6.211:shelf-2:slot-5:card:port-linein;pa;santarem;91;mng gmn   srm sp    ots   001;loramgain;2026-07-23 15:27:58;;
4848368208;nsprjoam;pss32-uaac01-01;slot-1-40 env / network:10.26.6.215:shelf-1:slot-40;pa;uruara;91;;env-8;2026-07-23 09:20:18;;
4848336036;nsprjoam;pss32-vhacc-01;fan-8-37 eqpt / network:10.26.3.155:shelf-8:slot-37:card;ro;vilhena;69;;eqptcard;2026-07-23 07:47:14;;
4848322978;emlaa1;lm26-pqiafc-01;;ma;pequia - acailandia;;;node isolation;2026-07-23 07:11:57;;
4848215619;emlaa1;lm26-pqiafc-01;otu-1-1-14-l1 otu nend rcv;ma;pequia - acailandia;;;loss of frame;2026-07-23 00:41:02;;
4848171898;nsprjoam;pss32-iotviv-01;iroadm-1-2-lineout-9440.000 och trmt / network:10.22.140.42:shelf-1:slot-2:card:port-lineout;am;itacoatiara;92;;los;2026-07-22 22:33:11;;
4848171899;nsprjoam;pss32-mnssew-01;iroadm-1-6-lineout-9440.000 och trmt / network:10.22.140.40:shelf-1:slot-6:card:port-lineout;am;manaus;92;;los;2026-07-22 22:33:11;;
4848165061;emlaa1;lm26-pqiafc-01;odu1-1-1-14-l1-1 odu1 nend rcv;ma;pequia - acailandia;;;server signal failure;2026-07-22 21:59:51;;
4848150116;emlaa1;lm26-pqiafc-01;cbr10g-1-1-16-l1 cbr10g nend rcv;ma;pequia - acailandia;;;generic alarm indication signal;2026-07-22 21:08:28;;
4848103755;nmmaa4;60cxymq_01;r01sr1sl34/port#001-#0001-msdc;am;careiro;92;;communications subsystem failure;2026-07-22 18:43:43;;
4848103749;nmmaa4;62hutsu_01;r01sr1sl11/port#01-msttp-pmnetr15;am;humaita;92;cxy mqlinehut suline16s   601;unavailable time;2026-07-22 18:42:33;ral 452393/2026;
4848103750;nmmaa4;62hutsu_01;r01sr1sl11/port#01-msttp-pmne1d;am;humaita;92;cxy mqlinehut suline16s   601;unavailable time;2026-07-22 18:42:33;ral 452393/2026;
4848103747;nmmaa4;62hutsu_01;r01sr1sl11/port#01-#0001-msdc;am;humaita;92;;communications subsystem failure;2026-07-22 18:42:30;;
4848084346;nsprjoam;pss36-rborb-01#ocs;node eqpt / network:10.26.31.197;ac;rio branco;68;;node isolation;2026-07-22 17:55:47;;
4848081496;nsprjoam;wlmux16_rboai-01;node eqpt / network:10.22.126.4;ac;rio branco;68;;node isolation;2026-07-22 17:47:45;;
4848080924;nsprjoam;wlmux16_rborb-01;node eqpt / network:10.22.126.2;ac;rio branco;68;;node isolation;2026-07-22 17:46:16;;
4848067222;nsprjoam;pss32-vhacc-01;pf-8-36 eqpt / network:10.26.3.155:shelf-8:slot-36:card;ro;vilhena;69;;suspectclkfreq;2026-07-22 17:10:11;;
4848067122;nsprjoam;pss32-vhacc-01;pf-8-19 eqpt / network:10.26.3.155:shelf-8:slot-19:card;ro;vilhena;69;;suspectclkfreq;2026-07-22 17:10:09;;
4848037146;emlaa1;lm26-pqiafc-01;cbr2g5-1-1-14-c4 cbr2g5 nend rcv;ma;pequia - acailandia;;;generic alarm indication signal;2026-07-22 15:53:44;;
4848037142;emlaa1;lm26-pqiafc-01;cbr2g5-1-1-14-l1-2 cbr2g5 nend rcv;ma;pequia - acailandia;;;server signal failure;2026-07-22 15:53:39;;
4848037144;emlaa1;lm26-pqiafc-01;cbr2g5-1-1-14-l1-4 cbr2g5 nend rcv;ma;pequia - acailandia;;;server signal failure;2026-07-22 15:53:39;;
4848010014;nsprjoam;pss64c-cxuabr-01;am2125b-5-3-lineout-9450.000 och trmt / network:10.22.105.147:shelf-5:slot-3:card:port-lineout;ma;caxuxa - alto alegre do maranhao;;;los;2026-07-22 15:03:15;;
4847982854;nsprjoam;pss32-mnshz-01;eml_104_sna:pss32-mnshz-01:d5x500-7-11-c1:65728850 / optics:1784738749:eml_104_sna:pss32-mnshz-01:d5x500-7-11-c1:65728850;am;manaus;92;;testsignal loopback;2026-07-22 13:46:01;;
4847981379;nsprjoam;pss32-mpagg-01;eml_304_sna:pss32-mpagg-01:d5x500-1-12-c1:65727852 / optics:1784738449:eml_304_sna:pss32-mpagg-01:d5x500-1-12-c1:65727852;ap;macapa;96;;testsignal loopback;2026-07-22 13:40:49;;
4847963858;emlaa1;bo26-bblfo-01;trbd-1-2-18 eqpt nend;ma;bacabal;98;;the unit temperature exceeds the high threshold value;2026-07-22 12:31:10;;
4847960251;nsprjoam;pss64c-siskb-01#ocs;130scup-1-1-15 eqpt nend / network:10.22.104.9:shelf-1:slot-15:card;ma;santa ines;98;;hwmcpf;2026-07-22 12:29:50;;
4847938394;nsprjoam;pss32-styoi-01;am2125b-1-6 eqpt / network:10.26.12.175:shelf-1:slot-6:card;ma;santa rita;98;;inttemphigh;2026-07-22 11:27:17;;
4847934319;nsprjoam;pss32-styoi-01;am2125b-1-13 eqpt / network:10.26.12.175:shelf-1:slot-13:card;ma;santa rita;98;;inttemphigh;2026-07-22 11:16:54;;
4847930545;nsprjoam;pss32-styoi-01;am2625a-1-4 eqpt / network:10.26.12.175:shelf-1:slot-4:card;ma;santa rita;98;;inttemphigh;2026-07-22 11:08:29;;
4847904001;nsprjoam;pss32-styoi-01;am2125b-1-14 eqpt / network:10.26.12.175:shelf-1:slot-14:card;ma;santa rita;98;;inttemphigh;2026-07-22 09:48:03;;
4847839165;nsprjoam;pss8-chiacl1-01;ahphg-1-2-sig ots trmt / network:10.26.6.244:shelf-1:slot-2:card:port-sig;pa;cachoeira do piria;91;;los-out;2026-07-22 06:38:47;;
4848507319;emlaa1;lm26-cxuabr-02;trbdport-1-1-14-c1-in eqpt nend;ma;caxuxa - alto alegre do maranhao;;;power loss;2026-07-21 19:18:39;;
4848507316;emlaa1;lm26-cxuabr-02;och-1-1-17-c1 och nend rcv;ma;caxuxa - alto alegre do maranhao;;cxuabr    cxuabr    tpondr006;loss of signal;2026-07-21 19:16:48;;
4848507317;emlaa1;lm26-cxuabr-02;trbdport-1-1-17-c1-in eqpt nend;ma;caxuxa - alto alegre do maranhao;;;power loss;2026-07-21 19:16:47;;
4848325380;emlaa1;lm26-cxuabr-01;trbd-1-1-17 eqpt nend;ma;caxuxa - alto alegre do maranhao;;;hardware failure;2026-07-21 18:44:46;;
4848325377;emlaa1;lm26-cxuabr-01;odu2-1-1-17-l1 odu2 nend;ma;caxuxa - alto alegre do maranhao;;;server signal failure;2026-07-21 18:44:45;;
4848325378;emlaa1;lm26-cxuabr-01;och-1-1-17-l1 och nend;ma;caxuxa - alto alegre do maranhao;;autodisc-lm26-cxuabr-01/trbd1111-och-1-1-17-l1_cmdx1010-omsochif-1-1-19-c7;underlying resource is unavailable;2026-07-21 18:44:45;;
4848507315;emlaa1;lm26-cxuabr-02;otu-1-1-15-l1 otu nend rcv;ma;caxuxa - alto alegre do maranhao;;;low threshold correction error rate;2026-07-21 18:05:03;;
4848507313;emlaa1;lm26-cxuabr-02;otu-1-2-16-l1 otu nend rcv;ma;caxuxa - alto alegre do maranhao;;;sdh signal degrade (ber);2026-07-21 17:45:29;;
4848507314;emlaa1;lm26-cxuabr-02;otu-1-2-13-l1 otu nend rcv;ma;caxuxa - alto alegre do maranhao;;;sdh signal degrade (ber);2026-07-21 17:45:29;;
4848507312;emlaa1;lm26-cxuabr-02;odu2-1-2-16-l1 odu2 nend rcv;ma;caxuxa - alto alegre do maranhao;;;sdh signal degrade (ber);2026-07-21 17:45:28;;
4848507310;emlaa1;lm26-cxuabr-02;otu-1-2-18-l1 otu nend rcv;ma;caxuxa - alto alegre do maranhao;;;low threshold correction error rate;2026-07-21 17:45:25;;
4848507306;emlaa1;lm26-cxuabr-02;cbr10g-1-1-18-l1 cbr10g nend rcv;ma;caxuxa - alto alegre do maranhao;;;generic alarm indication signal;2026-07-21 17:45:24;;
4848507308;emlaa1;lm26-cxuabr-02;otu-1-1-13-l1 otu nend rcv;ma;caxuxa - alto alegre do maranhao;;;low threshold correction error rate;2026-07-21 17:45:24;;
4848507302;emlaa1;lm26-cxuabr-02;odu2-1-3-4-l1 odu2 nend rcv;ma;caxuxa - alto alegre do maranhao;;;backward defect indication;2026-07-21 17:45:23;;
4848507304;emlaa1;lm26-cxuabr-02;otu-1-1-16-l1 otu nend rcv;ma;caxuxa - alto alegre do maranhao;;;low threshold correction error rate;2026-07-21 17:45:23;;
4848507307;emlaa1;lm26-cxuabr-02;otu-1-1-18-l1 otu nend rcv;ma;caxuxa - alto alegre do maranhao;;;low threshold correction error rate;2026-07-21 17:45:23;;
4848507303;emlaa1;lm26-cxuabr-02;gbe10wane-1-1-10-l1 gbe10wane nend rcv;ma;caxuxa - alto alegre do maranhao;;;trail trace identifier mismatch;2026-07-21 17:45:22;;
4847629469;nsprjoam;pss32-siskb-03;11qpe24-1-8-x1-1 odu2 rcv / network:10.22.14.8:shelf-1:slot-8:card:port-x1;ma;santa ines;98;;bdiodu;2026-07-21 17:24:28;;
4847632360;emlaa1;bo26-bblfo-01;fan-1-2-41 eqpt nend;ma;bacabal;98;;heater problem;2026-07-21 17:23:38;;
4847628862;nsprjoam;pss32-siskb-04;ra2p-4-3-linein ots rcv / network:10.26.6.243:shelf-4:slot-3:card:port-linein;ma;santa ines;98;bbl fo    sis kb    ots   001;loramgain;2026-07-21 17:22:44;ral 325357/2026 (2026-07-21 08:57) c.f.(rc/sls /ce /net/sg);
4847628293;nsprjoam;pss32-bblfo-01;ra2p-1-3-linein ots rcv / network:10.22.105.145:shelf-1:slot-3:card:port-linein;ma;bacabal;98;bbl fo    sis kb    ots   001;loramgain;2026-07-21 17:20:46;ral 325357/2026 (2026-07-21 08:57) c.f.(rc/sls /ce /net/sg);
4847617430;emlaa1;bo26-bblfo-01;odu2-1-2-17-c1 odu2 nend rcv;ma;bacabal;98;;backward defect indication;2026-07-21 16:32:29;;
4847616882;emlaa1;bo26-bblfo-01;och-1-2-5-l1 och nend;ma;bacabal;98;autodisc-bo26-bblfo-01/trbd1191-och-1-2-5-l1_cmdx1012-omsochif-1-2-2-c6;underlying resource is unavailable;2026-07-21 16:30:49;;
4847616883;emlaa1;bo26-bblfo-01;trbd-1-2-5 eqpt nend;ma;bacabal;98;;hardware failure;2026-07-21 16:30:49;;
4847616411;emlaa1;bo26-bblfo-01;trbcport-1-2-15-c2-in eqpt nend;ma;bacabal;98;;power loss;2026-07-21 16:27:25;;
4847616413;emlaa1;bo26-bblfo-01;odu2-1-2-18-c1 odu2 nend rcv;ma;bacabal;98;;backward defect indication;2026-07-21 16:27:25;;
4847616416;emlaa1;bo26-bblfo-01;och-1-2-13-l1 och nend rcv;ma;bacabal;98;;loss of frame;2026-07-21 16:27:25;;
4847616418;emlaa1;bo26-bblfo-01;och-1-2-15-c2 och nend rcv;ma;bacabal;98;v_lm26-bblfo-02  1-2-15-c2;loss of signal;2026-07-21 16:27:25;;
4847616419;emlaa1;bo26-bblfo-01;och-1-2-13-c1 och nend rcv;ma;bacabal;98;;loss of signal;2026-07-21 16:27:25;;
4847616400;emlaa1;bo26-bblfo-01;gbe10wane-1-2-8-l1 gbe10wane nend rcv;ma;bacabal;98;;server signal failure;2026-07-21 16:27:24;;
4847616401;emlaa1;bo26-bblfo-01;och-1-2-8-l1 och nend rcv;ma;bacabal;98;;loss of frame;2026-07-21 16:27:24;;
4847616402;emlaa1;bo26-bblfo-01;gbee-1-2-8-c1 gbee nend rcv;ma;bacabal;98;;loss of frame;2026-07-21 16:27:24;;
4847616405;emlaa1;bo26-bblfo-01;cbr2g5-1-2-6-c2 cbr2g5 nend rcv;ma;bacabal;98;;generic alarm indication signal;2026-07-21 16:27:24;;
4847616406;emlaa1;bo26-bblfo-01;cbr2g5-1-2-6-l1-2 cbr2g5 nend rcv;ma;bacabal;98;;generic alarm indication signal;2026-07-21 16:27:24;;
4847616410;emlaa1;bo26-bblfo-01;esctport-1-2-1-eth4 eqpt nend;ma;bacabal;98;;management lan;2026-07-21 16:27:24;;
4847616412;emlaa1;bo26-bblfo-01;ethcport-1-2-13-c1-in eqpt nend;ma;bacabal;98;;power loss;2026-07-21 16:27:24;;
4847616414;emlaa1;bo26-bblfo-01;cbr2g5-1-2-15-c2 cbr2g5 nend rcv;ma;bacabal;98;;server signal failure;2026-07-21 16:27:24;;
4847616415;emlaa1;bo26-bblfo-01;gbe10wane-1-2-13-l1 gbe10wane nend rcv;ma;bacabal;98;;server signal failure;2026-07-21 16:27:24;;
4847616417;emlaa1;bo26-bblfo-01;gbee-1-2-13-c1 gbee nend rcv;ma;bacabal;98;;server signal failure;2026-07-21 16:27:24;;
4847616422;emlaa1;bo26-bblfo-01;trbd-1-2-16 eqpt nend;ma;bacabal;98;;the unit temperature exceeds the high threshold value;2026-07-21 16:27:24;;
4847610154;nsprjoam;pss32-mnshz-01;port-9-7-linein ots rcv / network:10.26.6.173:shelf-9:slot-7:card:port-linein;am;manaus;92;;los;2026-07-21 16:23:39;;
4847610158;nsprjoam;pss32-mnshz-01;port-9-8-lineout ots trmt / network:10.26.6.173:shelf-9:slot-8:card:port-lineout;am;manaus;92;;aprtopo;2026-07-21 16:23:39;;
4847610153;nsprjoam;pss32-mnshz-01;port-9-7-linein eqpt / network:10.26.6.173:shelf-9:slot-7:card:port-linein;am;manaus;92;;invalidegress;2026-07-21 16:23:38;;
4847610155;nsprjoam;pss32-mnshz-01;port-9-7-lineout ots trmt / network:10.26.6.173:shelf-9:slot-7:card:port-lineout;am;manaus;92;;aprtopo;2026-07-21 16:23:38;;
4847616391;emlaa1;bo26-bblfo-01;psup-1-1-40 eqpt nend;ma;bacabal;98;;the unit temperature exceeds the high threshold value;2026-07-21 16:23:38;;
4847616392;emlaa1;bo26-bblfo-01;psup-1-1-21 eqpt nend;ma;bacabal;98;;the unit temperature exceeds the high threshold value;2026-07-21 16:23:38;;
4847608947;nsprjoam;pss32-mnshz-01;260scx2-2-14 eqpt / network:10.26.6.173:shelf-2:slot-14:card;am;manaus;92;;dataflt;2026-07-21 16:20:08;;
4847566354;nsprjoam;pss32-iot0e8-01;irdm20-1-7 eqpt / network:10.26.44.29:shelf-1:slot-7:card;am;itacoatiara;92;;inttemphigh;2026-07-21 14:10:44;;
4847560302;nsprjoam;pss32-alqcam-01;130scx10-1-16-c9 10gbe rcv / network:10.22.105.182:shelf-1:slot-16:card:port-c9;pa;alenquer;91;;lanlfi;2026-07-21 13:55:01;;
4847560300;nsprjoam;pss32-alq0e2-02;130snx10-3-14-c1 10gbe rcv / network:10.26.6.240:shelf-3:slot-14:card:port-c1;pa;alenquer;91;;lanlfi;2026-07-21 13:54:59;;
4847485900;nmmaa2;60blmqb_03;r01sr1sl17/port#17-#01-p12mon_vc12;pa;belem;91;blm       rce am    00030n001;ais;2026-07-21 09:58:07;;
4847454490;nsprjoam;pss32-cxuabr-02;11qpe24-1-6-x2-1 odu2 rcv / network:10.22.8.43:shelf-1:slot-6:card:port-x2;ma;caxuxa - alto alegre do maranhao;;;ssfodu;2026-07-21 08:55:57;;
4847316799;nsprjoam;pss32-crncar-01;odu4-1-71-2 odu4 rcv / network:id:18467;ma;carolina;98;;loomfi;2026-07-20 23:47:18;;
4847282314;nsprjoam;wlmux16_rboai-01;system / network:id:16406;ac;rio branco;68;;entitysntpfail;2026-07-20 21:23:23;;
4847282315;nsprjoam;wlmux16_rboai-01;wlmux16-0-0-eth1 primary / network:10.22.126.4:shelf-0:slot-0:card:port-eth1;ac;rio branco;68;;ethconfiglinkfail;2026-07-20 21:23:23;;
4847282313;nsprjoam;wlmux16_rboai-01;wlmux16-0-0-mng1 fe / network:10.22.126.4:shelf-0:slot-0:card:port-mng1;ac;rio branco;68;;sfplossoflight;2026-07-20 21:23:22;;
4847281830;nsprjoam;wlmux16_rborb-01;system / network:id:16404;ac;rio branco;68;;entityloginintrusion;2026-07-20 21:21:55;;
4847281829;nsprjoam;wlmux16_rborb-01;wlmux16-0-0-line ots rcv / network:10.22.126.2:shelf-0:slot-0:card:port-line;ac;rio branco;68;;edfarcvpower;2026-07-20 21:21:53;;
4847271058;nsprjoam;wlmetro200_rborb-01;wlm200-0-0-uplink os / network:10.22.126.3:shelf-0:slot-0:card:port-uplink;ac;rio branco;68;;sfphighrxpower;2026-07-20 20:46:30;;
4847569555;emlaa1;lm26-cxuabr-02;fan-1-1-41 eqpt nend;ma;caxuxa - alto alegre do maranhao;;;heater problem;2026-07-20 18:48:17;;
4847540911;emlaa1;lm26-pqiafc-01;esctport-1-1-1-eth3 eqpt nend;ma;pequia - acailandia;;;management lan;2026-07-20 18:38:17;;
4847184179;nsprjoam;pss32-pbwbrp-01;130snx10-7-7:65104794 / optics:1784574178:130snx10-7-7:65104794;ro;pimenta bueno;69;;discovermod;2026-07-20 16:03:03;;
4847184180;nsprjoam;pss32-pbwbrp-01;130snx10-6-7:65104801 / optics:1784574179:130snx10-6-7:65104801;ro;pimenta bueno;69;;discovermod;2026-07-20 16:03:02;;
4847182545;nsprjoam;pss32-jippv-01;130snx10-6-7:65103940 / optics:1784573874:130snx10-6-7:65103940;ro;ji-parana;69;;discovermod;2026-07-20 15:57:56;;
4847182546;nsprjoam;pss32-jippv-01;130snx10-7-7:65103947 / optics:1784573873:130snx10-7-7:65103947;ro;ji-parana;69;;discovermod;2026-07-20 15:57:56;;
4847180944;nsprjoam;pss32-aqstn-01;130snx10-5-10:65103270 / optics:1784573579:130snx10-5-10:65103270;ro;ariquemes;69;;discovermod;2026-07-20 15:53:00;;
4847180943;nsprjoam;pss32-aqstn-01;130snx10-6-7:65103264 / optics:1784573579:130snx10-6-7:65103264;ro;ariquemes;69;;discovermod;2026-07-20 15:52:59;;
4847169475;nsprjoam;pss32-aqstn-01;130snx10-6-7:65098182 / optics:1784571776:130snx10-6-7:65098182;ro;ariquemes;69;;discovermod;2026-07-20 15:23:03;;
4847169474;nsprjoam;pss32-aqstn-01;130snx10-5-10:65098183 / optics:1784571777:130snx10-5-10:65098183;ro;ariquemes;69;;discovermod;2026-07-20 15:23:02;;
4847166133;nsprjoam;pss32-vhacc-01;130snx10-7-7:65086390 / optics:1784571176:130snx10-7-7:65086390;ro;vilhena;69;;discovermod;2026-07-20 15:13:00;;
4847166134;nsprjoam;pss32-vhacc-01;130snx10-6-7:65086382 / optics:1784571176:130snx10-6-7:65086382;ro;vilhena;69;;discovermod;2026-07-20 15:12:59;;
4847090329;nsprjoam;pss32-siskb-04;ra2p-5-5-linein ots rcv / network:10.26.6.243:shelf-5:slot-5:card:port-linein;ma;santa ines;98;nvodkb    sis kb    ots   001;loramgain;2026-07-20 11:53:02;ral 374930/2026 (2026-07-20 11:47) c.f.(rc/sls /ce /net/sg);
4847088982;nsprjoam;pss32-siskb-04;iroadm-5-4-lineout-9410.000 och trmt / network:10.26.6.243:shelf-5:slot-4:card:port-lineout;ma;santa ines;98;;los;2026-07-20 11:51:22;;
4847077870;nsprjoam;psslx-mpagg-01;slot-1/card name-laser eqpt / network:10.26.39.142:shelf-1/card name:slot-laser;ap;macapa;96;;laser state off;2026-07-20 11:23:45;;
4847077864;nsprjoam;psslx-ammcl2-03;slot-1/card name-laser eqpt / network:10.26.39.138:shelf-1/card name:slot-laser;pa;almeirim;91;;loss of input power;2026-07-20 11:23:44;;
4847077865;nsprjoam;psslx-ammcl2-01;slot-1/card name-laser eqpt / network:10.26.39.150:shelf-1/card name:slot-laser;pa;almeirim;91;;osc los;2026-07-20 11:23:44;;
4847077866;nsprjoam;psslx-ammcl2-02;slot-1/card name-laser eqpt / network:10.26.39.131:shelf-1/card name:slot-laser;pa;almeirim;91;;osc los;2026-07-20 11:23:44;;
4847066201;emlaa1;bo26-cpncz-01;;pa;capanema;91;;node isolation;2026-07-20 10:47:00;;
4847052920;nmmaa2;60blmqb_03;r01sr1sl17/port#05-#1-e1monctp;pa;belem;91;;ais;2026-07-20 09:55:31;;
4847486168;nmmaa4;60pvofq_02;r01sr1sl28/gfpconf#3;ro;porto velho;69;;trail signal failure;2026-07-19 18:11:42;;
4846460219;nsprjoam;pss8-tpujb-02;aswg-1-2-linein ots rcv / network:10.26.6.195:shelf-1:slot-2:card:port-linein;am;tapaua;92;mic at    tpu jb    ots   002;hispanloss;2026-07-18 23:37:08;;
4846396226;nsprjoam;pss8-micat-02;aswg-1-4-linein ots rcv / network:10.26.6.194:shelf-1:slot-4:card:port-linein;am;manicore;92;mic at    tpu jb    ots   002;hispanloss;2026-07-18 19:56:41;;
4846355346;nsprjoam;pss32-deuviv-01;ra2p-1-4-linein ots rcv / network:10.22.105.204:shelf-1:slot-4:card:port-linein;pa;dom eliseu;91;deu viv   pqiafc    ots   001;loramgain;2026-07-18 18:04:46;ral 437280/2026;
4846198872;nsprjoam;pss32-pvofq-01;130snx10-9-16-c5-1 odu2 trmt / network:10.26.6.187:shelf-9:slot-16:card:port-c5;ro;porto velho;69;;ociegr;2026-07-18 11:16:12;;
4846096038;emlaa1;bo26-cpncz-01;odu2-1-2-9-l1 odu2 nend rcv;pa;capanema;91;;backward defect indication;2026-07-18 04:07:35;;
4845984467;nsprjoam;pss32-slpakb-01;s2ad200-1-14-c1 100gbe rcv / network:10.22.105.132:shelf-1:slot-14:card:port-c1;pa;santa luzia do para;91;;lanlss;2026-07-18 02:37:56;;
4845983817;nsprjoam;pss32-cjrofj-01;ra2p-1-5-linein ots rcv / network:10.22.105.133:shelf-1:slot-5:card:port-linein;ma;cajueiro - bacabal;;cjrofj    nvodkb    ots   001;loramgain;2026-07-18 02:36:24;;
4848506577;emlaa1;bo26-nvodkb-01;otu-1-2-18-l1 otu nend rcv;ma;nova soure;;;alarm indication signal;2026-07-18 02:11:39;;
4845886974;emlaa1;bo26-sidbr-02;trbdport-1-3-17-l1-in eqpt nend;pa;santa maria do para;91;;power loss;2026-07-17 22:21:29;;
4845886975;emlaa1;bo26-sidbr-02;och-1-3-17-l1 och nend rcv;pa;santa maria do para;91;autodisc-bo26-sidbr-02/trbd1191-och-1-3-17-l1_cmdx1012-omsochif-1-3-19-c7;loss of signal;2026-07-17 22:21:29;;
4845860818;nsprjoam;pss8-chiacl1-01;ahphg-1-2:64225330 / optics:1784334667:ahphg-1-2:64225330;pa;cachoeira do piria;91;;manreset;2026-07-17 21:31:10;;
4845860819;nsprjoam;pss8-chiacl1-01;ahphg-1-4:64225331 / optics:1784334668:ahphg-1-4:64225331;pa;cachoeira do piria;91;;manreset;2026-07-17 21:31:10;;
4845860817;nsprjoam;pss8-chiacl1-01;ahphg-1-2:64225332 / optics:1784334667:ahphg-1-2:64225332;pa;cachoeira do piria;91;;manreset;2026-07-17 21:31:09;;
4845860816;nsprjoam;pss8-chiacl1-01;ahphg-1-4:64225333 / optics:1784334668:ahphg-1-4:64225333;pa;cachoeira do piria;91;;manreset;2026-07-17 21:31:08;;
4845859932;nsprjoam;pss8-chiacl1-01;11qpa4b-1-9-l1 och rcv / network:10.26.6.244:shelf-1:slot-9:card:port-l1;pa;cachoeira do piria;91;;los-p;2026-07-17 21:29:02;;
4845859593;nsprjoam;pss8-chiacl1-01;ahphg-1-4-line ots trmt / network:10.26.6.244:shelf-1:slot-4:card:port-line;pa;cachoeira do piria;91;;aprline;2026-07-17 21:28:11;;
4845818789;nsprjoam;pss32-butpfc-02;1/6 mep 4 domain 1 association 1 / network:10.22.14.11;ma;buriticupu;98;;mep-mac-status;2026-07-17 19:31:24;;
4845820992;nmmaa4;60slsus_06;r01sr1sl23/port#014-#1-1-1-tu12-tme;ma;sao luis;98;;unequipped;2026-07-17 19:28:52;;
4845821044;nmmaa4;62slsus_03;r01sr1sl04/port#28-#01-p12mon_vc12;ma;sao luis;98;sls ith   itz ti0   dpdv  0018;ais;2026-07-17 19:28:51;;
4845821057;nmmaa4;62slsus_03;r01sr1sl04/port#42-#01-p12mon_vc12;ma;sao luis;98;sls ith   itz ti0   dpdv  0012;ais;2026-07-17 19:28:51;;
4845821042;nmmaa4;62slsus_03;r01sr1sl03/port#13-#01-p12mon_vc12;ma;sao luis;98;itz ti0 sls 0mu 00031n 003 - 49032/2017;ais;2026-07-17 19:28:50;;
4845821043;nmmaa4;62slsus_03;r01sr1sl03/port#11-#01-p12mon_vc12;ma;sao luis;98;itz ti0   sls 0mu   00031n001;ais;2026-07-17 19:28:50;;
4845821045;nmmaa4;62slsus_03;r01sr1sl04/port#37-#01-p12mon_vc12;ma;sao luis;98;itz rc    sls us    2mger 002;ais;2026-07-17 19:28:50;;
4845821046;nmmaa4;62slsus_03;r01sr1sl04/port#47-#01-p12mon_vc12;ma;sao luis;98;acd bj dm sls us it 02048k001;ais;2026-07-17 19:28:50;;
4845821047;nmmaa4;62slsus_03;r01sr1sl04/port#32-#01-p12mon_vc12;ma;sao luis;98;sls us    itz dc    dpdv  0002;ais;2026-07-17 19:28:50;;
4845821049;nmmaa4;62slsus_03;r01sr1sl04/port#14-#01-p12mon_vc12;ma;sao luis;98;pfn lc 571 sls tr b 00031n801;ais;2026-07-17 19:28:50;;
4845821051;nmmaa4;62slsus_03;r01sr1sl04/port#62-#01-p12mon_vc12;ma;sao luis;98;sls ith   itz ti0   dpdv  0014;ais;2026-07-17 19:28:50;;
4845821052;nmmaa4;62slsus_03;r01sr1sl04/port#30-#01-p12mon_vc12;ma;sao luis;98;sls ith   itz ti0   dpdv  0016;ais;2026-07-17 19:28:50;;
4845821054;nmmaa4;62slsus_03;r01sr1sl04/port#54-#01-p12mon_vc12;ma;sao luis;98;sls ith   itz ti0   dpdv  0022;ais;2026-07-17 19:28:50;;
4845821055;nmmaa4;62slsus_03;r01sr1sl04/port#60-#01-p12mon_vc12;ma;sao luis;98;sls py0   itz 0lk   dpdv  0002;ais;2026-07-17 19:28:50;;
4845821056;nmmaa4;62slsus_03;r01sr1sl04/port#21-#01-p12mon_vc12;ma;sao luis;98;itz rcwm sls uswm 2m 003;ais;2026-07-17 19:28:50;;
4845821050;nmmaa4;62slsus_03;r01sr1sl04/port#35-#01-p12mon_vc12;ma;sao luis;98;itz rcwm sls uswm 2m 004;ais;2026-07-17 19:28:49;;
4845821053;nmmaa4;62slsus_03;r01sr1sl04/port#33-#01-p12mon_vc12;ma;sao luis;98;sls ith   itz ti0   dpdv  0020;ais;2026-07-17 19:28:49;;
4845821059;nmmaa4;62slsus_03;r01sr1sl04/port#63-#01-p12mon_vc12;ma;sao luis;98;itz uvm sls us 2m 002*;ais;2026-07-17 19:28:49;;
4845886970;emlaa1;bo26-vntebr-01;och-1-2-17-c1 och nend rcv;pa;;;vntebr    vntebr    eg/10g002 13+vntebr    vntebr    tpondr002 01;loss of signal;2026-07-17 19:22:55;;
4845886972;emlaa1;bo26-vntebr-01;och-1-2-4-l1 och nend;pa;;;autodisc-bo26-vntebr-01/trbd1191-och-1-2-4-l1_cmdx1012-omsochif-1-2-2-c7;underlying resource is unavailable;2026-07-17 19:22:55;;
4845886969;emlaa1;bo26-vntebr-01;trbd-1-2-4 eqpt nend;pa;;;;hardware failure;2026-07-17 19:22:54;;
4845886971;emlaa1;bo26-vntebr-01;och-1-2-4-c1 och nend;pa;;;vntebr    vntebr    eg/10g001 13+vntebr    vntebr    tpondr001 01;underlying resource is unavailable;2026-07-17 19:22:54;;
4845886973;emlaa1;bo26-vntebr-01;trbdport-1-2-17-c1-in eqpt nend;pa;;;;power loss;2026-07-17 19:22:54;;
4848506578;emlaa1;bo26-nvodkb-01;odu2-1-2-18-l1 odu2 nend rcv;ma;nova soure;;;server signal failure;2026-07-17 18:15:53;;
4848506579;emlaa1;bo26-nvodkb-01;gbe10e-1-2-18-l1 gbe10e nend rcv;ma;nova soure;;;server signal failure;2026-07-17 18:15:52;;
4845793469;nmmaa4;60itzrc_01;r01sr1sl20/port#005-#01-p12mon_vc12;ma;imperatriz;98;;ais;2026-07-17 18:15:25;;
4845793471;nmmaa4;60itzrc_01;r01sr1sl21/port#017-#01-p12mon_vc12;ma;imperatriz;98;;ais;2026-07-17 18:15:25;;
4845793472;nmmaa4;60itzrc_01;r01sr1sl21/port#020-#01-p12mon_vc12;ma;imperatriz;98;;ais;2026-07-17 18:15:25;;
4845793473;nmmaa4;60itzrc_01;r01sr1sl20/port#009-#01-p12mon_vc12;ma;imperatriz;98;;ais;2026-07-17 18:15:25;;
4845793474;nmmaa4;60itzrc_01;r01sr1sl21/port#009-#01-p12mon_vc12;ma;imperatriz;98;;ais;2026-07-17 18:15:25;;
4845793477;nmmaa4;60itzrc_01;r01sr1sl21/port#021-#01-p12mon_vc12;ma;imperatriz;98;;ais;2026-07-17 18:15:25;;
4845793465;nmmaa4;60itzrc_01;r01sr1sl20/port#001-#01-p12mon_vc12;ma;imperatriz;98;;ais;2026-07-17 18:15:24;;
4845793467;nmmaa4;60itzrc_01;r01sr1sl20/port#016-#01-p12mon_vc12;ma;imperatriz;98;;ais;2026-07-17 18:15:24;;
4845793470;nmmaa4;60itzrc_01;r01sr1sl20/port#014-#01-p12mon_vc12;ma;imperatriz;98;;ais;2026-07-17 18:15:24;;
4845793475;nmmaa4;60itzrc_01;r01sr1sl19/port#021-#01-p12mon_vc12;ma;imperatriz;98;;ais;2026-07-17 18:15:24;;
4845793466;nmmaa4;60itzrc_01;r01sr1sl21/port#007-#01-p12mon_vc12;ma;imperatriz;98;;ais;2026-07-17 18:15:23;;
4845793476;nmmaa4;60itzrc_01;r01sr1sl20/port#021-#01-p12mon_vc12;ma;imperatriz;98;;ais;2026-07-17 18:15:23;;
4845766241;nsprjoam;pss16-itigv-01;am2125b-1-10 eqpt / network:10.26.12.176:shelf-1:slot-10:card;ma;itapecuru mirim;98;;inttemphigh;2026-07-17 17:18:16;;
4845764466;nmmaa4;62blmqb_01;r01sr1sl18/port#27-#01-p12mon_vc12;pa;belem;91;blm       gna rd    sinc  001;ais;2026-07-17 17:05:15;;
4845736327;nsprjoam;pss16-itigv-01;am2125b-1-9 eqpt / network:10.26.12.176:shelf-1:slot-9:card;ma;itapecuru mirim;98;;inttemphigh;2026-07-17 16:16:58;;
4845692148;nsprjoam;pss32-crncar-01;ra2p-1-3-linein ots rcv / network:10.22.8.61:shelf-1:slot-3:card:port-linein;ma;carolina;98;agnpfc    crn car   ots   001;hispanloss;2026-07-17 14:42:46;ral fechada 411211/2026  (2026-07-17 14:43) c.f.(rt/itz /ce /net/fo);
4845644881;nsprjoam;pss64c-pqiafc-01;ra2p-5-6-linein ots rcv / network:10.22.105.146:shelf-5:slot-6:card:port-linein;ma;pequia - acailandia;;butpfc    pqiafc    ots   001;loramgain;2026-07-17 12:44:43;;
4845644880;nsprjoam;pss32-butpfc-01;ra2p-4-5-linein ots rcv / network:10.22.105.140:shelf-4:slot-5:card:port-linein;ma;buriticupu;98;butpfc    pqiafc    ots   001;loramgain;2026-07-17 12:44:42;;
4845596738;nsprjoam;pss32-vaexen-01;ra2p-3-5-linein ots rcv / network:10.26.6.189:shelf-3:slot-5:card:port-linein;ro;vila extrema - porto velho;;abunen    vaexen    ots   001;loramgain;2026-07-17 11:08:09;;
4845588406;nsprjoam;pss32-styfb-01;iroadm-4-3-lineout-9440.000 och trmt / network:10.22.105.144:shelf-4:slot-3:card:port-lineout;ma;santa rita;98;;los;2026-07-17 10:51:07;;
4845588408;nsprjoam;pss32-styfb-01;ra2p-3-4-linein ots rcv / network:10.22.105.144:shelf-3:slot-4:card:port-linein;ma;santa rita;98;cxuabr    sty fb    ots   001;hispanloss;2026-07-17 10:51:07;;
4845586714;nsprjoam;pss32-cjrofj-01;32ec2-1-18 eqpt / network:10.22.105.133:shelf-1:slot-18:card;ma;cajueiro - bacabal;;;eps-impaired;2026-07-17 10:47:53;;
4845586718;nsprjoam;pss32-cjrofj-01;32ec2-1-1 eqpt / network:10.22.105.133:shelf-1:slot-1:card;ma;cajueiro - bacabal;;;eps-impaired;2026-07-17 10:47:53;;
4845556557;nsprjoam;pss32-srmsp-02;slot-1-40 env / network:10.26.44.21:shelf-1:slot-40;pa;santarem;91;;env-6;2026-07-17 09:44:05;;
4845488012;nsprjoam;pss16-vgeoi-01;10.26.13.177 / network:id:15006;ma;vargem grande;98;;dpr_down 5001 10.26.13.178;2026-07-17 06:55:22;;
4845298482;nsprjoam;pss32-pcjviv-01;ra2p-1-3-linein ots rcv / network:10.22.105.193:shelf-1:slot-3:card:port-linein;pa;pacaja;91;pcj viv   tuu iso   ots   001;hispanloss;2026-07-16 21:23:56;ral fechada 428090/2026  c.f.(rt/blm /no /tim/sw) (2026-07-17 03:53) c.f.(rt/blm /no /tim/sw);
4845255552;nsprjoam;pss32-tuuiso-01;iroadm-1-5-linein ots rcv / network:10.22.105.194:shelf-1:slot-5:card:port-linein;pa;tucurui;91;gopatim   tuu iso   ots   001;unprovchan;2026-07-16 19:24:37;ral fechada 426961/2026  c.f.(rt/blm /no /tim/sw) (2026-07-16 21:14) c.f.(rt/blm /no /tim/sw);
4845255349;nsprjoam;pss64c-gopatim-01#ocs;otu-1-1-33-1 otu4 nend rcv / network:10.22.104.249:shelf-1:slot-33:card:port-1;pa;goianesia do para;91;;lof;2026-07-16 19:24:07;;
4845255348;nsprjoam;pss32-tuuiso-01;130scx10-1-16-c5-1 odu2 trmt / network:10.22.105.194:shelf-1:slot-16:card:port-c5;pa;tucurui;91;;ociegr;2026-07-16 19:24:04;;
4845254450;nsprjoam;pss32-pcjviv-01;130scx10-1-16-c5-1 odu2 trmt / network:10.22.105.193:shelf-1:slot-16:card:port-c5;pa;pacaja;91;;ociegr;2026-07-16 19:22:16;;
4845254451;nsprjoam;pss32-pcjviv-01;130scx10-2-16-c5-1 odu2 rcv / network:10.22.105.193:shelf-2:slot-16:card:port-c5;pa;pacaja;91;;oci;2026-07-16 19:22:16;;
4845254401;nsprjoam;pss32-tuuiso-01;130scx10-2-16-c5-1 odu2 rcv / network:10.22.105.194:shelf-2:slot-16:card:port-c5;pa;tucurui;91;;oci;2026-07-16 19:22:16;;
4845242155;nsprjoam;pss32-gopatim-02;iroadm-1-2-linein ots rcv / network:10.26.44.1:shelf-1:slot-2:card:port-linein;pa;goianesia do para;91;gopatim   tuu iso   ots   001;hispanloss;2026-07-16 18:44:47;ral fechada 426961/2026  c.f.(rt/blm /no /tim/sw) (2026-07-16 21:14) c.f.(rt/blm /no /tim/sw);
4845226227;nsprjoam;pss32-blmqb-03;ra2p-13-6-linein ots rcv / network:10.26.12.131:shelf-13:slot-6:card:port-linein;pa;belem;91;;los;2026-07-16 17:55:32;;
4845161531;nsprjoam;pss16-cdorp-01;ra2p-1-8-linein ots rcv / network:10.26.6.241:shelf-1:slot-8:card:port-linein;ma;codo;98;cdo rp    cxuabr    ots   003;hispanloss;2026-07-16 15:17:56;ral fechada 427416/2026  c.f.(rt/sls /ce /out/sw) (2026-07-16 18:34) c.f.(rt/sls /ce /out/sw);
4845154804;nsprjoam;pss32-aqstn-01;130snx10-6-7:63700322 / optics:1784224941:130snx10-6-7:63700322;ro;ariquemes;69;;discovermod;2026-07-16 15:02:30;;
4845152221;nsprjoam;pss32-aqstn-01;130snx10-6-7:63699286 / optics:1784224641:130snx10-6-7:63699286;ro;ariquemes;69;;discovermod;2026-07-16 14:57:32;;
4845150348;nsprjoam;pss32-aqstn-01;130snx10-6-7:63698783 / optics:1784224342:130snx10-6-7:63698783;ro;ariquemes;69;;discovermod;2026-07-16 14:52:22;;
4845146180;nsprjoam;pss32-aqstn-01;130snx10-6-7:63697889 / optics:1784223744:130snx10-6-7:63697889;ro;ariquemes;69;;discovermod;2026-07-16 14:42:25;;
4845155323;emlaa1;bo26-cxsvo-01;och-1-2-5-c1 och nend rcv;ma;caxias;98;;loss of signal;2026-07-16 14:41:54;;
4845155324;emlaa1;bo26-cxsvo-01;och-1-2-4-c1 och nend rcv;ma;caxias;98;;loss of signal;2026-07-16 14:41:54;;
4845155329;emlaa1;bo26-cxsvo-01;esctport-1-2-1-eth4 eqpt nend;ma;caxias;98;;management lan;2026-07-16 14:41:54;;
4845155248;emlaa1;bo26-cxsvo-01;odu2-1-2-4-l1 odu2 nend rcv;ma;caxias;98;;backward defect indication;2026-07-16 14:41:54;;
4845139147;nsprjoam;pss32-aqstn-01;130snx10-6-7:63696045 / optics:1784222845:130snx10-6-7:63696045;ro;ariquemes;69;;discovermod;2026-07-16 14:27:35;;
4845126163;nsprjoam;pss32-pvofq-01;130snx10-9-16:63690776 / optics:1784221040:130snx10-9-16:63690776;ro;porto velho;69;;discovermod;2026-07-16 13:57:29;;
4845116134;nsprjoam;pss32-pvofq-01;130snx10-9-16:63687024 / optics:1784219540:130snx10-9-16:63687024;ro;porto velho;69;;discovermod;2026-07-16 13:32:31;;
4845116127;nsprjoam;pss32-pvofq-01;130snx10-9-16:63687035 / optics:1784219541:130snx10-9-16:63687035;ro;porto velho;69;;discovermod;2026-07-16 13:32:30;;
4845074226;nsprjoam;pss32-aqstn-01;130snx10-5-10:63651039 / optics:1784213800:130snx10-5-10:63651039;ro;ariquemes;69;;discovermod;2026-07-16 11:56:44;;
4845074227;nsprjoam;pss32-aqstn-01;130snx10-6-7:63651048 / optics:1784213801:130snx10-6-7:63651048;ro;ariquemes;69;;discovermod;2026-07-16 11:56:43;;
4845062945;nsprjoam;pss32-vhacc-01;130snx10-7-7:63647047 / optics:1784212300:130snx10-7-7:63647047;ro;vilhena;69;;discovermod;2026-07-16 11:31:44;;
4845062946;nsprjoam;pss32-vhacc-01;130snx10-6-7:63647057 / optics:1784212300:130snx10-6-7:63647057;ro;vilhena;69;;discovermod;2026-07-16 11:31:44;;
4845057825;nsprjoam;pss32-pbwbrp-01;130snx10-7-7:63645242 / optics:1784211703:130snx10-7-7:63645242;ro;pimenta bueno;69;;discovermod;2026-07-16 11:21:46;;
4845057826;nsprjoam;pss32-pbwbrp-01;130snx10-6-7:63645251 / optics:1784211704:130snx10-6-7:63645251;ro;pimenta bueno;69;;discovermod;2026-07-16 11:21:46;;
4845057824;nsprjoam;pss32-jippv-01;130snx10-7-7:63645219 / optics:1784211702:130snx10-7-7:63645219;ro;ji-parana;69;;discovermod;2026-07-16 11:21:45;;
4845057827;nsprjoam;pss32-jippv-01;130snx10-6-7:63645210 / optics:1784211703:130snx10-6-7:63645210;ro;ji-parana;69;;discovermod;2026-07-16 11:21:45;;
4845055039;nsprjoam;pss32-pvofq-01;130snx10-9-16:63643435 / optics:1784211398:130snx10-9-16:63643435;ro;porto velho;69;;discovermod;2026-07-16 11:16:49;;
4845051087;nsprjoam;pss32-aqstn-01;130snx10-6-7:63642451 / optics:1784210799:130snx10-6-7:63642451;ro;ariquemes;69;;discovermod;2026-07-16 11:06:42;;
4845008138;nsprjoam;pss32-aqstn-01;11dpm12-6-6-c1 1gbe rcv / network:10.26.3.152:shelf-6:slot-6:card:port-c1;ro;ariquemes;69;;lanlos;2026-07-16 09:26:59;;
4844999346;nsprjoam;pss32-iotc90-01;odu2e-1-16-c1 odu2e rcv / network:10.26.44.30:shelf-1:slot-16:card:port-c1;am;itacoatiara;92;;oci;2026-07-16 09:00:30;;
4846080488;emlaa1;lm26-cxuabr-02;cbr2g5-1-2-6-l1-2 cbr2g5 nend rcv;ma;caxuxa - alto alegre do maranhao;;;generic alarm indication signal;2026-07-15 21:32:02;;
4844727634;nsprjoam;pss32-tuuiso-01;ra2p-2-6-linein ots rcv / network:10.22.105.194:shelf-2:slot-6:card:port-linein;pa;tucurui;91;pcj viv   tuu iso   ots   001;loramgain;2026-07-15 17:30:33;ral 428090/2026;
4847569552;emlaa1;bo26-entokb-01;lofaport-1-1-18-stg1-out eqpt nend;pa;;;;heater problem;2026-07-15 17:02:00;;
4844690060;emlaa1;bo26-itzrc-01;job name;ma;imperatriz;98;;ne mib back up failure;2026-07-15 14:53:29;;
4846080491;emlaa1;lm26-cxuabr-02;cbr10g-1-2-7-c1 cbr10g nend rcv;ma;caxuxa - alto alegre do maranhao;;;generic alarm indication signal;2026-07-15 12:02:07;;
4844576125;nmmaa6;26slsus_01;r1sr2sl4/port#101-ochotu-tr15;ma;sao luis;98;;unavailable time;2026-07-15 11:31:45;;
4844576126;nmmaa6;26slsus_01;r1sr2sl4/port#101-odu2-tr15;ma;sao luis;98;;unavailable time;2026-07-15 11:31:45;;
4844575951;nmmaa6;26slsus_01;r01sr2/board#04;ma;sao luis;98;;input power loss;2026-07-15 11:31:39;;
4844575952;nmmaa6;26slsus_01;r1sr2sl4/port#101-ogpi;ma;sao luis;98;;loss of signal;2026-07-15 11:31:39;;
4844575953;nmmaa6;26slsus_01;r1sr2sl4/port#101-odu2;ma;sao luis;98;;server signal failure;2026-07-15 11:31:39;;
4844493642;nsprjoam;pss32-aqstn-01;11dpm12-5-9-c5 1gbe rcv / network:10.26.3.152:shelf-5:slot-9:card:port-c5;ro;ariquemes;69;;lanlss;2026-07-15 08:08:37;;
4844493578;nsprjoam;pss32-mbatm-02;32ec2-1-1 eqpt / network:10.26.15.87:shelf-1:slot-1:card;pa;maraba;91;;eps-impaired;2026-07-15 08:08:06;;
4844493579;nsprjoam;pss32-mbatm-02;32ec2-1-18 eqpt / network:10.26.15.87:shelf-1:slot-18:card;pa;maraba;91;;eps-impaired;2026-07-15 08:08:06;;
4844488086;nsprjoam;pss32-tuuiso-01;iroadm-2-5-lineout-9440.000 och trmt / network:10.22.105.194:shelf-2:slot-5:card:port-lineout;pa;tucurui;91;;los;2026-07-15 07:50:52;;
4844488036;nsprjoam;pss32-pcjviv-01;iroadm-1-2-lineout-9350.000 och trmt / network:10.22.105.193:shelf-1:slot-2:card:port-lineout;pa;pacaja;91;;los;2026-07-15 07:50:36;;
4844612241;nmmaa4;60rborb_01;r01sr1sl28/gfpconf#2;ac;rio branco;68;;trail signal failure;2026-07-15 06:05:41;;
4844162765;nmmaa4;62blmqb_01;r01sr1/board#15;pa;belem;91;;internal communication problem;2026-07-14 14:21:02;;
4844107304;nmmaa4;62rborb_01;r01sr1sl17/port#31-p;ac;rio branco;68;pvo aa    rbo bs    dpdv  0001;loss of signal;2026-07-14 12:02:22;;
4843907226;nsprjoam;pss32-hutsu-01;och-1-5-c4 och rcv / network:10.26.6.184:shelf-1:slot-5:card:port-c4;am;humaita;92;;oproor;2026-07-14 02:32:43;;
4843811413;nmmaa2;60blmqb_03;r01sr1sl17/port#01-#01-p12mon_vc12;pa;belem;91;blm pasa  rjo coxa  00031n001;ais;2026-07-13 21:52:30;;
4843811414;nmmaa2;60blmqb_03;r01sr1sl17/port#04-#01-p12mon_vc12;pa;belem;91;blm pasa  rjo coxa  00031n002;ais;2026-07-13 21:52:28;;
4843811382;nmmaa2;60blmqb_03;r01sr1sl17/port#19-#01-p12mon_vc12;pa;belem;91;mioolm    sdr rc    00150y001;ais;2026-07-13 21:52:22;;
4843811384;nmmaa2;60blmqb_03;r01sr1sl21/port#13-#01-p12mon_vc12;pa;belem;91;blm qb    rce zq    dpdv  0009;ais;2026-07-13 21:52:22;;
4843811392;nmmaa2;60blmqb_03;r01sr1sl21/port#11-#01-p12mon_vc12;pa;belem;91;blm qb    rce zq    dpdv  0007;ais;2026-07-13 21:52:22;;
4843811383;nmmaa2;60blmqb_03;r01sr1sl18/port#15-#01-p12mon_vc12;pa;belem;91;blm pasa  rce pasa  00031n008;ais;2026-07-13 21:52:21;;
4843811391;nmmaa2;60blmqb_03;r01sr1sl20/port#08-#01-p12mon_vc12;pa;belem;91;blm tr  a sdr tr a 00031n 017;ais;2026-07-13 21:52:21;;
4843811393;nmmaa2;60blmqb_03;r01sr1sl21/port#17-#01-p12mon_vc12;pa;belem;91;blm qb    rce zq    dpdv  0011;ais;2026-07-13 21:52:21;;
4843811394;nmmaa2;60blmqb_03;r01sr1sl20/port#21-#01-p12mon_vc12;pa;belem;91;blm tr a rce tr a 00031n006 - 00092/19;ais;2026-07-13 21:52:20;;
4843666926;nsprjoam;pss32-mpagg-01;eml_304_sna:pss32-mpagg-01:d5x500-1-12-c1:62575175 / optics:1783969989:eml_304_sna:pss32-mpagg-01:d5x500-1-12-c1:62575175;ap;macapa;96;;testsignal loopback;2026-07-13 16:13:13;;
4843666927;nsprjoam;pss32-mpagg-01;d5x500q-1-12:62575098 / optics:1783969988:d5x500q-1-12:62575098;ap;macapa;96;;manreset;2026-07-13 16:13:13;;
4843629989;nsprjoam;pss64c-pqiafc-01#ocs;otu-1-1-16-1 otu4 fend rcv / network:10.22.104.25:shelf-1:slot-16:card:port-1;ma;pequia - acailandia;;;uat-otu;2026-07-13 14:52:49;;
4844612242;nmmaa4;60slsus_06;r01sr1sl28/gfpconf#4;ma;sao luis;98;;trail signal failure;2026-07-13 11:53:35;;
4843586919;emlaa1;bo26-cpncz-01;gbe10e-1-2-3-l1 gbe10e nend rcv;pa;capanema;91;;generic alarm indication signal;2026-07-13 10:12:35;;
4843427960;nsprjoam;pss32-mpa0w3-01;iroadm-2-7-linein ots rcv / network:10.26.44.62:shelf-2:slot-7:card:port-linein;ap;macapa;96;;hispanloss;2026-07-13 07:38:15;;
4844974531;emlaa1;bo26-cpncz-01;och-1-2-18-l1 och nend rcv;pa;capanema;91;autodisc-bo26-cpncz-01/trbd1191-och-1-2-18-l1_cmdx1012-omsochif-1-2-19-c8;loss of signal;2026-07-13 01:49:07;;
4844974533;emlaa1;bo26-cpncz-01;trbdport-1-2-18-l1-in eqpt nend;pa;capanema;91;;power loss;2026-07-13 01:49:07;;
4843204210;nsprjoam;pss32-blmqb-03;130scx10-5-16-c10-1 odu2 trmt / network:10.26.12.131:shelf-5:slot-16:card:port-c10;pa;belem;91;;ociegr;2026-07-12 19:29:53;;
4843045511;nsprjoam;pss64c-cxuabr-01;am2625a-9-7-dcm ots rcv / network:10.22.105.147:shelf-9:slot-7:card:port-dcm;ma;caxuxa - alto alegre do maranhao;;;oprlosshigh;2026-07-12 12:47:34;;
4843045038;nsprjoam;pss64c-cxuabr-01;ra2p-9-5-linein ots rcv / network:10.22.105.147:shelf-9:slot-5:card:port-linein;ma;caxuxa - alto alegre do maranhao;;cdo rp    cxuabr    ots   003;loramgain;2026-07-12 12:46:06;ral 427416/2026;
4842517135;nsprjoam;pss64c-blmqb-01#ocs;gbe10-1-1-9-8 gbe10 nend rcv / network:10.22.104.1:shelf-1:slot-9:card:port-8;pa;belem;91;;lol;2026-07-11 10:48:12;;
4842449788;nsprjoam;pss32-rihh01-01;iroadm-1-2-linein-9310.000 och rcv / network:10.22.8.63:shelf-1:slot-2:card:port-linein;ma;riachao;98;;ochunknown;2026-07-11 07:50:28;;
4842449605;nsprjoam;pss32-blacr-01;iroadm-1-4-linein-9310.000 och rcv / network:10.22.8.85:shelf-1:slot-4:card:port-linein;ma;balsas;98;;ochunknown;2026-07-11 07:50:03;;
4842449157;nsprjoam;pss32-blacr-01;ra2p-1-5-linein ots rcv / network:10.22.8.85:shelf-1:slot-5:card:port-linein;ma;balsas;98;bla cr    smn mn1   ots   001;hispanloss;2026-07-11 07:48:52;;
4842449078;nsprjoam;pss32-blacr-01;11dpe12a-1-16-l1-3 vts / network:10.22.8.85:shelf-1:slot-16:card:port-l1;ma;balsas;98;;vts open connection indication@dir smnmn01;2026-07-11 07:48:24;;
4842448990;nsprjoam;pss36-blacr-01#ocs;otuodu2etct-1-1-8-1-6-bm odu2etcm nend rcv / network:10.26.31.234:shelf-1:slot-8:card:port-1;ma;balsas;98;;oci-t;2026-07-11 07:48:23;;
4842448720;nsprjoam;pss32-psnsn1-01;odu4odu2e-1-71-1-2 odu2e rcv / network:id:18237;ma;pastos bons;98;;oci;2026-07-11 07:47:24;;
4842448718;nsprjoam;pss32-sdztdz1-01;odu4odu2e-1-71-1-2 odu2e rcv / network:id:18465;ma;sao domingos do azeitao;98;;oci;2026-07-11 07:47:23;;
4842448717;nsprjoam;pss32-smnmn1-01;otuodu2e-1-7-c2 odu2e rcv / network:10.22.8.69:shelf-1:slot-7:card:port-c2;ma;sao raimundo das mangabeiras;98;;oci;2026-07-11 07:47:22;;
4842448719;nsprjoam;pss32-sdztdz1-01;otuodu2e-1-7-c2 odu2e rcv / network:10.22.8.70:shelf-1:slot-7:card:port-c2;ma;sao domingos do azeitao;98;;oci;2026-07-11 07:47:22;;
4842448635;nsprjoam;pss32-smnmn1-01;11dpe12a-1-17-l1-4 vts / network:10.22.8.69:shelf-1:slot-17:card:port-l1;ma;sao raimundo das mangabeiras;98;;vts open connection indication;2026-07-11 07:47:13;;
4842448636;nsprjoam;pss32-smnmn1-01;odu4odu2e-1-71-1-2 odu2e rcv / network:id:18464;ma;sao raimundo das mangabeiras;98;;oci;2026-07-11 07:47:13;;
4842448473;nsprjoam;pss32-blacr-01;odu4odu2e-1-71-2-2 odu2e rcv / network:id:18235;ma;balsas;98;;oci;2026-07-11 07:46:39;;
4842291920;nsprjoam;pss32-blacr-01;odu4-1-71-2 odu4 rcv / network:id:18235;ma;balsas;98;;lck;2026-07-11 03:04:47;;
4842173917;nsprjoam;pss32-cos01-01;iroadm-1-2-linein-9350.000 och rcv / network:10.22.8.72:shelf-1:slot-2:card:port-linein;ma;colinas;98;;ochunknown;2026-07-10 19:54:30;;
4842173516;nsprjoam;pss32-psnsn1-01;iroadm-1-4-linein-9350.000 och rcv / network:10.22.8.71:shelf-1:slot-4:card:port-linein;ma;pastos bons;98;;ochunknown;2026-07-10 19:53:05;;
4842173440;nsprjoam;pss32-psnsn1-01;otuodu2e-1-6-c2 odu2e rcv / network:10.22.8.71:shelf-1:slot-6:card:port-c2;ma;pastos bons;98;;oci;2026-07-10 19:52:45;;
4842173026;nsprjoam;pss32-sdztdz1-01;odu4odu2e-1-71-2-2 odu2e rcv / network:id:18465;ma;sao domingos do azeitao;98;;oci;2026-07-10 19:51:35;;
4842173023;nsprjoam;pss32-smnmn1-01;otuodu2e-1-6-c2 odu2e rcv / network:10.22.8.69:shelf-1:slot-6:card:port-c2;ma;sao raimundo das mangabeiras;98;;oci;2026-07-10 19:51:33;;
4842173024;nsprjoam;pss32-smnmn1-01;odu4odu2e-1-71-2-2 odu2e rcv / network:id:18464;ma;sao raimundo das mangabeiras;98;;oci;2026-07-10 19:51:33;;
4842173025;nsprjoam;pss32-sdztdz1-01;otuodu2e-1-6-c2 odu2e rcv / network:10.22.8.70:shelf-1:slot-6:card:port-c2;ma;sao domingos do azeitao;98;;oci;2026-07-10 19:51:33;;
4842081763;nsprjoam;pss8-agancl1-01;ahphg-1-4:61370439 / optics:1783707459:ahphg-1-4:61370439;pa;agua azul do norte;91;;manreset;2026-07-10 15:17:43;;
4842081764;nsprjoam;pss8-agancl1-01;ahphg-1-2:61370438 / optics:1783707460:ahphg-1-2:61370438;pa;agua azul do norte;91;;manreset;2026-07-10 15:17:43;;
4842013020;nsprjoam;pss32-anayviv-01;130scx10-1-16-c8 10gbe rcv / network:10.22.105.192:shelf-1:slot-16:card:port-c8;pa;anapu;91;;lanlss;2026-07-10 12:00:18;;
4841939390;nsprjoam;pss32-mbatm-02;ra2p-3-5-linein ots rcv / network:10.26.15.87:shelf-3:slot-5:card:port-linein;pa;maraba;91;agn n05   mba tm    ots   001;hispanloss;2026-07-10 09:16:35;ral fechada 401089/2026  c.f.(rt/blm /no /out/sw) (2026-07-10 16:13) c.f.(rt/blm /no /out/sw);
4841934682;nsprjoam;pss32-itzrc-03;ra2p-10-6-linein ots rcv / network:10.22.105.157:shelf-10:slot-6:card:port-linein;ma;imperatriz;98;agn n05   itz rc    ots   001;loramgain;2026-07-10 09:06:35;ral fechada 388601/2026  c.f.(rt/pmj /co /out/sw) (2026-07-10 16:13) c.f.(rt/pmj /co /out/sw);
4841694843;nsprjoam;pss32-cxsvo-01;iroadm-6-3-linein ots rcv / network:10.26.6.209:shelf-6:slot-3:card:port-linein;ma;caxias;98;cxs vo    tsa an    ots   003;hispanloss;2026-07-09 20:45:47;ral fechada 415049/2026 c.f.(sv/spo /mb /mon/) (2026-07-10 16:13) c.f.(sv/spo /mb /mon/);
4841694702;nsprjoam;pss64-pvofq-01#ocs;och-1-1-1-2 och nend rcv / network:10.26.31.92:shelf-1:slot-1:card:port-2;ro;porto velho;69;;los;2026-07-09 20:45:22;;
4841694707;nsprjoam;pss64-pvofq-01#ocs;xfp-1-1-8-9 eqpt nend / network:10.26.31.92:shelf-1:slot-8:card:port-9;ro;porto velho;69;;improprmvl;2026-07-09 20:45:22;;
4841694709;nsprjoam;pss64-pvofq-01#ocs;gbe-1-1-4-5 gbe nend rcv / network:10.26.31.92:shelf-1:slot-4:card:port-5;ro;porto velho;69;;los;2026-07-09 20:45:22;;
4841694710;nsprjoam;pss64-pvofq-01#ocs;otuodu3tct-1-1-11-2-6-bm odu3tcm nend rcv / network:10.26.31.92:shelf-1:slot-11:card:port-2;ro;porto velho;69;;uat-tcm;2026-07-09 20:45:22;;
4841694711;nsprjoam;pss64-pvofq-01#ocs;gbe-1-1-4-6 gbe nend rcv / network:10.26.31.92:shelf-1:slot-4:card:port-6;ro;porto velho;69;;los;2026-07-09 20:45:22;;
4841694715;nsprjoam;pss64-pvofq-01#ocs;netif-3 netif / network:10.26.31.92;ro;porto velho;69;;eoc;2026-07-09 20:45:22;;
4841694699;nsprjoam;pss64-pvofq-01#ocs;130scup-1-1-40 eqpt nend consequential / network:10.26.31.92:shelf-1:slot-40:card;ro;porto velho;69;;man;2026-07-09 20:45:21;;
4841694700;nsprjoam;pss64-pvofq-01#ocs;otuodu3-1-1-11-1 odu3 nend rcv / network:10.26.31.92:shelf-1:slot-11:card:port-1;ro;porto velho;69;;unavailable time;2026-07-09 20:45:21;;
4841694703;nsprjoam;pss64-pvofq-01#ocs;port-1-1-40-1 eqpt nend consequential / network:10.26.31.92:shelf-1:slot-40:card:port-1;ro;porto velho;69;;man;2026-07-09 20:45:21;;
4841694708;nsprjoam;pss64-pvofq-01#ocs;otuodu3tct-1-1-11-1-6-bm odu3tcm nend rcv / network:10.26.31.92:shelf-1:slot-11:card:port-1;ro;porto velho;69;;uat-tcm;2026-07-09 20:45:21;;
4841694712;nsprjoam;pss64-pvofq-01#ocs;gbe10-1-1-2-3 gbe10 nend rcv / network:10.26.31.92:shelf-1:slot-2:card:port-3;ro;porto velho;69;;los;2026-07-09 20:45:21;;
4841694713;nsprjoam;pss64-pvofq-01#ocs;gbe10-1-1-1-7 gbe10 nend rcv / network:10.26.31.92:shelf-1:slot-1:card:port-7;ro;porto velho;69;;los;2026-07-09 20:45:21;;
4841694716;nsprjoam;pss64-pvofq-01#ocs;netif-2 netif / network:10.26.31.92;ro;porto velho;69;;lcpconfail;2026-07-09 20:45:21;;
4841694697;nsprjoam;pss64-pvofq-01#ocs;xfp-1-1-8-4 eqpt nend consequential / network:10.26.31.92:shelf-1:slot-8:card:port-4;ro;porto velho;69;;man;2026-07-09 20:45:20;;
4841631423;nsprjoam;pss32-rpec01-01;iroadm-1-5-linein ots rcv / network:10.26.44.26:shelf-1:slot-5:card:port-linein;am;rio preto da eva;92;mns em    rpe c01   ots   001;hispanloss;2026-07-09 18:06:28;ral 183751/2026 (2026-07-04 17:45) c.f.(rc/mns /no /net/sg);
4841630865;nsprjoam;pss32-mnsem-02;port-7-7-linein ots rcv / network:10.26.21.210:shelf-7:slot-7:card:port-linein;am;manaus;92;mns em    rpe c01   ots   001;hispanloss;2026-07-09 18:05:02;ral 183751/2026 c.f.(rc/mns /no /net/sg);
4841438472;emlaa1;bo26-itzrc-01;;ma;imperatriz;98;;node isolation;2026-07-09 09:02:18;;
4841340406;nsprjoam;pss32-pbwbrp-01;11dpm12-6-9-c5 1gbe rcv / network:10.26.3.154:shelf-6:slot-9:card:port-c5;ro;pimenta bueno;69;;deg;2026-07-09 02:10:33;;
4841242822;nsprjoam;pss32-cos01-01;s13x100-1-7-c4 10gbe rcv / network:10.22.8.72:shelf-1:slot-7:card:port-c4;ma;colinas;98;;lanlos;2026-07-09 00:14:07;;
4840708728;nsprjoam;pss32-cvzlb-01;ra2p-2-9-linein ots rcv / network:10.26.6.174:shelf-2:slot-9:card:port-linein;am;careiro da varzea;92;azs cl1   cvz lb    ots   002;hispanloss;2026-07-08 16:15:14;;
4840693335;nsprjoam;pss32-azscl1-01;ra2p-1-6-linein ots rcv / network:10.26.44.28:shelf-1:slot-6:card:port-linein;am;autazes;92;azs cl1   cvz lb    ots   002;hispanloss;2026-07-08 16:00:43;;
4840564010;nsprjoam;pss32-blmqb-03;ahphg-12-2-osc eqpt / network:10.26.12.131:shelf-12:slot-2:card:port-osc;pa;belem;91;;replunitmissmod;2026-07-08 12:02:56;;
4840549998;nmmaa4;62itzrc_01;r01sr1sl17/port#23-#01-p12mon_vc12;ma;imperatriz;98;cxs tim itz ti0 dpdv 0027;ais;2026-07-08 11:27:46;;
4840550000;nmmaa4;62itzrc_01;r01sr1sl17/port#11-#01-p12mon_vc12;ma;imperatriz;98;cxs tih itz ti0 dpdv 0001 novo;ais;2026-07-08 11:27:46;;
4840550002;nmmaa4;62itzrc_01;r01sr1sl17/port#14-#01-p12mon_vc12;ma;imperatriz;98;cxs tim itz ti0 dpdv 0001 novo;ais;2026-07-08 11:27:46;;
4840550004;nmmaa4;62itzrc_01;r01sr1sl17/port#20-#01-p12mon_vc12;ma;imperatriz;98;cxs tim itz ti0 dpdv 0013;ais;2026-07-08 11:27:46;;
4840550005;nmmaa4;62itzrc_01;r01sr1sl17/port#24-#01-p12mon_vc12;ma;imperatriz;98;cxs tim itz ti0 dpdv 0029;ais;2026-07-08 11:27:46;;
4840550007;nmmaa4;62itzrc_01;r01sr1sl17/port#12-#01-p12mon_vc12;ma;imperatriz;98;cxs tih itz t10 dpdv 0003;ais;2026-07-08 11:27:46;;
4840550009;nmmaa4;62itzrc_01;r01sr1sl17/port#15-#01-p12mon_vc12;ma;imperatriz;98;cxs tim itz ti0 dpdv 0003 novo;ais;2026-07-08 11:27:46;;
4840549996;nmmaa4;62itzrc_01;r01sr1sl17/port#10-#01-p12mon_vc12;ma;imperatriz;98;cxs 4l itz ti0 dpdv 0007 novo;ais;2026-07-08 11:27:45;;
4840549997;nmmaa4;62itzrc_01;r01sr1sl17/port#16-#01-p12mon_vc12;ma;imperatriz;98;cxs tim itz ti0 dpdv 0005 novo;ais;2026-07-08 11:27:45;;
4840549999;nmmaa4;62itzrc_01;r01sr1sl17/port#26-#01-p12mon_vc12;ma;imperatriz;98;gna rd    itz rc    2mger 001;ais;2026-07-08 11:27:45;;
4840550006;nmmaa4;62itzrc_01;r01sr1sl17/port#09-#01-p12mon_vc12;ma;imperatriz;98;cxs 4l itz ti0 dpdv 0005 novo;ais;2026-07-08 11:27:45;;
4841836851;emlaa1;lm26-cxuabr-01;odu2-1-3-4-l1 odu2 nend rcv;ma;caxuxa - alto alegre do maranhao;;;alarm indication signal;2026-07-08 04:22:26;;
4840354372;nmmaa4;60pvofq_01;r01sr1sl04/port#010-els;ro;porto velho;69;;loss of signal;2026-07-08 02:24:23;;
4840324833;nsprjoam;pss32-itzrc-03;am2125b-10-7-oscsfp ots rcv / network:10.22.105.157:shelf-10:slot-7:card:port-oscsfp;ma;imperatriz;98;;los-o;2026-07-08 01:10:17;;
4840197195;nsprjoam;pss64c-mnsem-01#ocs;otuodu2-1-1-5-9 odu2 nend trmt / network:10.22.238.9:shelf-1:slot-5:card:port-9;am;manaus;92;;open connection indication;2026-07-07 18:45:33;;
4840060430;nsprjoam;pss32-mnsem-02;ra2p-15-5-linein ots rcv / network:10.26.21.210:shelf-15:slot-5:card:port-linein;am;manaus;92;iot 0e8   mns em    ots   001;aprline;2026-07-07 13:14:23;;
4839984323;nsprjoam;pss32-sidbr-01;ra2p-4-3-linein ots rcv / network:10.22.105.131:shelf-4:slot-3:card:port-linein;pa;santa maria do para;91;sid br    slpakb    ots   001;loramgain;2026-07-07 12:09:08;ral 375152/2026 (2026-07-02 10:49) c.f.(rc/blm /no /net/sg);
4839980171;nsprjoam;pss32-slpakb-01;ra2p-3-4-linein ots rcv / network:10.22.105.132:shelf-3:slot-4:card:port-linein;pa;santa luzia do para;91;sid br    slpakb    ots   001;loramgain;2026-07-07 12:05:17;ral 375152/2026 (2026-07-02 16:40) c.f.(rc/blm /no /net/sg);
4839903994;nsprjoam;pss64c-pqiafc-01;am2125b-8-15-lineout ots trmt / network:10.22.105.146:shelf-8:slot-15:card:port-lineout;ma;pequia - acailandia;;;aprtopo;2026-07-07 10:48:11;;
4839899410;nsprjoam;pss64c-pqiafc-01;am2125b-8-14-lineout ots trmt / network:10.22.105.146:shelf-8:slot-14:card:port-lineout;ma;pequia - acailandia;;;aprswitch;2026-07-07 10:43:03;;
4839892820;nsprjoam;pss64c-pqiafc-01;wr8-88af-1-11:60339388 / optics:1783431270:wr8-88af-1-11:60339388;ma;pequia - acailandia;;;manreset;2026-07-07 10:34:35;;
4839883658;nsprjoam;pss64c-pqiafc-01;mesh4-1-13:60337914 / optics:1783430674:mesh4-1-13:60337914;ma;pequia - acailandia;;;manreset;2026-07-07 10:24:36;;
4839875650;nsprjoam;pss64c-pqiafc-01;am2125b-1-10:60335766 / optics:1783430075:am2125b-1-10:60335766;ma;pequia - acailandia;;;manreset;2026-07-07 10:14:34;;
4839875652;nsprjoam;pss64c-pqiafc-01;am2125b-1-9:60335765 / optics:1783430076:am2125b-1-9:60335765;ma;pequia - acailandia;;;manreset;2026-07-07 10:14:34;;
4839873829;nsprjoam;pss64c-pqiafc-01;am2125b-1-10-lineout ots trmt / network:10.22.105.146:shelf-1:slot-10:card:port-lineout;ma;pequia - acailandia;;;aprswitch;2026-07-07 10:12:19;;
4839873604;nsprjoam;pss64c-pqiafc-01;am2125b-1-9-lineout ots trmt / network:10.22.105.146:shelf-1:slot-9:card:port-lineout;ma;pequia - acailandia;;;aprswitch;2026-07-07 10:12:09;;
4839851752;nmmaa4;60mnsem_02;r01sr1sl14/port#001-els;am;manaus;92;;loss of signal;2026-07-07 08:57:48;;
4839758550;nsprjoam;pss32-iotviv-01;130scx10-1-16-c10-1 odu2 trmt / network:10.22.140.42:shelf-1:slot-16:card:port-c10;am;itacoatiara;92;;ociegr;2026-07-07 02:27:40;;
4839669752;nsprjoam;pss64c-pqiafc-01;ra2p-3-3-linein ots rcv / network:10.22.105.146:shelf-3:slot-3:card:port-linein;ma;pequia - acailandia;;entokb    pqiafc    ots   001;loramgain;2026-07-06 19:49:41;ral fechada 406319/2026 c.f.(rt/sls /ce /net/fo) (2026-07-06 21:34) c.f.(rt/sls /ce /net/fo);
4839629648;nsprjoam;pss32-butpfc-01;wr-1-6-sig-9365.000 och trmt / network:10.22.105.140:shelf-1:slot-6:card:port-sig;ma;buriticupu;98;;los;2026-07-06 17:18:35;;
4839629558;nsprjoam;pss32-butpfc-01;wr-1-6-sig-9360.000 och trmt / network:10.22.105.140:shelf-1:slot-6:card:port-sig;ma;buriticupu;98;;los;2026-07-06 17:18:18;;
4839628841;nsprjoam;pss32-pqiafc-02;11dpe12e-1-17-l2-1 odu2 rcv / network:10.22.14.7:shelf-1:slot-17:card:port-l2;ma;pequia - acailandia;;;ssfodu;2026-07-06 17:16:12;;
4839622079;nmmaa6;26anjfc_01_oadm;;ma;anajatuba;98;;node isolation;2026-07-06 16:38:28;;
4839582150;nsprjoam;pss32-mnshz-01;usrpnl-1-40-voip plk rcv / network:10.26.6.173:shelf-1:slot-40:card:port-voip;am;manaus;92;;linkdown;2026-07-06 14:52:45;;
4839582030;nsprjoam;pss32-mnshz-01;s13x100-5-13-c7 10gbe rcv / network:10.26.6.173:shelf-5:slot-13:card:port-c7;am;manaus;92;;lanlfi;2026-07-06 14:52:08;;
4839582029;nsprjoam;pss32-mnshz-01;s13x100-1-11-c4 10gbe rcv / network:10.26.6.173:shelf-1:slot-11:card:port-c4;am;manaus;92;;lanlfi;2026-07-06 14:52:07;;
4839581937;nsprjoam;pss32-cxymq-01;s13x100-1-12-c4 10gbe rcv / network:10.26.6.175:shelf-1:slot-12:card:port-c4;am;careiro;92;;lanlfi;2026-07-06 14:51:45;;
4839581938;nsprjoam;pss32-cxymq-01;s13x100-3-17-c7 10gbe rcv / network:10.26.6.175:shelf-3:slot-17:card:port-c7;am;careiro;92;;lanlfi;2026-07-06 14:51:43;;
4839583988;nmmaa4;62mnsem_01;r01sr1sl19/port#01-p;am;manaus;92;mns lm dcnrjo am dcn2m    001;loss of signal;2026-07-06 14:49:37;;
4839583986;nmmaa4;62mnsem_01;r01sr1sl19/port#10-p;am;manaus;92;mns lm dcnrjo lv dcn2m    001;loss of signal;2026-07-06 14:49:36;;
4839535518;nsprjoam;pss64c-mnsem-01#ocs;10.22.106.30 / network:id:11901;am;manaus;92;;dpr_down 5000 10.22.106.31;2026-07-06 12:14:23;;
4839535520;nsprjoam;pss64c-mnsem-01#ocs;netif-1 netif / network:10.22.238.9;am;manaus;92;;eoc;2026-07-06 12:14:23;;
4839535521;nsprjoam;pss64c-mnsem-01#ocs;netif-3 netif / network:10.22.238.9;am;manaus;92;;eoc;2026-07-06 12:14:23;;
4839535455;nsprjoam;pss64c-mnsem-01#ocs;port-1-1-9-1 eqpt nend consequential / network:10.22.238.9:shelf-1:slot-9:card:port-1;am;manaus;92;;man;2026-07-06 12:14:23;;
4839535514;nsprjoam;pss64c-mnsem-01#ocs;otuodu2tct-1-1-5-7-6-bm odu2tcm nend rcv / network:10.22.238.9:shelf-1:slot-5:card:port-7;am;manaus;92;;ssf-t;2026-07-06 12:14:22;;
4839535515;nsprjoam;pss64c-mnsem-01#ocs;gbe10-1-1-2-10 gbe10 nend rcv / network:10.22.238.9:shelf-1:slot-2:card:port-10;am;manaus;92;;los;2026-07-06 12:14:22;;
4839535457;nsprjoam;pss64c-mnsem-01#ocs;gbe-1-1-3-4 gbe nend rcv / network:10.22.238.9:shelf-1:slot-3:card:port-4;am;manaus;92;;los;2026-07-06 12:14:22;;
4839535458;nsprjoam;pss64c-mnsem-01#ocs;port-1-1-9-2 eqpt nend consequential / network:10.22.238.9:shelf-1:slot-9:card:port-2;am;manaus;92;;man;2026-07-06 12:14:22;;
4839535460;nsprjoam;pss64c-mnsem-01#ocs;gbe-1-1-3-3 gbe nend rcv / network:10.22.238.9:shelf-1:slot-3:card:port-3;am;manaus;92;;los;2026-07-06 12:14:22;;
4839535507;nsprjoam;pss64c-mnsem-01#ocs;och-1-1-5-8 och nend rcv / network:10.22.238.9:shelf-1:slot-5:card:port-8;am;manaus;92;;los;2026-07-06 12:14:22;;
4839535452;nsprjoam;pss64c-mnsem-01#ocs;pf-1-1-91 eqpt nend / network:10.22.238.9:shelf-1:slot-91:card;am;manaus;92;;fa;2026-07-06 12:14:21;;
4839535461;nsprjoam;pss64c-mnsem-01#ocs;gbe-1-1-3-10 gbe nend rcv / network:10.22.238.9:shelf-1:slot-3:card:port-10;am;manaus;92;;los;2026-07-06 12:14:21;;
4839535453;nsprjoam;pss64c-mnsem-01#ocs;2xany40g-1-1-9 eqpt nend consequential / network:10.22.238.9:shelf-1:slot-9:card;am;manaus;92;;man;2026-07-06 12:14:20;;
4839535454;nsprjoam;pss64c-mnsem-01#ocs;otuodu2-1-1-5-7 odu2 nend rcv / network:10.22.238.9:shelf-1:slot-5:card:port-7;am;manaus;92;;server signal failure on ho path;2026-07-06 12:14:20;;
4839529460;nsprjoam;pss64c-slsus-01#ocs;gbe-1-1-1-17 gbe nend rcv / network:10.22.104.17:shelf-1:slot-1:card:port-17;ma;sao luis;98;;los;2026-07-06 12:05:35;;
4839482705;nsprjoam;pss32-smnmn1-01;iroadm-1-4-linein-9310.000 och rcv / network:10.22.8.69:shelf-1:slot-4:card:port-linein;ma;sao raimundo das mangabeiras;98;;ochunknown;2026-07-06 10:12:12;;
4839482703;nsprjoam;pss32-sdztdz1-01;iroadm-1-4-linein-9310.000 och rcv / network:10.22.8.70:shelf-1:slot-4:card:port-linein;ma;sao domingos do azeitao;98;;ochunknown;2026-07-06 10:11:55;;
4839481416;nmmaa4;62mnsem_01;r01sr1sl19/port#22-#01-p12mon_vc12;am;manaus;92;hut       mns tr b  00031n002;ais;2026-07-06 09:57:48;;
4839481418;nmmaa4;62mnsem_01;r01sr1sl19/port#02-#01-p12mon_vc12;am;manaus;92;hut       mns tr b  00031n001;ais;2026-07-06 09:57:48;;
4839481338;nmmaa4;62hutsu_01;r01sr1sl03/port#13-p;am;humaita;92;hut       mns tr b  00031n001;loss of signal;2026-07-06 09:57:08;;
4839481339;nmmaa4;62hutsu_01;r01sr1sl03/port#09-p;am;humaita;92;hut       mns tr b  00031n002;loss of signal;2026-07-06 09:57:08;;
4838900573;nsprjoam;pss32-mnsem-02;ipreamp-15-6-lineout ots trmt / network:10.26.21.210:shelf-15:slot-6:card:port-lineout;am;manaus;92;;aprswitch;2026-07-04 17:04:47;;
4838793759;nsprjoam;pss32-oxacl1-01;aar-2-3-ampin1 ots rcv / network:10.26.44.34:shelf-2:slot-3:card:port-ampin1;pa;oriximina;91;;los;2026-07-04 10:30:42;;
4837830372;nsprjoam;pss32-blmsz-01;usrpnl-1-40-voip plk rcv / network:10.26.6.153:shelf-1:slot-40:card:port-voip;pa;belem;91;;linkdown;2026-07-02 21:00:17;;
4837825196;nmmaa2;60blmqb_03;r01sr1sl19/port#15-#01-p12mon_vc12;pa;belem;91;blm tr a  cta tr d  00031n003;ais;2026-07-02 20:30:37;;
4837750093;nmmaa4;60slsus_06;r01sr1sl23/port#003-#1-1-1-tu12-tme;ma;sao luis;98;;unequipped;2026-07-02 16:55:37;;
4837750094;nmmaa4;62slsus_03;r01sr1sl06/port#01-#1-1-1-tu12-tmi;ma;sao luis;98;;unequipped;2026-07-02 16:55:32;;
4837750097;nmmaa4;62slsus_03;r01sr1sl03/port#19-#01-vc12;ma;sao luis;98;;unequipped;2026-07-02 16:55:32;;
4837750099;nmmaa4;62slsus_03;r01sr1sl03/port#46-#01-p12mon_vc12;ma;sao luis;98;fla pv    sis       dpdv  0001;ais;2026-07-02 16:55:32;;
4837750107;nmmaa4;62slsus_03;r01sr1sl04/port#44-#01-p12mon_vc12;ma;sao luis;98;rce       sls       dpdv  0001;ais;2026-07-02 16:55:32;;
4837750106;nmmaa4;62slsus_03;r01sr1sl03/port#29-#01-p12mon_vc12;ma;sao luis;98;fla pv sls 00031n001;ais;2026-07-02 16:55:31;;
4837735226;nmmaa4;62slsus_03;r01sr1sl03/port#61-#01-p12mon_vc12;ma;sao luis;98;bsa       sls       00030n001 - 36273/2018;ais;2026-07-02 16:20:06;;
4837725981;nsprjoam;pss32-mbatm-02;ipreamp-6-5-lineout ots trmt / network:10.26.15.87:shelf-6:slot-5:card:port-lineout;pa;maraba;91;;aprtopo;2026-07-02 16:03:59;;
4837725977;nsprjoam;pss32-mbatm-02;iroadm-6-3-lineout ots trmt / network:10.26.15.87:shelf-6:slot-3:card:port-lineout;pa;maraba;91;;aprtopo;2026-07-02 16:03:58;;
4837725978;nsprjoam;pss32-mbatm-02;ipreamp-6-5-linein ots rcv / network:10.26.15.87:shelf-6:slot-5:card:port-linein;pa;maraba;91;;los;2026-07-02 16:03:58;;
4837725979;nsprjoam;pss32-mbatm-02;ra2p-6-4-linein ots rcv / network:10.26.15.87:shelf-6:slot-4:card:port-linein;pa;maraba;91;;aprtopo;2026-07-02 16:03:58;;
4846080499;emlaa1;lm26-cxuabr-02;trbd-1-3-5 eqpt nend;ma;caxuxa - alto alegre do maranhao;;;hardware failure;2026-07-02 15:23:08;;
4846080500;emlaa1;lm26-cxuabr-02;och-1-3-5-l1 och nend;ma;caxuxa - alto alegre do maranhao;;autodisc-lm26-cxuabr-02/trbd1191-och-1-3-5-l1_cmdx1012-omsochif-1-3-2-c6;underlying resource is unavailable;2026-07-02 15:23:08;;
4846080501;emlaa1;lm26-cxuabr-02;och-1-3-5-c1 och nend;ma;caxuxa - alto alegre do maranhao;;cxuabr    cxuabr    tpondr055;underlying resource is unavailable;2026-07-02 15:23:08;;
4846080502;emlaa1;lm26-cxuabr-02;och-1-2-6-c2 och nend rcv;ma;caxuxa - alto alegre do maranhao;;v_lm26-cxuabr-02  1-2-6-c2;loss of signal;2026-07-02 15:22:38;;
4846080503;emlaa1;lm26-cxuabr-02;och-1-2-12-l1 och nend rcv;ma;caxuxa - alto alegre do maranhao;;autodisc-lm26-cxuabr-02/trbd1191-och-1-2-12-l1_cmdx1012-omsochif-1-2-19-c2;loss of signal;2026-07-02 15:22:38;;
4846080504;emlaa1;lm26-cxuabr-02;och-1-2-18-c1 och nend rcv;ma;caxuxa - alto alegre do maranhao;;v_lm26-cxuabr-02  1-2-18-c1;loss of signal;2026-07-02 15:22:38;;
4846080505;emlaa1;lm26-cxuabr-02;odu2-1-2-12-l1 odu2 nend rcv;ma;caxuxa - alto alegre do maranhao;;;server signal failure;2026-07-02 15:22:38;;
4846080506;emlaa1;lm26-cxuabr-02;cbr2g5-1-2-6-c2 cbr2g5 nend rcv;ma;caxuxa - alto alegre do maranhao;;;server signal failure;2026-07-02 15:22:38;;
4846080390;emlaa1;lm26-cxuabr-02;trbdport-1-2-18-c1-in eqpt nend;ma;caxuxa - alto alegre do maranhao;;;power loss;2026-07-02 15:22:38;;
4837712058;nsprjoam;pss32-mbatm-02;s2ad200-1-13-c1 100gbe rcv / network:10.26.15.87:shelf-1:slot-13:card:port-c1;pa;maraba;91;;lanlfi;2026-07-02 15:22:07;;
4846080392;emlaa1;lm26-cxuabr-02;odu2-1-3-5-l1 odu2 nend rcv;ma;caxuxa - alto alegre do maranhao;;;server signal failure;2026-07-02 15:20:55;;
4846080393;emlaa1;lm26-cxuabr-02;esctport-1-3-1-eth3 eqpt nend;ma;caxuxa - alto alegre do maranhao;;;management lan;2026-07-02 15:20:54;;
4846080394;emlaa1;lm26-cxuabr-02;odu2-1-3-4-c1 odu2 nend rcv;ma;caxuxa - alto alegre do maranhao;;;payload locked;2026-07-02 15:20:54;;
4846080396;emlaa1;lm26-cxuabr-02;esctport-1-1-1-eth3 eqpt nend;ma;caxuxa - alto alegre do maranhao;;;management lan;2026-07-02 15:19:35;;
4846080386;emlaa1;lm26-cxuabr-02;sfp-1-1-10-c5 eqpt nend;ma;caxuxa - alto alegre do maranhao;;;improper removal;2026-07-02 15:18:52;;
4837707318;nsprjoam;pss32-mbatm-02;s2ad200h-1-13:58594277 / optics:1783015977:s2ad200h-1-13:58594277;pa;maraba;91;;discovermod;2026-07-02 15:12:55;;
4837689378;nsprjoam;pss64c-pqiafc-01#ocs;otuodu2-1-1-6-4 odu2 nend rcv / network:10.22.104.25:shelf-1:slot-6:card:port-4;ma;pequia - acailandia;;;unavailable time;2026-07-02 14:20:27;;
4837688107;nsprjoam;pss32-mbatm-02;irdm20-5-3-custlan plk rcv / network:10.26.15.87:shelf-5:slot-3:card:port-custlan;pa;maraba;91;;linkdown;2026-07-02 14:15:41;;
4843473559;emlaa1;bo26-sidbr-02;och-1-2-15-c1 och nend;pa;santa maria do para;91;;underlying resource is unavailable;2026-07-02 13:29:42;;
4843473558;emlaa1;bo26-sidbr-02;och-1-2-15-l1 och nend;pa;santa maria do para;91;;underlying resource is unavailable;2026-07-02 13:29:41;;
4843473556;emlaa1;bo26-sidbr-02;och-1-3-17-c1 och nend rcv;pa;santa maria do para;91;v_bo26-sidbr-01 1-3-17-c1;loss of signal;2026-07-02 12:51:54;;
4843473594;emlaa1;bo26-sidbr-02;och-1-3-4-c1 och nend rcv;pa;santa maria do para;91;sid br    sid br    eg/10g001 13+sid br    sid br    tpondr001 01;loss of signal;2026-07-02 12:51:54;;
4843473595;emlaa1;bo26-sidbr-02;och-1-3-5-c1 och nend rcv;pa;santa maria do para;91;;loss of signal;2026-07-02 12:51:54;;
4843473523;emlaa1;bo26-sidbr-02;trbdport-1-3-6-c1-in eqpt nend;pa;santa maria do para;91;;power loss;2026-07-02 12:51:53;;
4843473524;emlaa1;bo26-sidbr-02;trbdport-1-3-17-c1-in eqpt nend;pa;santa maria do para;91;;power loss;2026-07-02 12:51:53;;
4843473525;emlaa1;bo26-sidbr-02;trbdport-1-3-18-c1-in eqpt nend;pa;santa maria do para;91;;power loss;2026-07-02 12:51:53;;
4843473551;emlaa1;bo26-sidbr-02;gbe10e-1-3-5-l1 gbe10e nend rcv;pa;santa maria do para;91;;generic alarm indication signal;2026-07-02 12:51:53;;
4843473552;emlaa1;bo26-sidbr-02;gbe10e-1-3-6-l1 gbe10e nend rcv;pa;santa maria do para;91;;generic alarm indication signal;2026-07-02 12:51:53;;
4843473513;emlaa1;bo26-sidbr-02;bmdxport-1-1-7-c10-in eqpt nend;pa;santa maria do para;91;;power loss;2026-07-02 12:51:15;;
4843473464;emlaa1;bo26-sidbr-02;omsband-1-1-7-l1-f191950 omsband nend trmt;pa;santa maria do para;91;;underlying resource is unavailable;2026-07-02 12:51:15;;
4843473379;emlaa1;bo26-sidbr-02;cbr2g5-1-2-14-c3 cbr2g5 nend rcv;pa;santa maria do para;91;;server signal failure;2026-07-02 12:51:00;;
4843473383;emlaa1;bo26-sidbr-02;trbdport-1-2-17-c1-in eqpt nend;pa;santa maria do para;91;;power loss;2026-07-02 12:50:59;;
4843473385;emlaa1;bo26-sidbr-02;trbcport-1-2-14-c3-in eqpt nend;pa;santa maria do para;91;;power loss;2026-07-02 12:50:58;;
4843473386;emlaa1;bo26-sidbr-02;trbcport-1-2-14-c4-in eqpt nend;pa;santa maria do para;91;;power loss;2026-07-02 12:50:58;;
4837332917;nsprjoam;pss32-junn90-01;am2125b-3-4-lineout ots trmt / network:10.22.105.199:shelf-3:slot-4:card:port-lineout;pa;jacunda;91;;los-out;2026-07-01 19:10:01;;
4837222859;nsprjoam;psslx-mpagg-03;slot-1/card name-laser eqpt / network:10.26.39.146:shelf-1/card name:slot-laser;ap;macapa;96;;loss of input power;2026-07-01 13:59:41;;
4837222861;nsprjoam;psslx-mpagg-02;slot-1/card name-laser eqpt / network:10.26.39.123:shelf-1/card name:slot-laser;ap;macapa;96;;laser state off;2026-07-01 13:59:41;;
4837134337;nmmaa6;26slsus_01;r01sr1sl18/daughter#01;ma;sao luis;98;;replaceable unit missing;2026-07-01 09:42:39;;
4837134237;nmmaa6;26slsus_01;r1sr1sl18/port#1-ogpi;ma;sao luis;98;;underlying resource unavailable;2026-07-01 09:42:37;;
4837004228;nsprjoam;pss64c-pqiafc-01;32ec2-4-1 eqpt / network:10.22.105.146:shelf-4:slot-1:card;ma;pequia - acailandia;;;sfmismatch;2026-07-01 02:29:14;;
4836993434;nsprjoam;pss64c-pqiafc-01;am2125b-1-3:58130649 / optics:1782881766:am2125b-1-3:58130649;ma;pequia - acailandia;;;manreset;2026-07-01 01:56:10;;
4836993435;nsprjoam;pss64c-pqiafc-01;wr8-88a-1-4:58130606 / optics:1782881767:wr8-88a-1-4:58130606;ma;pequia - acailandia;;;manreset;2026-07-01 01:56:09;;
4836993436;nsprjoam;pss64c-pqiafc-01;mesh4-1-6:58130551 / optics:1782881766:mesh4-1-6:58130551;ma;pequia - acailandia;;;manreset;2026-07-01 01:56:09;;
4836993433;nsprjoam;pss64c-pqiafc-01;am2125b-1-2:58130674 / optics:1782881767:am2125b-1-2:58130674;ma;pequia - acailandia;;;manreset;2026-07-01 01:56:08;;
4836996419;nmmaa4;60jippv_01;r01sr1sl19/port#014-#01-p12mon_vc12;ro;ji-parana;69;;ais;2026-07-01 01:54:57;;
4836996333;nmmaa4;60pbwbrp_01;r01sr1sl34/port#001-msttp;ro;pimenta bueno;69;pbw brplinvha ccline16s   601;ais;2026-07-01 01:52:59;ral fechada 392705/2026  c.f.(sv/rjo /am /ace/cd) (2026-07-01 02:13) c.f.(sv/rjo /am /ace/cd);
4836991449;nsprjoam;pss64c-pqiafc-01;32ec2-4-18 eqpt / network:10.22.105.146:shelf-4:slot-18:card;ma;pequia - acailandia;;;eps-impaired;2026-07-01 01:48:42;;
4836991020;nsprjoam;pss64c-pqiafc-01;odu2-15-9-c1 odu2 rcv / network:10.22.105.146:shelf-15:slot-9:card:port-c1;ma;pequia - acailandia;;;oci;2026-07-01 01:47:03;;
4836991019;nsprjoam;pss64c-pqiafc-01;130scx10-7-16-c10 10gbe rcv / network:10.22.105.146:shelf-7:slot-16:card:port-c10;ma;pequia - acailandia;;;lanlos;2026-07-01 01:47:01;;
4836991011;nsprjoam;pss64c-pqiafc-01;s13x100-14-17-c5 eqpt / network:10.22.105.146:shelf-14:slot-17:card:port-c5;ma;pequia - acailandia;;;replunitmissmod;2026-07-01 01:47:00;;
4836991015;nsprjoam;pss64c-pqiafc-01;130snx10-12-2-c3-1 odu2 trmt / network:10.22.105.146:shelf-12:slot-2:card:port-c3;ma;pequia - acailandia;;;ociegr;2026-07-01 01:47:00;;
4836991016;nsprjoam;pss64c-pqiafc-01;130snx10-12-2-c3-1 odu2 rcv / network:10.22.105.146:shelf-12:slot-2:card:port-c3;ma;pequia - acailandia;;;oci;2026-07-01 01:47:00;;
4836991017;nsprjoam;pss64c-pqiafc-01;130scx10-7-16-c8 10gbe rcv / network:10.22.105.146:shelf-7:slot-16:card:port-c8;ma;pequia - acailandia;;;lanlos;2026-07-01 01:47:00;;
4836991018;nsprjoam;pss64c-pqiafc-01;130scx10-7-16-c5 10gbe rcv / network:10.22.105.146:shelf-7:slot-16:card:port-c5;ma;pequia - acailandia;;;lanlos;2026-07-01 01:47:00;;
4836991009;nsprjoam;pss64c-pqiafc-01;11dpe12e-14-13-c1-1 1gbe rcv / network:10.22.105.146:shelf-14:slot-13:card:port-c1;ma;pequia - acailandia;;;lanlos;2026-07-01 01:46:59;;
4836991008;nsprjoam;pss64c-pqiafc-01;11dpe12e-14-13-l1 otu2 rcv / network:10.22.105.146:shelf-14:slot-13:card:port-l1;ma;pequia - acailandia;;;los-p;2026-07-01 01:46:58;;
4836862962;nsprjoam;pss64c-pqiafc-01#ocs;otu-1-1-3-1 otu4 nend rcv / network:10.22.104.25:shelf-1:slot-3:card:port-1;ma;pequia - acailandia;;;uat-otu;2026-06-30 17:38:43;;
4836862963;nsprjoam;pss64c-pqiafc-01#ocs;port-1-1-13-1 eqpt nend / network:10.22.104.25:shelf-1:slot-13:card:port-1;ma;pequia - acailandia;;;improprmvl;2026-06-30 17:38:43;;
4844612792;nmmaa4;60vhacc_01;r01sr1sl39/ethlocport#20#1;ro;vilhena;69;;loss of signal;2026-06-30 15:56:57;;
4836755642;nsprjoam;pss32-aqstn-01;130snx10-6-10-c7 otu2 rcv / network:10.26.3.152:shelf-6:slot-10:card:port-c7;ro;ariquemes;69;;los-p;2026-06-30 13:00:55;;
4836719742;nsprjoam;pss32-sidbr-01;ra2p-3-3-linein ots rcv / network:10.22.105.131:shelf-3:slot-3:card:port-linein;pa;santa maria do para;91;bvs br    sid br    ots   001;hispanloss;2026-06-30 12:12:06;ral 370670/2026 (2026-06-30 08:12) c.f.(rc/blm /no /net/sg);
4838124746;emlaa1;bo26-cpncz-01;osc-1-1-10-stg1 osc nend rcv;pa;capanema;91;;backward defect indication on supervisory channel;2026-06-30 09:06:04;;
4836582029;nmmaa4;60cvzlb_01;r01sr1sl03/port#012-els;am;careiro da varzea;92;;loss of signal;2026-06-30 03:01:54;;
4836432468;nsprjoam;pss32-vtxuviv-01;iroadm-1-5-linein ots rcv / network:10.22.105.189:shelf-1:slot-5:card:port-linein;pa;vitoria do xingu;91;atm ac    vtxuviv   ots   001;hispanloss;2026-06-29 16:28:31;;
4836432382;nsprjoam;pss32-atmac-01;iroadm-2-2-linein ots rcv / network:10.22.105.190:shelf-2:slot-2:card:port-linein;pa;altamira;91;atm ac    vtxuviv   ots   001;hispanloss;2026-06-29 16:28:13;;
4836430884;nsprjoam;pss32-atmac-01;130scx10-2-16-c3-1 odu2 trmt / network:10.22.105.190:shelf-2:slot-16:card:port-c3;pa;altamira;91;;ociegr;2026-06-29 16:23:41;;
4836406279;nsprjoam;pss32-ammiso-01;iroadm-3-2-lineout-9440.000 och trmt / network:10.22.105.185:shelf-3:slot-2:card:port-lineout;pa;almeirim;91;;los;2026-06-29 14:43:44;;
4836406181;nsprjoam;pss32-ammiso-01;irdm20-3-2-custlan plk rcv / network:10.22.105.185:shelf-3:slot-2:card:port-custlan;pa;almeirim;91;;linkdown;2026-06-29 14:43:30;;
4838122515;emlaa1;bo26-slpakb-01;fan-1-2-41 eqpt nend;pa;santa luzia do para;91;;heater problem;2026-06-29 11:40:45;;
4836350351;emlaa1;lm26-blmqb-02;trbdport-1-2-11-c1-in eqpt nend;pa;belem;91;;power loss;2026-06-29 10:50:15;;
4836350352;emlaa1;lm26-blmqb-02;och-1-2-11-c1 och nend rcv;pa;belem;91;pqiafc    pqiafclinep4x64s002;loss of signal;2026-06-29 10:50:14;;
4838122505;emlaa1;bo26-slpakb-01;trbdport-1-2-3-c1-in eqpt nend;pa;santa luzia do para;91;;power loss;2026-06-29 08:10:56;;
4838122508;emlaa1;bo26-slpakb-01;trbdport-1-2-16-c1-in eqpt nend;pa;santa luzia do para;91;;power loss;2026-06-29 08:10:46;;
4841836852;emlaa1;lm26-cxuabr-01;fan-1-2-41 eqpt nend;ma;caxuxa - alto alegre do maranhao;;;heater problem;2026-06-26 18:52:51;;
4846082872;emlaa1;lm26-pqiafc-01;omsochif-1-2-19-c5 omsochif nend trmt;ma;pequia - acailandia;;autodisc-lm26-pqiafc-01/trbd1191-och-1-2-15-l1_cmdx1012-omsochif-1-2-19-c5;underlying resource is unavailable;2026-06-26 07:13:05;;
4846082873;emlaa1;lm26-pqiafc-01;trbdport-1-2-5-c1-in eqpt nend;ma;pequia - acailandia;;;power loss;2026-06-26 07:13:04;;
4841836853;emlaa1;lm26-cxuabr-01;fan-1-3-41 eqpt nend;ma;caxuxa - alto alegre do maranhao;;;heater problem;2026-06-22 19:07:51;;
4841836847;emlaa1;lm26-cxuabr-01;odu2-1-2-5-l1 odu2 nend rcv;ma;caxuxa - alto alegre do maranhao;;;alarm indication signal;2026-06-22 18:04:10;;
4841836849;emlaa1;lm26-cxuabr-01;odu2-1-2-17-l1 odu2 nend rcv;ma;caxuxa - alto alegre do maranhao;;;backward defect indication;2026-06-22 18:04:10;;
4841836850;emlaa1;lm26-cxuabr-01;odu2-1-2-4-l1 odu2 nend rcv;ma;caxuxa - alto alegre do maranhao;;;alarm indication signal;2026-06-22 18:04:10;;
4841836841;emlaa1;lm26-cxuabr-01;otu-1-2-12-l1 otu nend rcv;ma;caxuxa - alto alegre do maranhao;;;low threshold correction error rate;2026-06-22 18:04:09;;
4841836840;emlaa1;lm26-cxuabr-01;odu2-1-2-5-c1 odu2 nend rcv;ma;caxuxa - alto alegre do maranhao;;;backward defect indication;2026-06-22 17:23:34;;
4841836843;emlaa1;lm26-cxuabr-01;odu2-1-2-4-c1 odu2 nend rcv;ma;caxuxa - alto alegre do maranhao;;;backward defect indication;2026-06-22 17:23:33;;
4841836800;emlaa1;lm26-cxuabr-01;sfp-1-2-16-c3 eqpt nend;ma;caxuxa - alto alegre do maranhao;;;improper removal;2026-06-22 17:23:16;;
4841836798;emlaa1;lm26-cxuabr-01;och-1-2-16-c3 och nend;ma;caxuxa - alto alegre do maranhao;;;underlying resource is unavailable;2026-06-22 17:23:15;;
4841836794;emlaa1;lm26-cxuabr-01;gbe10e-1-3-7-c1 gbe10e nend rcv;ma;caxuxa - alto alegre do maranhao;;;server signal failure;2026-06-22 17:22:49;;
4841836823;emlaa1;lm26-cxuabr-01;och-1-3-7-c1 och nend rcv;ma;caxuxa - alto alegre do maranhao;;;loss of signal;2026-06-22 17:22:48;;
4841836825;emlaa1;lm26-cxuabr-01;och-1-3-8-c1 och nend rcv;ma;caxuxa - alto alegre do maranhao;;;loss of signal;2026-06-22 17:22:48;;
4841836827;emlaa1;lm26-cxuabr-01;odu2-1-3-3-c1 odu2 nend rcv;ma;caxuxa - alto alegre do maranhao;;;open connection indication;2026-06-22 17:22:48;;
4841836791;emlaa1;lm26-cxuabr-01;odu2-1-3-4-c1 odu2 nend rcv;ma;caxuxa - alto alegre do maranhao;;;open connection indication;2026-06-22 17:22:48;;
4841836796;emlaa1;lm26-cxuabr-01;gbe10e-1-3-8-c1 gbe10e nend rcv;ma;caxuxa - alto alegre do maranhao;;;server signal failure;2026-06-22 17:22:48;;
4841836802;emlaa1;lm26-cxuabr-01;omsochif-1-3-2-c2 omsochif nend trmt;ma;caxuxa - alto alegre do maranhao;;;underlying resource is unavailable;2026-06-22 17:22:48;;
4841836786;emlaa1;lm26-cxuabr-01;esctport-1-3-1-eth4 eqpt nend;ma;caxuxa - alto alegre do maranhao;;;management lan;2026-06-22 17:22:47;;
4841836781;emlaa1;lm26-cxuabr-01;trbc-1-3-16 eqpt nend;ma;caxuxa - alto alegre do maranhao;;;improper removal;2026-06-22 17:22:45;;
4841836774;emlaa1;lm26-cxuabr-01;cmdx-1-3-19 eqpt nend;ma;caxuxa - alto alegre do maranhao;;;improper removal;2026-06-22 17:22:44;;
4841836754;emlaa1;lm26-cxuabr-01;ethcport-1-1-10-c5-in eqpt nend;ma;caxuxa - alto alegre do maranhao;;;power loss;2026-06-22 17:20:30;;
4841836756;emlaa1;lm26-cxuabr-01;och-1-1-10-l1 och nend rcv;ma;caxuxa - alto alegre do maranhao;;autodisc-lm26-cxuabr-01/ethc1000-och-1-1-10-l1_trbd1191-och-1-1-16-c1;loss of signal;2026-06-22 17:20:30;;
4841836741;emlaa1;lm26-cxuabr-01;ethcport-1-1-10-l1-in eqpt nend;ma;caxuxa - alto alegre do maranhao;;;power loss;2026-06-22 17:20:29;;
4841836750;emlaa1;lm26-cxuabr-01;ethcport-1-1-10-c1-in eqpt nend;ma;caxuxa - alto alegre do maranhao;;;power loss;2026-06-22 17:20:29;;
4841836752;emlaa1;lm26-cxuabr-01;ethcport-1-1-10-c2-in eqpt nend;ma;caxuxa - alto alegre do maranhao;;;power loss;2026-06-22 17:20:29;;
4841836758;emlaa1;lm26-cxuabr-01;och-1-1-10-c1 och nend rcv;ma;caxuxa - alto alegre do maranhao;;cxuabr    cxuabr    ethg  001;loss of signal;2026-06-22 17:20:29;;
4841836760;emlaa1;lm26-cxuabr-01;och-1-1-10-c2 och nend rcv;ma;caxuxa - alto alegre do maranhao;;cxuabr    cxuabr    ethg  001;loss of signal;2026-06-22 17:20:29;;
4841836762;emlaa1;lm26-cxuabr-01;och-1-1-10-c5 och nend rcv;ma;caxuxa - alto alegre do maranhao;;cxuabr    cxuabr    ethg  001;loss of signal;2026-06-22 17:20:29;;
4841836777;emlaa1;lm26-cxuabr-01;esctport-1-1-1-eth3 eqpt nend;ma;caxuxa - alto alegre do maranhao;;;management lan;2026-06-22 17:20:29;;
4841836743;emlaa1;lm26-cxuabr-01;trbd-1-1-18 eqpt nend;ma;caxuxa - alto alegre do maranhao;;;improper removal;2026-06-22 17:20:28;;
4841836745;emlaa1;lm26-cxuabr-01;och-1-1-18-c1 och nend;ma;caxuxa - alto alegre do maranhao;;;underlying resource is unavailable;2026-06-22 17:20:27;;
4841836747;emlaa1;lm26-cxuabr-01;och-1-1-18-l1 och nend;ma;caxuxa - alto alegre do maranhao;;autodisc-lm26-cxuabr-01/trbd1111-och-1-1-18-l1_cmdx1010-omsochif-1-1-19-c8;underlying resource is unavailable;2026-06-22 17:20:27;;
4841836749;emlaa1;lm26-cxuabr-01;odu2-1-1-18-l1 odu2 nend;ma;caxuxa - alto alegre do maranhao;;;server signal failure;2026-06-22 17:20:27;;
4841836729;emlaa1;lm26-cxuabr-01;gbee-1-1-10-c4 gbee nend;ma;caxuxa - alto alegre do maranhao;;;server signal failure;2026-06-22 17:20:02;;
4841836731;emlaa1;lm26-cxuabr-01;sfp-1-1-10-c4 eqpt nend;ma;caxuxa - alto alegre do maranhao;;;procedure error;2026-06-22 17:20:02;;
4841836739;emlaa1;lm26-cxuabr-01;och-1-1-10-c4 och nend;ma;caxuxa - alto alegre do maranhao;;;underlying resource is unavailable;2026-06-22 17:20:00;;
4841836711;emlaa1;lm26-cxuabr-01;sfp-1-1-10-c9 eqpt nend;ma;caxuxa - alto alegre do maranhao;;;improper removal;2026-06-22 17:19:43;;
4841836713;emlaa1;lm26-cxuabr-01;sfp-1-1-10-c8 eqpt nend;ma;caxuxa - alto alegre do maranhao;;;improper removal;2026-06-22 17:19:43;;
4841836716;emlaa1;lm26-cxuabr-01;sfp-1-1-10-c7 eqpt nend;ma;caxuxa - alto alegre do maranhao;;;improper removal;2026-06-22 17:19:43;;
4841836720;emlaa1;lm26-cxuabr-01;och-1-1-10-c8 och nend;ma;caxuxa - alto alegre do maranhao;;cxuabr    cxuabr    ethg  001;underlying resource is unavailable;2026-06-22 17:19:43;;
4841836726;emlaa1;lm26-cxuabr-01;sfp-1-1-10-c6 eqpt nend;ma;caxuxa - alto alegre do maranhao;;;improper removal;2026-06-22 17:19:43;;
4841836733;emlaa1;lm26-cxuabr-01;och-1-1-10-c6 och nend;ma;caxuxa - alto alegre do maranhao;;cxuabr    cxuabr    ethg  001;underlying resource is unavailable;2026-06-22 17:19:43;;
4841836736;emlaa1;lm26-cxuabr-01;och-1-1-10-c7 och nend;ma;caxuxa - alto alegre do maranhao;;cxuabr    cxuabr    ethg  001;underlying resource is unavailable;2026-06-22 17:19:43;;
4841836722;emlaa1;lm26-cxuabr-01;och-1-1-10-c9 och nend;ma;caxuxa - alto alegre do maranhao;;cxuabr    cxuabr    ethg  001;underlying resource is unavailable;2026-06-22 17:19:42;;
4850761989;emlaa1;lm26-blmqb-01;och-1-2-18-c1 och nend rcv;pa;belem;91;v_lm26-blmqb-01 1-2-18-c1 ;loss of signal;2026-06-12 17:50:18;;
4850761993;emlaa1;lm26-blmqb-01;gbe10e-1-2-12-c1 gbe10e nend rcv;pa;belem;91;;server signal failure;2026-06-12 17:50:18;;
4850761995;emlaa1;lm26-blmqb-01;trbdport-1-2-12-c1-in eqpt nend;pa;belem;91;;power loss;2026-06-12 17:50:18;;
4850762002;emlaa1;lm26-blmqb-01;xfp-1-2-9-c1 eqpt nend;pa;belem;91;;improper removal;2026-06-12 17:50:10;;
4850762000;emlaa1;lm26-blmqb-01;och-1-2-9-c1 och nend;pa;belem;91;v_lm26-blmqb-01 1-2-9-c1 ;underlying resource is unavailable;2026-06-12 17:50:09;;
4848506580;emlaa1;bo26-nvodkb-01;fan-1-2-41 eqpt nend;ma;nova soure;;;heater problem;2026-06-06 14:53:39;;
4848506581;emlaa1;bo26-nvodkb-01;och-1-2-3-c1 och nend rcv;ma;nova soure;;;loss of signal;2026-06-06 13:44:25;;
4848506582;emlaa1;bo26-nvodkb-01;och-1-2-18-c1 och nend rcv;ma;nova soure;;;loss of signal;2026-06-06 13:44:25;;
4848506583;emlaa1;bo26-nvodkb-01;gbe10e-1-2-18-c1 gbe10e nend rcv;ma;nova soure;;;server signal failure;2026-06-06 13:44:25;;
4848506585;emlaa1;bo26-nvodkb-01;trbdport-1-2-18-c1-in eqpt nend;ma;nova soure;;;power loss;2026-06-06 13:44:25;;
4848506584;emlaa1;bo26-nvodkb-01;trbdport-1-2-3-c1-in eqpt nend;ma;nova soure;;;power loss;2026-06-06 13:44:24;;
4838124732;emlaa1;bo26-cpncz-01;oscoms-1-1-10-stg1 osc nend;pa;capanema;91;;ppp interface enabled but the link is down;2026-05-27 14:26:34;;
4838124733;emlaa1;bo26-cpncz-01;oscots-1-1-10-stg1 osc nend;pa;capanema;91;;ppp interface enabled but the link is down;2026-05-27 14:21:01;;
4838124734;emlaa1;bo26-cpncz-01;och-1-2-3-c1 och nend rcv;pa;capanema;91;v_bo26-cpncz-01 1-2-3-c1;loss of signal;2026-05-18 13:00:25;;
4838124735;emlaa1;bo26-cpncz-01;och-1-2-9-c1 och nend rcv;pa;capanema;91;;loss of signal;2026-05-18 13:00:25;;
4838124736;emlaa1;bo26-cpncz-01;gbe10e-1-2-3-c1 gbe10e nend rcv;pa;capanema;91;;server signal failure;2026-05-18 13:00:25;;
4838124737;emlaa1;bo26-cpncz-01;trbdport-1-2-3-c1-in eqpt nend;pa;capanema;91;;power loss;2026-05-18 13:00:25;;
4838124738;emlaa1;bo26-cpncz-01;trbdport-1-2-9-c1-in eqpt nend;pa;capanema;91;;power loss;2026-05-18 13:00:25;;
4838124739;emlaa1;bo26-cpncz-01;och-1-2-18-c1 och nend;pa;capanema;91;v_bo26-cpncz-01 1-2-18-c1;underlying resource is unavailable;2026-05-18 13:00:03;;
4838124740;emlaa1;bo26-cpncz-01;xfp-1-2-18-c1 eqpt nend;pa;capanema;91;;improper removal;2026-05-18 13:00:02;;
4845861178;emlaa1;bo26-vntebr-01;bmdxport-1-1-4-c5-in eqpt nend;pa;;;;power loss;2026-05-16 11:22:19;;
4845861179;emlaa1;bo26-vntebr-01;trbd-1-2-18 eqpt nend;pa;;;;the unit temperature exceeds the high threshold value;2026-05-04 04:59:23;;
4845861180;emlaa1;bo26-vntebr-01;och-1-2-3-c1 och nend rcv;pa;;;;loss of signal;2026-05-04 04:52:56;;
4845861181;emlaa1;bo26-vntebr-01;trbdport-1-2-3-c1-in eqpt nend;pa;;;;power loss;2026-05-04 04:52:56;;
4845861182;emlaa1;bo26-vntebr-01;och-1-2-18-c1 och nend rcv;pa;;;;loss of signal;2026-05-04 04:52:53;;
4845861183;emlaa1;bo26-vntebr-01;trbdport-1-2-18-c1-in eqpt nend;pa;;;;power loss;2026-05-04 04:52:53;;
4847569546;emlaa1;bo26-entokb-01;odu2-1-2-18-l1 odu2 nend rcv;pa;;;;server signal failure;2026-04-08 18:13:36;;
4847569543;emlaa1;bo26-entokb-01;och-1-2-4-c1 och nend rcv;pa;;;entokb    entokb    eg/10g001 13+entokb    entokb    tpondr001 01;loss of signal;2026-04-08 18:13:35;;
4847569544;emlaa1;bo26-entokb-01;och-1-2-17-c1 och nend rcv;pa;;;entokb    entokb    eg/10g002 13+entokb    entokb    tpondr002 01;loss of signal;2026-04-08 18:13:35;;
4847569547;emlaa1;bo26-entokb-01;trbdport-1-2-4-c1-in eqpt nend;pa;;;;power loss;2026-04-08 18:13:35;;
4847569548;emlaa1;bo26-entokb-01;trbdport-1-2-17-c1-in eqpt nend;pa;;;;power loss;2026-04-08 18:13:35;;
4847569545;emlaa1;bo26-entokb-01;och-1-2-18-l1 och nend rcv;pa;;;;loss of signal;2026-04-08 18:13:34;;
4847569549;emlaa1;bo26-entokb-01;bmdxport-1-1-4-c5-in eqpt nend;pa;;;;power loss;2026-04-08 18:11:10;;
4851003213;emlaa1;lm26-siskb-03;odu2-1-2-4-l1 odu2 nend rcv;ma;santa ines;98;;server signal failure;2026-03-21 02:12:55;;
4851003214;emlaa1;lm26-siskb-03;och-1-2-4-l1 och nend rcv;ma;santa ines;98;autodisc-lm26-siskb-03/trbd1191-och-1-2-4-l1_cmdx1012-omsochif-1-2-2-c7;loss of signal;2026-03-21 02:12:55;;
4851003215;emlaa1;lm26-siskb-03;trbdport-1-2-4-l1-in eqpt nend;ma;santa ines;98;;power loss;2026-03-21 02:12:55;;
4850905571;emlaa1;lm26-siskb-03;cbr10g-1-1-17-c1 cbr10g nend rcv;ma;santa ines;98;;generic alarm indication signal;2026-03-20 21:09:19;;
4850684928;emlaa1;lm26-siskb-03;otu-1-1-14-l1 otu nend rcv;ma;santa ines;98;;loss of frame;2026-03-20 09:32:30;;
4850761764;emlaa1;lm26-siskb-03;odu2-1-1-14-l1 odu2 nend rcv;ma;santa ines;98;;server signal failure;2026-03-19 07:52:33;;
4848505785;emlaa1;lm26-siskb-03;otu-1-1-15-l1 otu nend rcv;ma;santa ines;98;;low threshold correction error rate;2026-03-13 16:00:28;;
4848505791;emlaa1;lm26-siskb-03;cbr10g-1-2-18-l1 cbr10g nend rcv;ma;santa ines;98;;generic alarm indication signal;2026-03-13 15:41:03;;
4848505794;emlaa1;lm26-siskb-03;gbe10wane-1-1-10-l1 gbe10wane nend rcv;ma;santa ines;98;;trail trace identifier mismatch;2026-03-13 15:41:03;;
4848505795;emlaa1;lm26-siskb-03;odu2-1-3-4-l1 odu2 nend rcv;ma;santa ines;98;;payload locked;2026-03-13 15:41:02;;
4846082874;emlaa1;lm26-pqiafc-01;alct-1-1-6 eqpt nend;ma;pequia - acailandia;;;hardware failure;2026-03-06 22:55:41;;
4846082875;emlaa1;lm26-pqiafc-01;och-1-1-12-c1 och nend rcv;ma;pequia - acailandia;;lm26_pqiafc-01 1-1-12-c1_lm26-pqiafc-02 1-1-12-c1;loss of signal;2026-03-02 16:52:12;;
4846082876;emlaa1;lm26-pqiafc-01;trbcport-1-1-12-c1-in eqpt nend;ma;pequia - acailandia;;;power loss;2026-03-02 16:52:12;;
4846082540;emlaa1;bo26-cahbr-01;gbe10e-1-2-14-l1 gbe10e nend rcv;pa;castanhal;91;;generic alarm indication signal;2026-02-25 11:59:42;;
4846082542;emlaa1;bo26-cahbr-01;gbe10e-1-2-16-l1 gbe10e nend rcv;pa;castanhal;91;;generic alarm indication signal;2026-02-25 11:59:42;;
4848505742;emlaa1;lm26-siskb-03;trbdport-1-2-15-l1-in eqpt nend;ma;santa ines;98;;power loss;2026-02-22 13:18:04;;
4848505743;emlaa1;lm26-siskb-03;och-1-2-15-l1 och nend rcv;ma;santa ines;98;autodisc-lm26-siskb-03/trbd1191-och-1-2-15-l1_cmdx1012-omsochif-1-2-19-c5;loss of signal;2026-02-22 13:18:04;;
4846082544;emlaa1;bo26-cahbr-01;trbdport-1-2-16-c1-in eqpt nend;pa;castanhal;91;;power loss;2026-02-11 13:38:31;;
4846082545;emlaa1;bo26-cahbr-01;och-1-2-15-c1 och nend rcv;pa;castanhal;91;;loss of signal;2026-01-27 15:51:18;;
4846082546;emlaa1;bo26-cahbr-01;trbdport-1-2-15-c1-in eqpt nend;pa;castanhal;91;;power loss;2026-01-27 15:51:17;;
4848505747;emlaa1;lm26-siskb-03;fan-1-3-41 eqpt nend;ma;santa ines;98;;heater problem;2026-01-27 09:15:12;;
4848505754;emlaa1;lm26-siskb-03;och-1-2-12-c1 och nend rcv;ma;santa ines;98;v_lm26-siskb-01 1-2-12-c1;loss of signal;2026-01-27 08:15:00;;
4848505756;emlaa1;lm26-siskb-03;och-1-2-13-c1 och nend rcv;ma;santa ines;98;sis kb    sis kb    tpondr020;loss of signal;2026-01-27 08:15:00;;
4848505758;emlaa1;lm26-siskb-03;odu2-1-2-12-l1 odu2 nend rcv;ma;santa ines;98;;server signal failure;2026-01-27 08:15:00;;
4848505726;emlaa1;lm26-siskb-03;trbcport-1-2-6-c2-in eqpt nend;ma;santa ines;98;;power loss;2026-01-27 08:15:00;;
4848505725;emlaa1;lm26-siskb-03;gbe10e-1-2-17-c1 gbe10e nend rcv;ma;santa ines;98;;generic alarm indication signal;2026-01-27 08:14:59;;
4848505728;emlaa1;lm26-siskb-03;trbdport-1-2-13-c1-in eqpt nend;ma;santa ines;98;;power loss;2026-01-27 08:14:59;;
4848505729;emlaa1;lm26-siskb-03;trbdport-1-2-3-c1-in eqpt nend;ma;santa ines;98;;power loss;2026-01-27 08:14:58;;
4848505731;emlaa1;lm26-siskb-03;trbdport-1-2-4-c1-in eqpt nend;ma;santa ines;98;;power loss;2026-01-27 08:14:58;;
4848505732;emlaa1;lm26-siskb-03;com com nend;ma;santa ines;98;;the esct protection is no longer active;2026-01-27 08:13:25;;
4848505700;emlaa1;lm26-siskb-03;trbcport-1-1-13-c3-in eqpt nend;ma;santa ines;98;;power loss;2026-01-27 08:13:24;;
4848505697;emlaa1;lm26-siskb-03;cbr2g5-1-1-13-c2 cbr2g5 nend rcv;ma;santa ines;98;;server signal failure;2026-01-27 08:13:23;;
4848505701;emlaa1;lm26-siskb-03;trbdport-1-1-18-c1-in eqpt nend;ma;santa ines;98;;power loss;2026-01-27 08:13:23;;
4848505702;emlaa1;lm26-siskb-03;gbee-1-1-10-l1-1 gbee nend rcv;ma;santa ines;98;;generic alarm indication signal;2026-01-27 08:13:23;;
4848505703;emlaa1;lm26-siskb-03;gbee-1-1-10-l1-2 gbee nend rcv;ma;santa ines;98;;generic alarm indication signal;2026-01-27 08:13:23;;
4848505709;emlaa1;lm26-siskb-03;ethcport-1-1-10-c6-in eqpt nend;ma;santa ines;98;;power loss;2026-01-27 08:13:23;;
4848505733;emlaa1;lm26-siskb-03;och-1-1-10-c1 och nend rcv;ma;santa ines;98;sis kb    sis kb    ethg  001;loss of signal;2026-01-27 08:13:23;;
4848505734;emlaa1;lm26-siskb-03;och-1-1-10-c2 och nend rcv;ma;santa ines;98;sis kb    sis kb    ethg  001;loss of signal;2026-01-27 08:13:23;;
4848505737;emlaa1;lm26-siskb-03;och-1-1-10-c7 och nend rcv;ma;santa ines;98;sis kb    sis kb    ethg  001;loss of signal;2026-01-27 08:13:23;;
4848505738;emlaa1;lm26-siskb-03;och-1-1-13-c1 och nend rcv;ma;santa ines;98;gfgfgfgfg;loss of signal;2026-01-27 08:13:23;;
4848505739;emlaa1;lm26-siskb-03;och-1-1-13-c2 och nend rcv;ma;santa ines;98;v_lm26-siskb-03  1-1-13-c2;loss of signal;2026-01-27 08:13:23;;
4848505699;emlaa1;lm26-siskb-03;trbcport-1-1-13-c2-in eqpt nend;ma;santa ines;98;;power loss;2026-01-27 08:13:22;;
4848505704;emlaa1;lm26-siskb-03;gbee-1-1-10-l1-6 gbee nend rcv;ma;santa ines;98;;generic alarm indication signal;2026-01-27 08:13:22;;
4848505735;emlaa1;lm26-siskb-03;och-1-1-10-c3 och nend rcv;ma;santa ines;98;v_lm26-siskb-03  1-1-10-c3;loss of signal;2026-01-27 08:13:22;;
4848505736;emlaa1;lm26-siskb-03;och-1-1-10-c6 och nend rcv;ma;santa ines;98;sis kb    sis kb    ethg  001;loss of signal;2026-01-27 08:13:22;;
4848505687;emlaa1;lm26-siskb-03;odu2-1-3-4-c1 odu2 nend rcv;ma;santa ines;98;;backward defect indication;2026-01-27 08:11:26;;
4846082882;emlaa1;lm26-pqiafc-01;gbe10e-1-3-8-l1 gbe10e nend rcv;ma;pequia - acailandia;;;generic alarm indication signal;2026-01-17 14:25:12;;
4846082878;emlaa1;lm26-pqiafc-01;cmdxport-1-3-2-c8-in eqpt nend;ma;pequia - acailandia;;;power loss;2026-01-17 14:25:11;;
4846082879;emlaa1;lm26-pqiafc-01;omsochif-1-3-2-c8 omsochif nend trmt;ma;pequia - acailandia;;;underlying resource is unavailable;2026-01-17 14:25:10;;
4846082885;emlaa1;lm26-pqiafc-01;ocpu-1-3-6 eqpt nend;ma;pequia - acailandia;;;improper removal;2026-01-17 14:25:09;;
4846082886;emlaa1;lm26-pqiafc-01;och-1-1-13-c1 och nend rcv;ma;pequia - acailandia;;;loss of signal;2026-01-17 14:24:58;;
4846082887;emlaa1;lm26-pqiafc-01;och-1-1-14-c1 och nend rcv;ma;pequia - acailandia;;v_lm26-pqiafc-01 1-1-14-c1;loss of signal;2026-01-17 14:24:58;;
4846082888;emlaa1;lm26-pqiafc-01;och-1-1-14-c2 och nend rcv;ma;pequia - acailandia;;v_lm26-pqiafc-01 1-1-14-c2;loss of signal;2026-01-17 14:24:58;;
4846082889;emlaa1;lm26-pqiafc-01;och-1-1-17-l1 och nend rcv;ma;pequia - acailandia;;;loss of signal;2026-01-17 14:24:58;;
4846082893;emlaa1;lm26-pqiafc-01;trbdport-1-1-13-c1-in eqpt nend;ma;pequia - acailandia;;;power loss;2026-01-17 14:24:57;;
4846082924;emlaa1;lm26-pqiafc-01;och-1-2-16-c1 och nend;ma;pequia - acailandia;;pqiafc    pqiafc    tpondr056;underlying resource is unavailable;2026-01-17 14:24:34;;
4846082925;emlaa1;lm26-pqiafc-01;odu2-1-2-16-l1 odu2 nend;ma;pequia - acailandia;;;server signal failure;2026-01-17 14:24:33;;
4846082548;emlaa1;bo26-cahbr-01;trbdport-1-2-14-c1-in eqpt nend;pa;castanhal;91;;power loss;2025-10-24 01:08:54;;
4846082547;emlaa1;bo26-cahbr-01;och-1-2-14-c1 och nend rcv;pa;castanhal;91;;loss of signal;2025-10-24 01:08:53;;
4846082564;emlaa1;bo26-cahbr-01;trbdport-1-2-18-c1-in eqpt nend;pa;castanhal;91;;power loss;2025-08-13 10:07:47;;
4846082563;emlaa1;bo26-cahbr-01;odu2-1-2-18-c1 odu2 nend rcv;pa;castanhal;91;;server signal failure;2025-08-13 10:07:46;;
4846082550;emlaa1;bo26-cahbr-01;och-1-2-18-c1 och nend rcv;pa;castanhal;91;;loss of signal;2025-08-13 10:07:46;;
4846082565;emlaa1;bo26-cahbr-01;esctport-1-2-1-eth4 eqpt nend;pa;castanhal;91;;management lan;2025-08-13 10:07:45;;
4846082566;emlaa1;bo26-cahbr-01;omsband-1-1-3-l1-f191950 omsband nend trmt;pa;castanhal;91;;underlying resource is unavailable;2025-08-13 10:05:20;;
4846082538;emlaa1;bo26-cahbr-01;esctport-1-1-1-eth3 eqpt nend;pa;castanhal;91;;management lan;2025-08-13 10:05:19;;
4846082539;emlaa1;bo26-cahbr-01;bmdxport-1-1-3-c10-in eqpt nend;pa;castanhal;91;;power loss;2025-08-13 10:05:18;;
4851102029;lightpad;11-l1600-hutsu-001;sr4 sl18;am;humaita;92;;bdi (otu) (2);2026-07-29 10:00:17;;
4851101001;lightpad;02-l6400-mnshz-001;sr3 sl16;am;manaus;92;;loss sync (p2);2026-07-29 09:54:57;;
4851095181;lightpad;11-l1600-hutsu-001;sr2 sl4;am;humaita;92;;limiar pot. de bombeio (abaixo do limiar -1;2026-07-29 09:34:37;;
4851066254;lightpad;01-l6400-pvofq-004;sr3 sl4;ro;porto velho;69;;loss sync (p4);2026-07-29 07:59:41;;
4851045403;lightpad;11-l1600-hutsu-001;sr5 sl20;am;humaita;92;;loss sync (p4);2026-07-29 06:44:56;;
4851041185;lightpad;02-l1600-blmsz-001;sr1 sl7;pa;belem;91;;degradacao do sinal (otu - lado rede);2026-07-29 06:33:29;;
4851030734;lightpad;02-l6400-mnshz-001;sr3 sl22;am;manaus;92;;tempo de resposta excedido;2026-07-29 05:52:06;;
4850998739;lightpad;04-l6400-rborb-001;sr2 sl9;ac;rio branco;68;;bdi (odu);2026-07-29 03:41:26;;
4850929179;lightpad;02-l6400-blmqb-001;sr1 sl6;pa;belem;91;;loss sync (p4);2026-07-28 23:54:37;;
4850893761;lightpad;14-l1600-pvofq-002;sr0 sl1;ro;porto velho;69;;ethernet com perda de comunicaa?a?o?;2026-07-28 22:08:12;;
4850888616;lightpad;03-l64rod-jippv-002;sr5 sl17 c57;ro;ji-parana;69;;los no canal (c57);2026-07-28 21:47:44;;
4850870382;lightpad;05-l6400-ckjc90-001;sr1 sl8;pa;canaa dos carajas;91;;ganho fora da regiao controlada.;2026-07-28 20:30:50;;
4850850925;lightpad;05-l6400-pupbu-001;sr1 sl8;pa;parauapebas;91;;ssf otu (line 1.1);2026-07-28 19:25:54;;
4850833284;lightpad;02-l6400-abunen-001;sr4 sl3 link 4;ro;abuna - porto velho;;;erro na sincronizacao do link 4;2026-07-28 18:24:58;;
4850822996;lightpad;01-l6400-vhacc-003;sr3 sl36;ro;vilhena;69;;equipamento nao responde (trap del);2026-07-28 17:45:41;;
4850819975;lightpad;01-l6400-vhacc-003;sr2 sl17 4;ro;vilhena;69;;los cliente (4);2026-07-28 17:34:02;;
4850816070;lightpad;01-l6400-vhacc-003;sr3 sl27;ro;vilhena;69;;los;2026-07-28 17:15:41;;
4850799358;lightpad;03-l6400-vhacc-002;sr2 sl31;ro;vilhena;69;;los;2026-07-28 16:27:33;;
4850791433;lightpad;03-l64rod-jippv-002;sr4 sl26;ro;ji-parana;69;;csf (odu);2026-07-28 16:05:59;;
4850783032;lightpad;03-l6400-snbbc01-001;sr1 sl36;pa;santa barbara do para;91;;sfp los overhead;2026-07-28 15:37:30;;
4850757036;lightpad;02-l6400-snbb0e-001;sr1 sl4;pa;santa barbara do para;91;;deg odu;2026-07-28 14:42:23;;
4850739167;lightpad;03-l6400-vhacc-002;sr3 sl24;ro;vilhena;69;;csf (odu);2026-07-28 13:53:02;;
4850731625;lightpad;03-l6400-aiucdp-001;sr1 sl8;pa;ananindeua;91;;los (port 2);2026-07-28 13:22:12;;
4850707326;lightpad;03-l64rod-jippv-002;sr5 sl17 c59;ro;ji-parana;69;;los no canal (c59);2026-07-28 12:10:50;;
4850707600;lightpad;04-l6400-aqsen-002;sr2 sl18;ro;ariquemes;69;;lof (otu);2026-07-28 12:08:54;;
4850698182;lightpad;03-l64rod-jippv-002;sr5 sl25;ro;ji-parana;69;;equipamento nao responde (trap del);2026-07-28 11:44:40;;
4850698183;lightpad;03-l64rod-jippv-002;sr5 sl17 c25;ro;ji-parana;69;;los no canal (c25);2026-07-28 11:44:03;;
4850698119;lightpad;03-l64rod-jippv-002;sr3 sl25 3;ro;ji-parana;69;;los sync cliente (3);2026-07-28 11:43:41;;
4850694721;lightpad;03-l6400-vhacc-002;sr3 sl27;ro;vilhena;69;;los;2026-07-28 11:32:06;;
4850692269;lightpad;01-l6400-blmbs-001;sr1 sl8;pa;belem;91;;ssf odu (line 2.1);2026-07-28 11:30:44;;
4850692271;lightpad;03-l6400-aiucdp-001;sr1 sl1;pa;ananindeua;91;aiu cdp blm bs 10g 003 / aiu cdp blm b2 10g 004;los - rota de trabalho;2026-07-28 11:29:11;;
4850691298;lightpad;05-l6400-pvofq-002;sr2 sl23;ro;porto velho;69;;equipamento nao responde (trap del);2026-07-28 11:28:58;;
4850685903;lightpad;11-l1600-hutsu-001;sr2 sl10;am;humaita;92;hut su pvo fn b40w 001;laser off amplificador;2026-07-28 11:19:10;;
4850660389;lightpad;01-l6400-mnsem-001;sr2 sl31;am;manaus;92;;loss sync (p4);2026-07-28 10:06:03;;
4850658256;lightpad;02-l6400-blmqb-002;sr1 sl35;pa;belem;91;;sfp los optico;2026-07-28 10:00:08;;
4850658264;lightpad;03-l6400-aiucdp-002;sr1 sl6;pa;ananindeua;91;;bdi odu (port 1);2026-07-28 09:59:21;;
4850654714;lightpad;03-l6400-aiucdp-002;sr1 sl1;pa;ananindeua;91;aiu cdp blm bs 8g 001 - aiu cdp blm bs 8g 002;los - rota de protea?a?o;2026-07-28 09:49:01;;
4850399772;lightpad;03-l64rod-jippv-002;sr6 sl17;ro;ji-parana;69;;bdi (otu);2026-07-27 17:58:32;;
4850363911;lightpad;03-l6400-vhacc-002;sr0 sl24;ro;vilhena;69;;ssf (otu);2026-07-27 16:05:15;;
4850344567;lightpad;03-l64rod-jippv-002;sr5 sl24;ro;ji-parana;69;;bdi (otu) (1);2026-07-27 15:23:37;;
4850330279;lightpad;03-l64rod-jippv-002;sr0 sl31 configuracao de recebimento de trap (trap_config_ip_port=10.22.251.5.8003;ro;ji-parana;69;;falha de execucao de telecomando (configuracao de recebimento de trap (trap_config_ip_port=10.22.251.5.8003;2026-07-27 14:47:05;;
4850309018;lightpad;03-l1600-blmqb-004;sr1 sl6 link 4;pa;belem;91;;erro na sincronizacao do link 4;2026-07-27 13:52:48;;
4850303858;lightpad;03-l64rod-jippv-002;sr5 sl36;ro;ji-parana;69;;tempo de resposta excedido (sc);2026-07-27 13:43:09;;
4850300120;lightpad;02-l6400-abunen-001;sr4 sl3 link 6;ro;abuna - porto velho;;;erro na sincronizacao do link 6;2026-07-27 13:31:18;;
4850294393;lightpad;01-l6400-vhacc-003;sr1 sl36 link down (intermitent);ro;vilhena;69;;dcn link down (intermitent);2026-07-27 13:12:54;;
4850261174;lightpad;03-l6400-vhacc-002;sr3 sl21;ro;vilhena;69;;tempo de resposta excedido;2026-07-27 11:40:11;;
4850233059;lightpad;02-l6400-mnshz-001;sr3 sl30;am;manaus;92;;bdi odu (p1);2026-07-27 10:19:42;;
4850232975;lightpad;02-l6400-mnshz-001;sr3 sl8;am;manaus;92;;bdi odu (port 1);2026-07-27 10:19:26;;
4850089483;lightpad;04-l6400-rborb-001;sr2 sl7 link 3;ac;rio branco;68;;erro na sincronizacao do link 3;2026-07-27 02:31:41;;
4849912358;lightpad;03-l64rod-jippv-002;sr0 sl2;ro;ji-parana;69;;defeito de degradacao em odu;2026-07-26 17:43:10;;
4849835310;lightpad;03-l64rod-jippv-002;sr7 sl2;ro;ji-parana;69;;limiar pin (abaixo do limiar -11;2026-07-26 14:35:32;;
4849755560;lightpad;03-l1600-blmqb-004;sr1 sl6 link 2;pa;belem;91;;erro na sincronizacao do link 2;2026-07-26 10:46:18;;
4849737582;lightpad;12-l1600-hutsu-002;sr2 sl5;am;humaita;92;ctm gs hut su ots 001;fail transponder;2026-07-26 09:53:20;;
4849708979;lightpad;02-l1600-blmsz-001;sr2 sl2 link 1;pa;belem;91;;erro na sincronizacao do link 1;2026-07-26 08:28:56;;
4849638935;lightpad;13-l1600-pvofq-001;sr1 sl7;ro;porto velho;69;;ais (odu);2026-07-26 04:20:58;;
4849636677;lightpad;13-l1600-pvofq-001;sr1 sl2;ro;porto velho;69;;ais (odu);2026-07-26 04:20:44;;
4849636962;lightpad;11-l1600-hutsu-001;sr1 sl7;am;humaita;92;;bdi (odu);2026-07-26 04:19:59;;
4849636446;lightpad;13-l1600-pvofq-001;sr3 sl5;ro;porto velho;69;;csf opu (port 2);2026-07-26 04:19:39;;
4849586219;lightpad;03-l64rod-jippv-002;sr5 sl17;ro;ji-parana;69;;bdi (otu);2026-07-26 01:24:33;;
4849637473;lightpad;11-l1600-hutsu-001;sr3 sl10;am;humaita;92;hut jm hut su b40w 001;los out amplificador;2026-07-26 00:52:14;;
4849575570;lightpad;13-l1600-pvofq-001;sr4 sl21;ro;porto velho;69;;otu server signal fail (1);2026-07-26 00:51:11;;
4849638693;lightpad;11-l1600-hutsu-001;sr5 sl5;am;humaita;92;;loss sync (line 2.1);2026-07-26 00:50:56;;
4849575569;lightpad;13-l1600-pvofq-001;sr4 sl27;ro;porto velho;69;;otu server signal fail (1);2026-07-26 00:50:37;;
4849470034;lightpad;01-l6400-mnsem-001;sr2 sl17 2;am;manaus;92;;los sync cliente (2);2026-07-25 18:34:45;;
4849470035;lightpad;01-l6400-mnsem-001;sr2 sl17;am;manaus;92;;bdi (odu) (2);2026-07-25 18:34:45;;
4849470036;lightpad;01-l6400-mnsem-001;sr3 sl17 2;am;manaus;92;;los sync cliente (2);2026-07-25 18:34:30;;
4849470033;lightpad;02-l6400-mnshz-001;sr4 sl17 2;am;manaus;92;;laser off cliente (2);2026-07-25 18:34:17;;
4849457675;lightpad;03-l64rod-jippv-002;sr0 sl3;ro;ji-parana;69;;falha no ventilador 4;2026-07-25 17:50:02;;
4849371456;lightpad;01-l1600-mnsem-001;sr3 sl27;am;manaus;92;;lom otn (1);2026-07-25 13:20:00;;
4849118750;lightpad;05-l6400-pvofq-002;sr2 sl30;ro;porto velho;69;;csf (odu);2026-07-24 23:11:40;;
4849041766;lightpad;03-l64rod-jippv-002;sr6 sl31;ro;ji-parana;69;;los-payload;2026-07-24 22:03:19;;
4849073667;lightpad;04-l1600-cxymq-003;sr1 sl11;am;careiro;92;;falha de comunicacao (tempo esgotado para conexao (connection timed out));2026-07-24 20:45:01;;
4849073404;lightpad;04-l1600-cxymq-001;sr2 sl36;am;careiro;92;;falha de comunicacao (tempo esgotado para conexao (connection timed out));2026-07-24 20:44:59;;
4849071950;lightpad;05-l1600-bbalv-001;sr1 sl11;am;borba;92;;tempo de resposta excedido (sc);2026-07-24 20:39:42;;
4849071868;lightpad;10-l1600-hutjm-001;sr1 sl11;am;humaita;92;;tempo de resposta excedido (sc);2026-07-24 20:39:12;;
4849071869;lightpad;07-l1600-micmn-001;sr1 sl11;am;manicore;92;;tempo de resposta excedido (sc);2026-07-24 20:39:12;;
4849071864;lightpad;09-l1600-micar-001;sr1 sl11;am;manicore;92;;tempo de resposta excedido (sc);2026-07-24 20:38:57;;
4849070375;lightpad;04-l1600-cxymq-001;sr2 sl23;am;careiro;92;;lof (1);2026-07-24 20:35:15;;
4849048804;lightpad;04-l1600-cxymq-001;sr2 sl26;am;careiro;92;;los sync (1);2026-07-24 19:24:11;;
4848998545;lightpad;03-l64rod-jippv-002;sr0 sl26;ro;ji-parana;69;;loopback acionado (tx->rx);2026-07-24 17:11:02;;
4848985459;lightpad;01-l6400-vhacc-003;sr0 sl27 configuracao de recebimento de trap (trap_config_ip_port=10.22.251.5.8003;ro;vilhena;69;;falha de execucao de telecomando (configuracao de recebimento de trap (trap_config_ip_port=10.22.251.5.8003;2026-07-24 16:41:24;;
4848984605;lightpad;03-l64rod-jippv-002;sr4 sl17;ro;ji-parana;69;;tempo de resposta excedido;2026-07-24 16:38:51;;
4848926310;lightpad;03-l64rod-jippv-002;sr2 sl17 c34;ro;ji-parana;69;;los no canal (c34);2026-07-24 14:00:37;;
4848924506;lightpad;03-l64rod-jippv-002;sr3 sl24;ro;ji-parana;69;;bdi (otu) (1);2026-07-24 13:54:32;;
4848890314;lightpad;04-l6400-aqsen-002;sr5 sl10;ro;ariquemes;69;;los sdh1 muxponder;2026-07-24 12:24:37;;
4848899215;lightpad;03-l64rod-jippv-002;sr5 sl18;ro;ji-parana;69;;ssf (odu);2026-07-24 12:16:20;;
4848675258;lightpad;02-l6400-abunen-001;sr3 sl5;ro;abuna - porto velho;;;deg otu (p3);2026-07-24 01:01:30;;
4848536681;lightpad;02-l6400-mosqst-002;sr1 sl35 link down;pa;mosqueiro - belem;;;sfp link down;2026-07-23 16:37:10;;
4848536682;lightpad;02-l6400-mosqst-002;sr1 sl35;pa;mosqueiro - belem;;;sfp los optico;2026-07-23 16:37:10;;
4848536839;lightpad;02-l6400-mosqst-002;sr1 sl7;pa;mosqueiro - belem;;;plm odu (p1);2026-07-23 16:15:34;;
4848496878;lightpad;01-l6400-blmqb-008;sr1 sl35 link down;pa;belem;91;;sfp link down;2026-07-23 15:10:06;;
4848496876;lightpad;01-l6400-blmqb-008;sr1 sl35;pa;belem;91;;sfp los overhead;2026-07-23 15:10:05;;
4848483534;lightpad;02-l6400-mosqst-002;sr1 sl8;pa;mosqueiro - belem;;;lof otu;2026-07-23 15:00:33;;
4848394481;lightpad;01-l6400-vhacc-003;sr1 sl11;ro;vilhena;69;;equipamento nao responde (trap del);2026-07-23 10:30:28;;
4847179233;lightpad;13-l1600-pvofq-001;sr2 sl11;ro;porto velho;69;;tempo de resposta excedido (sc);2026-07-20 15:47:34;;
4847177871;lightpad;03-l64rod-jippv-002;sr4 sl24;ro;ji-parana;69;;los sync (2);2026-07-20 15:45:41;;
4847149229;lightpad;01-l6400-vhacc-003;sr3 sl24;ro;vilhena;69;;los sync (2);2026-07-20 14:28:20;;
4847148915;lightpad;07-l1600-micmn-001;sr0 sl1;am;manicore;92;;superaquecimento no sensor 2;2026-07-20 14:25:56;;
4846706501;lightpad;03-l6400-vhacc-002;sr3 sl36;ro;vilhena;69;;tempo de resposta excedido (sc);2026-07-19 13:19:25;;
4846434261;lightpad;04-l1600-cxymq-001;sr2 sl29;am;careiro;92;;lof (1);2026-07-18 22:02:58;;
4846421887;lightpad;03-l6400-edracl1-001;sr1 sl8;pa;eldorado do carajas;91;edracl1 mba c90 ots 001 vtal;limiar de pin 1 (abaixo do limiar -20;2026-07-18 21:20:26;;
4845833127;lightpad;04-l6400-aqsen-002;sr0 sl1;ro;ariquemes;69;;falha no ventilador 2;2026-07-17 20:12:53;;
4845193353;lightpad;11-l1600-hutsu-001;sr1 sl1;am;humaita;92;;lom otn;2026-07-16 16:28:48;;
4845192648;lightpad;11-l1600-hutsu-001;sr1 sl2;am;humaita;92;;los 1 transponder regenerador;2026-07-16 16:26:34;;
4845165150;lightpad;01-l6400-blmqb-007;sr1 sl6;pa;belem;91;;ssf otu;2026-07-16 15:50:11;;
4845054326;lightpad;13-l1600-pvofq-001;sr1 sl1;ro;porto velho;69;;fail sdh4 muxponder;2026-07-16 11:15:01;;
4842488546;lightpad;01-l6400-vhacc-003;sr2 sl36 link down;ro;vilhena;69;;dcn link down;2026-07-11 09:36:57;;
4842126596;lightpad;03-l64rod-jippv-002;sr5 sl5;ro;ji-parana;69;;relogio dessincronizado;2026-07-10 17:21:35;;
4841677332;lightpad;01-l1600-mnsem-001;sr2 sl26;am;manaus;92;;deg otu (p4);2026-07-09 20:02:02;;
4840144395;lightpad;01-l6400-blmqb-008;sr1 sl5;pa;belem;91;;ssf otu (p1);2026-07-07 16:06:17;;
4840136330;lightpad;03-l1600-blmqb-004;sr1 sl8;pa;belem;91;;los sync;2026-07-07 15:45:14;;
4840133248;lightpad;05-l6400-pvofq-002;sr1 sl3;ro;porto velho;69;;los sdh4 muxponder;2026-07-07 15:39:33;;
4840100241;lightpad;06-l6400-pupbu-002;sr1 sl8;pa;parauapebas;91;;bdi odu (line 2.1);2026-07-07 14:03:39;;
4836700774;lightpad;04-l6400-rborb-001;sr3 sl9;ac;rio branco;68;;ais (odu);2026-06-30 11:38:22;;
4851099770;ebtcnoc1;cplcslvs01;wss-3-3;pa;salvaterra;91;;channel controller: unexpected loss detected;2026-07-29 09:50:55;;
4850976576;ebtcnoc1;5430slsus01;;ma;sao luis;98;;node isolation;2026-07-29 01:19:28;;
4850976586;ebtcnoc1;5430blmqb01;;pa;belem;91;;node isolation;2026-07-29 01:19:28;;
4850976622;ebtcnoc1;3916slsus02;;ma;sao luis;98;;node isolation;2026-07-29 01:19:28;;
4850976624;ebtcnoc1;3916slsus01;;ma;sao luis;98;;node isolation;2026-07-29 01:19:28;;
4850976411;ebtcnoc1;5430siskb01;;ma;santa ines;98;;node isolation;2026-07-29 01:19:27;;
4850976434;ebtcnoc1;3916pvofq02;;ro;porto velho;69;;node isolation;2026-07-29 01:19:27;;
4850976435;ebtcnoc1;3916pvofq01;;ro;porto velho;69;;node isolation;2026-07-29 01:19:27;;
4850976437;ebtcnoc1;5430pvofq01;;ro;porto velho;69;;node isolation;2026-07-29 01:19:27;;
4850976562;ebtcnoc1;3916mnsem02;;am;manaus;92;;node isolation;2026-07-29 01:19:27;;
4850976563;ebtcnoc1;3916mnsem01;;am;manaus;92;;node isolation;2026-07-29 01:19:27;;
4850976522;ebtcnoc1;5430mnsem01;;am;manaus;92;;node isolation;2026-07-29 01:19:27;;
4850976549;ebtcnoc1;3916rborb02;;ac;rio branco;68;;node isolation;2026-07-29 01:19:27;;
4850976550;ebtcnoc1;3916rborb01;;ac;rio branco;68;;node isolation;2026-07-29 01:19:27;;
4850949674;ebtcnoc1;cplbsasu01;shelf-1;pa;salinopolis;91;;database save failed;2026-07-29 01:00:43;;
4850949675;ebtcnoc1;cplcslvs02;shelf-2;pa;salvaterra;91;;database save failed;2026-07-29 01:00:43;;
4850949590;ebtcnoc1;cplocosa01;shelf-1;ma;colinas;98;;database save failed;2026-07-29 01:00:28;;
4847879651;ebtcnoc1;5142porept01;;pa;portel;91;;node isolation;2026-07-22 07:40:43;;
4847879873;ebtcnoc1;5142poreeq01;;pa;portel;91;;node isolation;2026-07-22 07:40:43;;
4850977469;ebtcnoc1;cplcslvs01;doc-1-2;pa;salvaterra;91;;doc action: fault detected;2026-07-20 17:56:14;;
4850977508;ebtcnoc1;cplcslvs01;dosc-1-4;pa;salvaterra;91;;primary radius server unavailable;2026-07-15 09:54:58;;
4850977757;ebtcnoc1;cplcslvs01;unknown-1-6;pa;salvaterra;91;;circuit pack upgrade failed;2026-07-14 15:48:50;;
4850979412;ebtcnoc1;cplcslvs02;dosc-2-4;pa;salvaterra;91;;primary radius server unavailable;2026-07-14 15:40:52;;
4850977759;ebtcnoc1;cplcslvs01;lim-1-6;pa;salvaterra;91;;circuit pack mismatch;2026-07-14 15:28:39;;
4850977760;ebtcnoc1;cplcslvs01;dra-1-7;pa;salvaterra;91;;circuit pack missing;2026-07-14 15:26:33;;
4850978793;ebtcnoc1;cplbsasu01;wss-1-3;pa;salinopolis;91;;circuit pack mismatch;2026-07-13 14:09:46;;
4850979651;ebtcnoc1;cplbsasu01;doc-1-1;pa;salinopolis;91;;doc action: fault detected;2026-07-12 11:04:11;;
4850979846;ebtcnoc1;cplfsasc502;dosc-5-4;pa;salinopolis;91;;primary radius server unavailable;2026-07-04 13:55:14;;
4850978887;ebtcnoc1;cplbsasu01;optmon-1-14-11;pa;salinopolis;91;;loss of signal;2026-03-25 03:14:06;;
4850978985;ebtcnoc1;cplbsasu01;nmcc-1-9-12-46-1;pa;salinopolis;91;;signal degraded;2026-03-25 03:13:19;;
4850977510;ebtcnoc1;cplbsasu01;dosc-1-4;pa;salinopolis;91;;primary radius server unavailable;2026-03-25 03:10:57;;
4850979690;ebtcnoc1;cplfsasc502;lim-5-7;pa;salinopolis;91;;high received span loss;2026-03-06 12:03:33;;
4850977618;ebtcnoc1;cplcslvs02;doc-2-2;pa;salvaterra;91;;doc invalid photonic domain;2026-03-05 15:18:26;;
4850977619;ebtcnoc1;cplcslvs02;doc-2-1;pa;salvaterra;91;;doc invalid photonic domain;2026-03-05 15:18:26;;
4850977620;ebtcnoc1;cplcslvs02;amp-2-12-1;pa;salvaterra;91;;automatic shutoff;2026-03-05 15:18:26;;
4850978269;ebtcnoc1;cplcslvs02;amp-2-10-1;pa;salvaterra;91;;automatic shutoff;2026-03-05 15:18:25;;
4850978270;ebtcnoc1;cplcslvs02;lim-2-7;pa;salvaterra;91;;circuit pack missing;2026-03-05 15:18:25;;
4850978271;ebtcnoc1;cplcslvs02;cmd8-2-8;pa;salvaterra;91;;circuit pack missing;2026-03-05 15:18:24;;
4850979627;ebtcnoc1;cplcslvs01;nmcc-3-3-12-11-1;pa;salvaterra;91;;signal degraded;2026-02-06 16:31:43;;
4850979029;ebtcnoc1;cplfsasc502;lim-5-1;pa;salinopolis;91;;high received span loss;2025-09-15 01:12:23;;
4851098005;datacom;dmstm-1_aiucaf-01;agg b - ag fo / 1;pa;ananindeua;91;aiu caf   blm qb    b1s   601;rs-los alarm activated;2026-07-29 09:43:42;;10.18.4.226
4851097938;datacom;dmstm-1_blmqb-01;agg a - ag fo / 1;pa;belem;91;aiu caf   blm qb    b1s   601;rs-los alarm activated;2026-07-29 09:43:38;;10.14.37.189
4851097936;datacom;dmstm-1_blmqb-11;agg b - ag fo / 1;pa;belem;91;blm qb    blm svu   b1s   601;rs-los alarm activated;2026-07-29 09:43:37;;10.18.204.87
4851097933;datacom;dmstm-1_blmsvu-02;agg a - ag fo / 1;pa;belem;91;blm qb    blm svu   b1s   601;rs-los alarm activated;2026-07-29 09:43:33;;10.12.100.34
4851097927;datacom;dmstm-1_blmqb-38;agg b - ag fo / 1;pa;belem;91;blm bpanelblm qbanelb1s   001;rs-los alarm activated;2026-07-29 09:43:27;;10.18.204.115
4851097925;datacom;dmstm-1_blmqb-16;agg b - ag fo / 1;pa;belem;91;blm qblineblm 0tmlinvc4s  001;rs-los alarm activated;2026-07-29 09:43:25;;10.18.204.78
4851097923;datacom;dmstm-1_blmbp-01;agg a - ag fo / 1;pa;belem;91;blm bpanelblm qbanelb1s   001;rs-los alarm activated;2026-07-29 09:43:23;;10.12.105.146
4851097844;datacom;dmstm-1_blman1-01;agg b - ag fo / 1;pa;belem;91;blm an1linblm 1nxlinvc4s  001;rs-los alarm activated;2026-07-29 09:43:14;;10.12.100.122
4851094389;datacom;dmstm-1_srm0oh-01;agg a - ag fo / 1;pa;santarem;91;srm 0kylinsrm 0ohlinb1s   001;rs-los alarm activated;2026-07-29 09:30:44;;10.117.215.108
4851094390;datacom;dmstm-1_srm0oh-01;agg b - ag fo / 1;pa;santarem;91;srm v69linsrm 0ohlinb1s   001;rs-los alarm activated;2026-07-29 09:30:44;;10.117.215.108
4851093229;datacom;dmstm-1_srm0io-01;agg a - ag fo / 1;pa;santarem;91;srm 0iolinsrm 0i3linvc4s  001;rs-los alarm activated;2026-07-29 09:26:28;;10.117.215.26
4851088771;datacom;dm4001_parc01-01;unit 1 - 1000b-sfp / 2;am;parintins;92;link eth | 1g | | dm2104g2_par0g1-01 ge 1/1;mib-ii: link down. ifindex: 2;2026-07-29 09:18:23;;2.1.159.196
4851068765;datacom;dm4001_acdbj-01;unit 1 - 1000b-sfp / 4;ma;acailandia;98;link eth | 1g | dm2104g2_acd0eu-01 ge 1/4;mib-ii: link down. ifindex: 4;2026-07-29 08:06:23;;10.115.244.54
4851068348;datacom;dm16e1_mnstrn-15;ag - 2 - e3 b15 / 1;am;manaus;92;mns jl    mns trn   b0480n001;alarm in remote port detected.;2026-07-29 08:05:53;;10.23.58.15
4851068346;datacom;dm16e1_mnsjl-01;ag - 1 - e3 b13 / 1;am;manaus;92;mns jl    mns trn   b0480n001;alarm in remote port detected.;2026-07-29 08:05:51;;10.23.103.98
4851036908;datacom;dm880_blmqb-02;slot6 / 2 - vc-4_2;pa;belem;91;;hp-lom alarm activated;2026-07-29 06:15:47;;10.18.204.123
4851019368;datacom;dmstm-1_mnsem-07;agg a - ag vc4 / vc4;am;manaus;92;;hp-rdi alarm activated;2026-07-29 04:59:13;;10.118.0.7
4850985943;datacom;dm705s_slsus-d05;cpu - fan / 1;ma;sao luis;98;;fan-failure alarm activated;2026-07-29 02:49:28;;10.18.60.67
4850985713;datacom;dm705s_blmqb-d01;cpu - fan / 2;pa;belem;91;;fan-failure alarm activated;2026-07-29 02:48:49;;10.14.37.178
4850952744;datacom;dmstm-1_vntebr-01;agg b - ag fo / 1;pa;;;pgn scp   vntebr    b1s   002;rs-los alarm activated;2026-07-29 01:10:31;ral 405960/2026 c.f.(om/blm /qb /red/);10.18.204.18
4850870804;datacom;dmstm-1_bvaab-06;agg a - ag fo / 1;rr;boa vista;92;bva ab    bva 0f1   b1s   001;rs-los alarm activated;2026-07-28 20:34:52;ral 454132/2026 c.f.(rt/bva /no /net/fo);10.118.192.14
4850870744;datacom;dm16e1_bvaab-24;agg b - e3 b15 / 1;rr;boa vista;92;bva ab    bva 0py   b0480n001;aggregate link detecting los.;2026-07-28 20:34:43;;10.14.38.149
4850836321;datacom;dm16e1_bvaupb-01;ag - 1 - e3 b13 / 1;rr;boa vista;92;bva upb   bva 0j7   b0480n001;alarm in remote port detected.;2026-07-28 18:34:45;;10.12.237.20
4850834557;datacom;dmstm-1_bva0re-01;agg a - ag vc4 / vc4;rr;boa vista;92;;hp-deg alarm activated;2026-07-28 18:30:24;;10.118.205.181
4850813435;datacom;dm4004_blmsz-01;unit 3 - 1000b-sfp / 44;pa;belem;91;link eth | 1g | dm2104g2_aiu0pb-01 ge 1/1;mib-ii: link down. ifindex: 172;2026-07-28 17:11:39;;10.117.200.17
4850803079;datacom;dm4001_blmtpn-01;unit 1 - 1000b-sfp / 2;pa;belem;91;link eth | 1g | dm2104g2_blm32y-01 ge 1/1;mib-ii: link down. ifindex: 2;2026-07-28 16:40:30;;10.117.200.13
4850800331;datacom;dm810_blmqb-07;mpu sfp2 - stm / 1;pa;belem;91;blm qblineblm 3l0linb4s   002;rs-los alarm activated;2026-07-28 16:30:52;ral fechada 441081/2026 c.f.(rt/blm /no /net/fo) (2026-07-28 18:14) c.f.(rt/blm /no /net/fo);10.117.192.37
4850759968;datacom;dmstm-1_mns31e-01;agg b - ag vc4 / vc4;am;manaus;92;;hp-rdi alarm activated;2026-07-28 14:44:02;;10.118.12.100
4850755671;datacom;dm16e1_aiubr-03;agg b - e3 b15 / 1;pa;ananindeua;91;aiu br    aiu v3g   b0480n001;alarm in remote port detected.;2026-07-28 14:35:18;;10.18.204.111
4850752178;datacom;dm2104g2_sis0gf-01; --- ;ma;santa ines;98;;cpu usage more than 90%;2026-07-28 14:27:23;;10.115.246.150
4850751755;datacom;dm2104g2_cpn0e-02;unit 1 - 1000b-t / 5;pa;capanema;91;cpn/ip/00234 - farmacia extra farma;mib-ii: link down. ifindex: 5;2026-07-28 14:27:06;;2.3.50.162
4850751757;datacom;dm2104g2_cpn0fe-01;unit 1 - 1000b-t / 5;pa;capanema;91;cpn/ip/00237 - raia drogasil s/a;mib-ii: link down. ifindex: 5;2026-07-28 14:27:06;;2.2.160.138
4850747421;datacom;dm4001_aiubr-01;unit 1 - 1000b-sfp / 4;pa;ananindeua;91;;mib-ii: link down. ifindex: 4;2026-07-28 14:18:28;;10.117.200.8
4850742918;datacom;dmstm-1_bvaab-16;agg b - ag fo / 1;rr;boa vista;92;bva ab    bva 0pt   b1s   001;rs-los alarm activated;2026-07-28 14:04:14;;10.118.192.21
4850742631;datacom;dmstm1_bva0gw-01;agg a - ag fo / 1;rr;boa vista;92;bva d0dlinbva 0gwlinvc4s  001;rs-los alarm activated;2026-07-28 14:03:38;ral 453143/2026 c.f.(rt/bva /no /net/fo);10.118.204.231
4850709462;datacom;dm2104g2_aiu0u6-01;unit 1 - 1000b-t / 6;pa;ananindeua;91;9121224050 - embrepar automotiva ltda;mib-ii: link down. ifindex: 6;2026-07-28 12:17:15;;10.117.201.159
4850707469;datacom;dmstm-1_mpa0hf-01;agg a - ag fo / 1;ap;macapa;96;mpa 0hflinmpa 0holinvc4s  001;rs-los alarm activated;2026-07-28 12:10:51;ral 452736/2026 c.f.(rt/mpa /no /net/fo);10.24.152.67
4850704281;datacom;dm2104g2_pvo1fk-01;unit 1 - 1000b-sfp / 4;ro;porto velho;69;;mib-ii: link down. ifindex: 4;2026-07-28 12:00:18;;2.1.175.26
4850704140;datacom;dm2104g2_pvo1fk-01;unit 1 - 1000b-sfp / 3;ro;porto velho;69;;mib-ii: link down. ifindex: 3;2026-07-28 11:59:49;;2.1.175.26
4850703973;datacom;dm2104g2_pvo1fk-01;unit 1 - 1000b-sfp / 2;ro;porto velho;69;;mib-ii: link down. ifindex: 2;2026-07-28 11:59:24;;2.1.175.26
4850689709;datacom;dmstm-1_blm2u-01;agg b - ag fo / 1;pa;belem;91;blm 2snlinblm 2ulineb1s   001;rs-los alarm activated;2026-07-28 11:24:58;ral 452565/2026 c.f.(rt/blm /no /net/fo);10.23.54.202
4850686128;datacom;dm810_bva0s0-01;mpu sfp2 - stm / 1;rr;boa vista;92;bva v4t   bva 0s0   b4s   001;rs-lof alarm activated;2026-07-28 11:19:24;;10.118.205.146
4850664937;datacom;dmstm-1_blmqb-54;agg a - ag fo / 1;pa;belem;91;blm qblineblm 0ilinevc4s  001;rs-los alarm activated;2026-07-28 10:21:45;;10.18.204.201
4850664935;datacom;dmstm-1_blm0i0-01;agg b - ag fo / 1;pa;belem;91;blm 0ilineblm 0i0linb1s   001;rs-los alarm activated;2026-07-28 10:21:43;ral 452303/2026 c.f.(rt/blm /no /net/fo);10.12.144.220
4850664187;datacom;dm705s_mnslm-d01;c - e1-16 / 2;am;manaus;92;mns lm dm mns lm dm 02048k001;port operation disabled;2026-07-28 10:19:21;;10.14.98.82
4850663321;datacom;dmstm-1_mba0k0-01;agg a - ag fo / 1;pa;maraba;91;mba 0i0linmba 0k0linvc4s  001;rs-los alarm activated;2026-07-28 10:17:46;ral fechada 452286/2026 c.f.(rt/mba /qe /etg/fo) (2026-07-28 11:53) c.f.(rt/mba /qe /etg/fo);10.117.214.202
4850660208;datacom;dmstm-1_blmqb-34;agg b - ag fo / 1;pa;belem;91;blm qblineblm 2j2linvc4s  001;rs-lof alarm activated;2026-07-28 10:05:43;ral fechada 452236/2026 c.f.(rt/blm /no /net/fo) (2026-07-28 17:54) c.f.(rt/blm /no /net/fo);10.18.204.92
4850657089;datacom;dmstm-1_bva0i2-01;agg b - ag fo / 1;rr;boa vista;92;bva atlinebva 0i2linb1s   001;rs-los alarm activated;2026-07-28 09:55:58;ral 452204/2026 c.f.(rt/bva /no /net/fo);10.118.205.243
4850656053;datacom;dm705s_mnslm-d01;b - e1-16 / 8;am;manaus;92;mns lm dm mns lm dm 02048k007;port operation disabled;2026-07-28 09:52:13;;10.14.98.82
4850656054;datacom;dm705s_mnslm-d01;d - e1-16 / 1;am;manaus;92;mns lm dm mns lm dm 02048k005;port operation disabled;2026-07-28 09:52:13;;10.14.98.82
4850656055;datacom;dm705s_mnslm-d01;d - e1-16 / 9;am;manaus;92;mns lm dm mns lm dm 02048k002;port operation disabled;2026-07-28 09:52:13;;10.14.98.82
4850656056;datacom;dm705s_mnslm-d01;d - e1-16 / 11;am;manaus;92;mns lm dm mns lm dm 02048k003;port operation disabled;2026-07-28 09:52:13;;10.14.98.82
4850656057;datacom;dm705s_mnslm-d01;d - e1-16 / 16;am;manaus;92;mns lm dm mns lm dm 02048k006;port operation disabled;2026-07-28 09:52:13;;10.14.98.82
4850635817;datacom;dmstm-1_srm0dw-01;tr2 - tr eth / 1;pa;santarem;91;srm sp it srm 0dw   10m   001;lan-link_down alarm activated;2026-07-28 08:48:58;;10.117.214.184
4850635816;datacom;dmstm-1_srm0dw-01;agg b - ag fo / 1;pa;santarem;91;srm 0dwlinsrm 0i2linb1s   001;rs-los alarm activated;2026-07-28 08:48:58;;10.117.214.184
4850594483;datacom;dm2104g2_cpz0ff-01; --- ;pa;concordia do para;91;;cpu usage more than 90%;2026-07-28 06:14:50;;
4850593640;datacom;dm2104g2_skn0dx-01; --- ;pa;santarem novo;91;;cpu usage more than 90%;2026-07-28 06:11:00;;
4850581118;datacom;dm2104g2_mpav6a-01; --- ;ap;macapa;96;;cpu usage more than 90%;2026-07-28 05:14:08;;2.4.87.194
4850553442;datacom;dm2104g2_phe0eo-02; --- ;ma;pinheiro;98;;cpu usage more than 90%;2026-07-28 03:10:13;;
4850551944;datacom;dm2104g2_rbo14a-01; --- ;ac;rio branco;68;;cpu usage more than 90%;2026-07-28 03:04:19;;
4850551846;datacom;dm2104g2_sls1el-01; --- ;ma;sao luis;98;;cpu usage more than 90%;2026-07-28 03:03:39;;
4850535742;datacom;dm2104g2_rbo0uv-01; --- ;ac;rio branco;68;;cpu usage more than 90%;2026-07-28 02:00:20;;2.2.150.162
4850534320;datacom;dm2104g2_bvav47-01; --- ;rr;boa vista;92;;cpu usage more than 90%;2026-07-28 01:54:12;;2.2.189.2
4850527730;datacom;dm2104g2_smd0es-01; --- ;ac;sena madureira;68;;cpu usage more than 90%;2026-07-28 01:28:17;;2.1.124.62
4850520650;datacom;dm2104g2_bva0j7-01; --- ;rr;boa vista;92;;cpu usage more than 90%;2026-07-28 01:10:19;;2.3.56.105
4850519638;datacom;dm2104g2_vha0eg-02; --- ;ro;vilhena;69;;cpu usage more than 90%;2026-07-28 01:07:13;;2.0.2.226
4850510961;datacom;dm2104g2_mns0z6-01; --- ;am;manaus;92;;cpu usage more than 90%;2026-07-28 00:38:11;;10.118.53.152
4850432855;datacom;dm2104g2_mns2ua-01;unit 1 - 1000b-sfp / 1;am;manaus;92;link eth | 1g | dm4004_mnsem-01 ge 2/2;mib-ii: link down. ifindex: 1;2026-07-27 19:52:25;;10.118.52.128
4850395068;datacom;dmstm-1_srm0ec-01;agg b - ag vc4 / vc4;pa;santarem;91;;hp-rdi alarm activated;2026-07-27 17:43:26;;10.117.215.29
4850389335;datacom;dm4004_mnsem-01;unit 2 - 1000b-sfp / 2;am;manaus;92;link eth | 1g | dm2104g2_mns2ua-01 ge 1/1;mib-ii: link down. ifindex: 66;2026-07-27 17:22:28;;10.118.52.18
4850360434;datacom;dmstm-1_mba0l5-01;tr2 - tr eth / 1;pa;maraba;91;;lan-link_down alarm activated;2026-07-27 15:56:56;;10.117.214.237
4850353715;datacom;dm16e1_mnsng-01;ag - 1 - e3 b13 / 1;am;manaus;92;mns ng    mns 0v8   b0480n001;alarm in remote port detected.;2026-07-27 15:43:40;;10.118.1.70
4850351465;datacom;dm2104g2_gum0fi-01; --- ;ro;guajara-mirim;69;;cpu usage more than 90%;2026-07-27 15:41:14;;2.0.7.85
4850346944;datacom;dmstm-1_pvo0o8-01;tr3 - tr eth / 2;ro;porto velho;69;;lan-link_down alarm activated;2026-07-27 15:28:21;;10.23.169.116
4850333598;datacom;dm16e1_mnsem-52;ag - 2 - e3 b15 / 1;am;manaus;92;mns em    mns uvq   b0480n001;aggregate link detecting los.;2026-07-27 14:52:26;;10.12.82.36
4850325721;datacom;dm16e1_mnsng-05;ag - 2 - e3 b15 / 1;am;manaus;92;mns ng    mns 2yw   b0480n001;alarm in remote port detected.;2026-07-27 14:34:31;;10.118.1.74
4850322406;datacom;dm2104g2_bvs0h5-01; --- ;pa;benevides;91;;cpu usage more than 90%;2026-07-27 14:25:36;;
4850266971;datacom;dm810_bva0s4-01;mpu sfp2 - stm / 1;rr;boa vista;92;bva 0s2linbva 0s4linb4s   001;rs-los alarm activated;2026-07-27 11:55:53;;10.118.206.69
4850266963;datacom;dm4001_bvaab-01;unit 1 - 1000b-sfp / 14;rr;boa vista;92;;mib-ii: link down. ifindex: 14;2026-07-27 11:55:47;;10.118.244.7
4850227937;datacom;dmstm-1_itz0jd-01;agg b - ag fo / 1;ma;imperatriz;98;itz 0jdlinitz 0jelinvc4s  001;rs-los alarm activated;2026-07-27 10:04:02;;10.117.86.195
4850227814;datacom;dmstm-1_itzrc-31;agg a - ag fo / 1;ma;imperatriz;98;itz rclineitz 0jelinvc4s  001;rs-los alarm activated;2026-07-27 10:03:56;;10.117.64.91
4850227807;datacom;dm4001_itzrc-01;unit 1 - 1000b-sfp / 44;ma;imperatriz;98;link eth | 1g | | dm2104g2_itz0ng-01 ge 1/1;mib-ii: link down. ifindex: 44;2026-07-27 10:03:51;;10.115.244.135
4850225545;datacom;dm2104g2_cah0eg-01; --- ;pa;castanhal;91;;cpu usage more than 90%;2026-07-27 09:58:23;;2.0.70.69
4850209531;datacom;dm2104g2_bih0ek-01;unit 1 - 1000b-t / 5;ma;barreirinhas;98;bih/ip/00111 - sebrae;mib-ii: link down. ifindex: 5;2026-07-27 09:08:01;;2.1.180.222
4850161251;datacom;dm2104g2_mnsie-01; --- ;am;manaus;92;;cpu usage more than 90%;2026-07-27 06:33:42;;2.2.34.138
4850160213;datacom;dm2104g2_bli0ej-01; --- ;ac;brasileia;68;;cpu usage more than 90%;2026-07-27 06:30:15;;2.2.219.2
4850158825;datacom;dm2104g2_rbouoq-01; --- ;ac;rio branco;68;;cpu usage more than 90%;2026-07-27 06:24:45;;2.1.172.42
4850154803;datacom;dm2104g2_bau0dw-01; --- ;ma;bacuri;98;;cpu usage more than 90%;2026-07-27 06:10:06;;2.2.139.82
4850152795;datacom;dm2104g2_bva0va-01; --- ;rr;boa vista;92;;cpu usage more than 90%;2026-07-27 06:03:19;;2.3.26.142
4850128837;datacom;dm2104g2_mnst4n-01; --- ;am;manaus;92;;cpu usage more than 90%;2026-07-27 04:38:32;;10.118.53.112
4850126780;datacom;dm2104g2_rbo10k-01; --- ;ac;rio branco;68;;cpu usage more than 90%;2026-07-27 04:30:12;;2.2.150.234
4850109363;datacom;dm2104g2_sls2nr-01; --- ;ma;sao luis;98;;cpu usage more than 90%;2026-07-27 03:30:39;;2.1.61.62
4850107828;datacom;dm2104g2_ept0ed-01; --- ;ac;epitaciolandia;68;;cpu usage more than 90%;2026-07-27 03:25:42;;2.2.59.98
4850102654;datacom;dm2104g2_tau0er-01; --- ;ac;tarauaca;68;;cpu usage more than 90%;2026-07-27 03:06:55;;2.1.181.86
4850070378;datacom;dm2104g2_par0gk-01; --- ;am;parintins;92;;cpu usage more than 90%;2026-07-27 01:37:10;;2.2.98.82
4850062279;datacom;dm2104g2_mns4iy-01; --- ;am;manaus;92;;cpu usage more than 90%;2026-07-27 01:09:37;;2.2.179.10
4850060220;datacom;dm2104g2_fjo0en-01; --- ;ac;feijo;68;;cpu usage more than 90%;2026-07-27 01:03:07;;2.2.152.134
4850053326;datacom;dm2104g2_blm3dl-01; --- ;pa;belem;91;;cpu usage more than 90%;2026-07-27 00:39:52;;2.2.174.202
4850049561;datacom;dm2104g2_swd0ec-01; --- ;ac;senador guiomard;68;;cpu usage more than 90%;2026-07-27 00:29:20;;2.0.213.246
4850049557;datacom;dm2104g2_rbo101-01; --- ;ac;rio branco;68;;cpu usage more than 90%;2026-07-27 00:29:12;;2.2.152.154
4849959833;datacom;dm16e1_mns90p-01 - cia ene manauara -ch;ag - 1 - e3 b13 / 1;am;manaus;92;mns 3zh   mns 90p   b0480n001;alarm in remote port detected.;2026-07-26 20:10:55;;10.118.12.194
4849911258;datacom;dm16e1_mnsrbn-01;agg b - e3 b15 / 1;am;manaus;92;mns rbn   mns 2zj   b0480n001;alarm in remote port detected.;2026-07-26 17:46:48;;10.12.82.126
4849894955;datacom;dmstm-1_srm0e2-01(sudeste com);agg a - ag fo / 1;pa;santarem;91;srm 0e2linsrm 0hwlinvc4s  001;rs-los alarm activated;2026-07-26 17:08:12;;10.12.106.254
4849842463;datacom;dmstm1_mns2ax-01;tr2 - tr eth / 2;am;manaus;92;mns lm it mns 2ax   34m   001 - parte 1/2/mns lm it mns 2ax   34m   001;lan-link_down alarm activated;2026-07-26 14:56:38;;10.23.7.54
4849825122;datacom;dmstm-1_srmsp-06;agg a - ag fo / 1;pa;santarem;91;srm spanelsrm tmanelb1s   001;rs-los alarm activated;2026-07-26 14:03:58;;10.18.204.183
4849767558;datacom;dmstm-1_srm0e6-01;tr2 - tr eth / 1;pa;santarem;91;srm sp it srm 0e6   2m    001;lan-link_down alarm activated;2026-07-26 11:21:31;;10.117.215.168
4849743899;datacom;dmstm-1_bva0ry-01;agg a - ag fo / 1;rr;boa vista;92;bva atlinebva 0rylinb1s   001;rs-los alarm activated;2026-07-26 10:11:34;ral fechada 447938/2026 c.f.(om/bva /ab /red/) (2026-07-27 11:33) c.f.(om/bva /ab /red/);10.118.205.244
4849664758;datacom;dm16e1_pbwv32-01;agg b - e3 b15 / 1;ro;pimenta bueno;69;pbw v32   pbw 0eh   b0480n002;aggregate link detecting los.;2026-07-26 06:05:58;;10.23.49.242
4849664756;datacom;dm16e1_pbw0dw-01;agg b - e3 b15 / 1;ro;pimenta bueno;69;pbw brp   pbw 0dw   b0480n001;aggregate link detecting los.;2026-07-26 06:05:55;;10.12.120.73
4849656786;datacom;dm2104g2_slsyrw-01; --- ;ma;sao luis;98;;cpu usage more than 90%;2026-07-26 05:38:21;;2.1.196.230
4849643738;datacom;dm16e1_pbw0eh-01;agg a - e3 b13 / 1;ro;pimenta bueno;69;pbw v32   pbw 0eh   b0480n002;aggregate link detecting los.;2026-07-26 04:47:34;;10.23.49.243
4849643737;datacom;dm16e1_pbwbrp-04;agg b - e3 b15 / 1;ro;pimenta bueno;69;pbw brp   pbw v32   b0480n002;aggregate link detecting los.;2026-07-26 04:47:33;ral fechada 447662/2026 c.f.(om/pvo /fq /red/) (2026-07-28 13:33) c.f.(om/pvo /fq /red/);10.12.126.106
4849635242;datacom;dm2104g2_slsua6-01; --- ;ma;sao luis;98;;cpu usage more than 90%;2026-07-26 04:14:05;;10.115.245.212
4849633152;datacom;dm2104g2_slsc00-02; --- ;ma;sao luis;98;;cpu usage more than 90%;2026-07-26 04:06:57;;10.115.245.216
4849631494;datacom;dm2104g2_rbo0w9-01; --- ;ac;rio branco;68;;cpu usage more than 90%;2026-07-26 04:01:08;;2.1.106.62
4849621307;datacom;dm2104g2_acd0fg-01; --- ;ma;acailandia;98;;cpu usage more than 90%;2026-07-26 03:25:52;;10.115.245.95
4849609400;datacom;dmstm-1_srm0oh-01;agg b - ag vc4 / vc4;pa;santarem;91;;hp-rdi alarm activated;2026-07-26 02:44:20;;10.117.215.108
4849604245;datacom;dmstm-1_srm0jw-01;agg a - ag fo / 1;pa;santarem;91;srm 0jwlinsrm 0kplinvc4s  001;rs-los alarm activated;2026-07-26 02:25:44;;10.117.215.105
4849588359;datacom;dm2104g2_rbov3c-01; --- ;ac;rio branco;68;;cpu usage more than 90%;2026-07-26 01:34:17;;2.1.138.50
4849430138;datacom;dm16e1_jippv-02;ag - 2 - e3 b15 / 1;ro;ji-parana;69;jip pv    jip v5j   b0480n001;aggregate link detecting los.;2026-07-25 16:21:42;;10.12.126.45
4849419692;datacom;dm2104g2_sls1k0-01;unit 1 - 1000b-t / 6;ma;sao luis;98;9833011000 - cons alumar;mib-ii: link down. ifindex: 6;2026-07-25 15:48:58;;2.0.7.137
4849404198;datacom;dm16e1_mns3zh-01;agg b - e3 b15 / 1;am;manaus;92;mns 3zh   mns 90p   b0480n001;aggregate link detecting los.;2026-07-25 15:04:04;;10.118.12.195
4849331575;datacom;dmstm-1_mpa0mm-01(moseli veiculos );agg a - ag fo / 1;ap;macapa;96;mpa enlinempa 0mmlinvc4s  001/mpa enlinempa 0mmlinb1s   001;rs-los alarm activated;2026-07-25 11:03:40;;10.12.100.164
4849314465;datacom;dm2104g2_mns2r4-02; --- ;am;manaus;92;;cpu usage more than 90%;2026-07-25 10:12:18;;10.118.53.23
4849207279;datacom;dm2104g2_sls2g7-01; --- ;ma;sao luis;98;;cpu usage more than 90%;2026-07-25 04:09:19;;10.115.245.218
4849205219;datacom;dm705s_mpa0ef-01;a - dsl8 / 3;ap;macapa;96;;dsl-los alarm activated;2026-07-25 04:01:47;;10.12.199.254
4849205220;datacom;dm705s_mpa0ef-01;b - dsl8 / 8;ap;macapa;96;;dsl-los alarm activated;2026-07-25 04:01:47;;10.12.199.254
4849205221;datacom;dm705s_mpa0ef-01;c - dsl8 / 2;ap;macapa;96;;dsl-los alarm activated;2026-07-25 04:01:47;;10.12.199.254
4849205222;datacom;dm705s_mpa0ef-01;c - dsl8 / 3;ap;macapa;96;;dsl-los alarm activated;2026-07-25 04:01:47;;10.12.199.254
4849205223;datacom;dm705s_mpa0ef-01;c - dsl8 / 4;ap;macapa;96;mpa gg it mpa 0f4 2m 002;dsl-los alarm activated;2026-07-25 04:01:47;;10.12.199.254
4849205224;datacom;dm705s_mpa0ef-01;c - dsl8 / 5;ap;macapa;96;;dsl-los alarm activated;2026-07-25 04:01:47;;10.12.199.254
4849205225;datacom;dm705s_mpa0ef-01;c - dsl8 / 6;ap;macapa;96;mpa gg it mpa 0mt   2m    001;dsl-los alarm activated;2026-07-25 04:01:47;;10.12.199.254
4849205226;datacom;dm705s_mpa0ef-01;c - dsl8 / 7;ap;macapa;96;;dsl-los alarm activated;2026-07-25 04:01:47;;10.12.199.254
4849205227;datacom;dm705s_mpa0ef-01;c - dsl8 / 8;ap;macapa;96;;dsl-los alarm activated;2026-07-25 04:01:47;;10.12.199.254
4849205217;datacom;dm705s_mpa0ef-01;cpu - fan / 1;ap;macapa;96;;fan-failure alarm activated;2026-07-25 04:01:46;;10.12.199.254
4849205218;datacom;dm705s_mpa0ef-01;a - dsl8 / 2;ap;macapa;96;;dsl-los alarm activated;2026-07-25 04:01:46;;10.12.199.254
4849184695;datacom;dmstm-1_blm0i-01;tr2 - tr eth / 1;pa;belem;91;blm qb it blm 0i    16m   001;lan-link_down alarm activated;2026-07-25 02:48:53;;10.12.144.221
4849176241;datacom;dmstm-1_srm0fk-01;agg a - ag fo / 1;pa;santarem;91;srm 0eolinsrm 0fklinvc4s  001;rs-lof alarm activated;2026-07-25 02:17:42;;10.117.214.26
4849130628;datacom;dm2104g2_aiu0pw-01; --- ;pa;ananindeua;91;;critical temperature was detected;2026-07-24 23:46:01;;2.2.231.190
4849062915;datacom;dmstm-1_cahv4w-01;tr2 - tr eth / 1;pa;castanhal;91;blm qb it cah v4w 10m 001 (cah/ip/00263);lan-link_down alarm activated;2026-07-24 20:08:27;;10.12.144.179
4848976517;datacom;dm2104g2_mpaifg-01;unit 1 - 1000b-t / 5;ap;macapa;96;mpa/ip/01320 - vicosa mg;mib-ii: link down. ifindex: 5;2026-07-24 16:15:06;;2.3.196.2
4848958526;datacom;dm2104g2_blm2zd-01;unit 1 - 1000b-t / 6;pa;belem;91;blm/ip/02868 - basa;mib-ii: link down. ifindex: 6;2026-07-24 15:26:55;;10.117.200.129
4848938598;datacom;dmstm-1_bvaab-19;agg a - ag fo / 1;rr;boa vista;92;bva ab    bva 0pv   b1s   001;rs-los alarm activated;2026-07-24 14:34:16;ral fechada 445382/2026 c.f.(rt/bva /no /net/fo) (2026-07-27 19:54) c.f.(rt/bva /no /net/fo);10.118.192.52
4848938531;datacom;dmstm-1_bva0pv-01;agg b - ag fo / 1;rr;boa vista;92;bva ab    bva 0pv   b1s   001;rs-los alarm activated;2026-07-24 14:34:11;ral fechada 445382/2026 c.f.(rt/bva /no /net/fo) (2026-07-27 19:54) c.f.(rt/bva /no /net/fo);10.118.205.53
4848934295;datacom;dmstm-1_bvapw-02;agg b - ag fo / 1;rr;boa vista;92;bva pwlinebva 0iylinb1s   001;rs-los alarm activated;2026-07-24 14:21:15;ral fechada 445346/2026 c.f.(rt/bva /no /net/fo) (2026-07-27 19:54) c.f.(rt/bva /no /net/fo);10.12.237.134
4848932944;datacom;dm16e1_pvo0qg-01;agg b - e3 b13 / 1;ro;porto velho;69;pvo 0ji   pvo 0qg   b0480n001;aggregate link detecting los.;2026-07-24 14:17:50;;10.23.169.215
4848932439;datacom;dm2104g2_mba0nm-01;unit 1 - 1000b-t / 5;pa;maraba;91;mba/ip/01050 - telmex do brasil s a;mib-ii: link down. ifindex: 5;2026-07-24 14:16:42;;2.2.100.250
4848885650;datacom;dmstm-1_bva0rv-01;agg a - ag fo / 1;rr;boa vista;92;bva 0qb   bva 0rv   b1s   001;rs-los alarm activated;2026-07-24 12:12:49;ral fechada 443026/2026  c.f.(rt/bva /no /net/fo) (2026-07-24 17:33) c.f.(rt/bva /no /net/fo);10.118.205.172
4848884196;datacom;dm2104g2_pvo1f1-01;unit 1 - 1000b-t / 5;ro;porto velho;69;;mib-ii: link down. ifindex: 5;2026-07-24 12:09:57;;
4848833916;datacom;dm4004_slsus-01;unit 4 - 1000b-sfp / 12;ma;sao luis;98;link eth | 1g | | dm2104g2_slszb-01 ge 1/1;mib-ii: link down. ifindex: 204;2026-07-24 09:58:00;;10.115.244.61
4848832221;datacom;dm810_bva0s2-01;mpu sfp1 - stm / 1;rr;boa vista;92;bva 0s2linbva 0s4linb4s   001;rs-lof alarm activated;2026-07-24 09:53:14;;10.118.206.66
4848830065;datacom;dm810_bva0s0-01;mpu sfp1 / 1 - vc-4_1;rr;boa vista;92;;hp-rdi alarm activated;2026-07-24 09:49:14;;10.118.205.146
4848830066;datacom;dm810_bva0s0-01;mpu sfp1 / 1 - vc-4_2;rr;boa vista;92;;hp-rdi alarm activated;2026-07-24 09:49:14;;10.118.205.146
4848781140;datacom;dmstm-1_bvsv3a-01;agg b - ag vc4 / vc4;pa;benevides;91;;hp-rdi alarm activated;2026-07-24 07:22:23;;10.24.152.151
4848769350;datacom;dm2104g2_deu0e9-01; --- ;pa;dom eliseu;91;;cpu usage more than 90%;2026-07-24 06:46:33;;2.0.216.154
4848684690;datacom;dm2104g2_czu0e6-01; --- ;ac;cruzeiro do sul;68;;cpu usage more than 90%;2026-07-24 01:30:39;;2.1.67.222
4848632966;datacom;dm4004_rborb-ag01; --- ;ac;rio branco;68;;the active -1 and standby mpu 1868804408 nsf-id differs.;2026-07-23 22:34:26;;10.118.136.6
4848562420;datacom;dm16e1_bvapw-01;ag - 2 - e3 b15 / 1;rr;boa vista;92;bva di    bva pw    b0480n001;aggregate link detecting los.;2026-07-23 18:06:56;;10.12.237.130
4848556365;datacom;dmstm-1_mba0l1-01;tr3 - tr eth / 1;pa;maraba;91;mba tm it mba 0l1   10m   001;lan-link_down alarm activated;2026-07-23 17:45:17;;10.117.214.106
4848523334;datacom;dm2104g2_sls0ns-01;unit 1 - 1000b-t / 6;ma;sao luis;98;;mib-ii: link down. ifindex: 6;2026-07-23 16:12:59;;10.115.246.24
4848516457;datacom;dm16e1_mnsem-42;ag - 2 - e3 b15 / 1;am;manaus;92;mns em    mns v2q   b0480n001;aggregate link detecting los.;2026-07-23 15:55:35;;10.12.82.25
4848511663;datacom;dmstm-1_pvo0ef-01;tr3 - tr eth / 1;ro;porto velho;69;pvo fq    pvo 0ef   20m   001;lan-link_down alarm activated;2026-07-23 15:42:10;;10.23.168.68
4848475954;datacom;dmstm-1_srm0e4-01 ( norte auto );agg b - ag fo / 1;pa;santarem;91;srm 0dylinsrm 0e4linvc4s  001;rs-los alarm activated;2026-07-23 14:09:21;;10.12.106.253
4848432840;datacom;dmstm-1_mns0v0-01;agg b - ag fo / 1;am;manaus;92;mns 0v0linmns 1pclinvc4s  001;rs-los alarm activated;2026-07-23 12:02:09;ral fechada 438450/2026  c.f.(rt/mns /no /net/fo) (2026-07-24 16:33) c.f.(rt/mns /no /net/fo);10.118.12.50
4848420638;datacom;dm2104g2_srm0n0-01;unit 1 - 1000b-t / 5;pa;santarem;91;9332220650 - ufopa;mib-ii: link down. ifindex: 5;2026-07-23 11:36:22;;2.1.234.74
4848419123;datacom;dm4001_cahrb-01;unit 1 - 1000b-sfp / 27;pa;castanhal;91;link eth | 1g | dm2104g2_cah0gu-02 ge 1/1;mib-ii: link down. ifindex: 27;2026-07-23 11:31:51;;2.0.70.68
4848419115;datacom;dm2104g2_cah0gu-02;unit 1 - 1000b-t / 5;pa;castanhal;91;cah/ip/00559 - banco santander brasil s a;mib-ii: link down. ifindex: 5;2026-07-23 11:31:49;;2.0.70.78
4848417037;datacom;dmstm-1_mba0i3-01;agg a - ag fo / 1;pa;maraba;91;mba 0gzlinmba 0i3linvc4s  001;rs-los alarm activated;2026-07-23 11:25:52;ral 447378/2026;10.23.54.102
4848417036;datacom;dmstm-1_mbaote-01;agg b - ag fo / 1;pa;maraba;91;mba otelinmba 0gzlinb1s   001;rs-los alarm activated;2026-07-23 11:25:49;ral fechada 442230/2026 c.f.(sv/rjo /am /ace/cd) (2026-07-23 12:33) c.f.(sv/rjo /am /ace/cd);10.23.54.104
4848411788;datacom;dmstm-1_srm0jw-01;agg b - ag fo / 1;pa;santarem;91;srm 0jwlinsrm 0l1linb1s   001;rs-los alarm activated;2026-07-23 11:13:13;;10.117.215.105
4848409854;datacom;dm16e1_bvav5c-01;agg a - e3 b13 / 1;rr;boa vista;92;bva ab    bva v5c   b0480n001;aggregate link detecting los.;2026-07-23 11:07:07;;10.118.204.3
4848409625;datacom;dm16e1_bvaab-19;ag - 2 - e3 b15 / 1;rr;boa vista;92;bva ab    bva v5c   b0480n001;alarm in remote port detected.;2026-07-23 11:06:33;;10.118.192.5
4848409098;datacom;dm16e1_bvav5c-01;agg b - e3 b15 / 1;rr;boa vista;92;bva upa   bva v5c   b0480n001;aggregate link detecting los.;2026-07-23 11:05:37;;10.118.204.3
4848393751;datacom;dm16e1_bvaab-24;agg a - e3 b13 / 1;rr;boa vista;92;bva ab    bva 0dx   b0480n001;aggregate link detecting los.;2026-07-23 10:27:10;ral fechada 442031/2026 c.f.(om/bva /ab /red/) (2026-07-24 10:13) c.f.(om/bva /ab /red/);10.14.38.149
4848389741;datacom;dm4004_mnsem-01;unit 3 - 1000b-sfp / 16;am;manaus;92;link eth | 1g | | dm2104g2_mns3vm-01 ge 1/1;mib-ii: link down. ifindex: 144;2026-07-23 10:15:42;;10.118.52.18
4848324660;datacom;dm2104g2_sas0e1-01; --- ;pa;salinopolis;91;;cpu usage more than 90%;2026-07-23 07:15:47;;10.139.19.53
4848321238;datacom;dm2104g2_rsi0dz-01; --- ;ma;rosario;98;;cpu usage more than 90%;2026-07-23 07:06:25;;10.139.29.102
4848293434;datacom;dmstm-1_bvaeqt-01;agg a - ag vc4 / vc4;rr;boa vista;92;;hp-rdi alarm unstable;2026-07-23 05:19:47;;10.118.205.52
4848284240;datacom;dm2104g2_mns3en-01; --- ;am;manaus;92;;cpu usage more than 90%;2026-07-23 04:42:00;;10.118.52.65
4848276495;datacom;dm2104g2_itzmpu-02; --- ;ma;imperatriz;98;;cpu usage more than 90%;2026-07-23 04:13:14;;2.0.47.130
4848225992;datacom;dm830_mnsttj-01;mpu1 sfp - stm / 1;am;manaus;92;mns emlinemns ttjlinb16s  001;rs-los alarm activated;2026-07-23 01:24:35;ral fechada 441111/2026 c.f.(rt/mns /no /net/fo) (2026-07-23 23:14) c.f.(rt/mns /no /net/fo);10.118.62.6
4848205085;datacom;dm2104g2_acdzsk-01; --- ;ma;acailandia;98;;cpu usage more than 90%;2026-07-23 00:18:33;;10.115.246.163
4848089632;datacom;dm2104g2_mpa0w8-01;unit 1 - 1000b-t / 6;ap;macapa;96;mpa/ip/01486 - raia drogasil s/a;mib-ii: link down. ifindex: 6;2026-07-22 18:09:09;;2.2.45.38
4848077668;datacom;dm2104g2_mns0iq-01; --- ;am;manaus;92;;cpu usage more than 90%;2026-07-22 17:37:11;;10.118.52.88
4848066177;datacom;dm880_cahbr-01;slot7 / 1 - vc-4_1;pa;castanhal;91;;hp-lom alarm unstable;2026-07-22 17:06:45;;10.117.195.6
4848053001;datacom;dm880_cahbr-01;slot7 / 1 - vc-4_14;pa;castanhal;91;;hp-lom alarm unstable;2026-07-22 16:41:25;;10.117.195.6
4848036710;datacom;dm4004_slsus-01;unit 4 - 1000b-sfp / 35;ma;sao luis;98;link eth | 1g | dm2104g2_sls2i9-01 ge 1/1;mib-ii: link down. ifindex: 227;2026-07-22 16:03:16;;10.115.244.61
4848032167;datacom;dm2104g2_aiuv5r-01;unit 1 - 1000b-t / 5;pa;ananindeua;91;aiu/ip/02189 - rodobens administradora de consorcios ltda;mib-ii: link down. ifindex: 5;2026-07-22 15:56:47;;2.2.148.70
4848000514;datacom;dmstm-1_mpagg-05;agg a - ag fo / 1;ap;macapa;96;mpa gglinempa 0folinb1s   001;rs-los alarm activated;2026-07-22 14:36:33;;10.12.100.148
4848000513;datacom;dmstm-1_mpagg-06;agg a - ag fo / 1;ap;macapa;96;mpa gglinempa yblinevc4s  001;rs-los alarm activated;2026-07-22 14:36:32;;10.12.100.151
4848000448;datacom;dmstm-1_mpa0mq-01 ser reativado;agg b - ag fo / 1;ap;macapa;96;mpa 0flinempa 0mqlinvc4s  001;rs-los alarm activated;2026-07-22 14:36:27;ral 440148/2026 c.f.(rt/mpa /no /net/fo);
4847961114;datacom;dm880_cahbr-01;slot7 / 1 - vc-4_8;pa;castanhal;91;;hp-lom alarm activated;2026-07-22 12:32:46;;10.117.195.6
4847915939;datacom;dm2104g2_sls2ge-01; --- ;ma;sao luis;98;;cpu usage more than 90%;2026-07-22 10:22:57;;10.115.245.219
4847914798;datacom;dm2104g2_mnst4n-01;unit 1 - 1000b-sfp / 1;am;manaus;92;link eth | 1g | | dm4004_mnsem-01 ge 5/11;mib-ii: link down. ifindex: 1;2026-07-22 10:19:40;;10.118.53.112
4847836388;datacom;dmstm-1_srmup0-01;agg a - ag fo / 1;pa;santarem;91;srm up0linsrm 0ghlinvc4s  001;rs-los alarm activated;2026-07-22 06:27:04;;10.117.214.178
4847834436;datacom;dmstm-1_srmv66-01;agg b - ag vc4 / vc4;pa;santarem;91;;hp-rdi alarm activated;2026-07-22 06:20:48;;10.117.214.22
4847825200;datacom;dmstm-1_srm0gh-01;agg b - ag fo / 1;pa;santarem;91;srm up0linsrm 0ghlinvc4s  001;rs-los alarm activated;2026-07-22 05:43:46;;10.117.214.180
4847707864;datacom;dm16e1_mns10k-02;agg a - e3 b13 / 1;am;manaus;92;mns ttj   mns 10k   b0480n001;alarm in remote port detected.;2026-07-21 22:05:22;;10.23.116.148
4847690383;datacom;dm2104g2_aiuupz-02;unit 1 - 1000b-sfp / 4;pa;ananindeua;91;;sfp module removed.;2026-07-21 21:03:14;;2.1.135.82
4847680537;datacom;dmstm-1_mnsttj-02 - envision -pace brasi;tr2 - tr stm1 fo / 1;am;manaus;92;mns ttjlinmns ttjlinvc4s  001;rs-los alarm activated;2026-07-21 20:24:35;;10.23.103.213
4847672979;datacom;dmstm-1_bvaab-06;agg b - ag fo / 1;rr;boa vista;92;bva ab    bva 0f1   b1s   002;rs-los alarm activated;2026-07-21 19:57:08;ral 435457/2026 (2026-07-20 17:47) c.f.(rt/bva /no /net/fo);10.118.192.14
4847645567;datacom;dm3000_mpagg-di03(101-124);unit 1 - 100b-tx / 23;ap;macapa;96;mpa/ip/01094;mib-ii: link down. ifindex: 23;2026-07-21 18:22:49;;10.117.192.25
4847644336;datacom;dmstm-1_srmv4d-01;agg a - ag fo / 1;pa;santarem;91;srm v4dlinsrm 0j8linvc4s  001;rs-lof alarm activated;2026-07-21 18:18:51;ral 450746/2026;10.117.215.22
4847621331;datacom;dm820_crncar-01;mpu1 sfp - stm / 1;ma;carolina;98;crn carlineto teslinb16s  001;rs-los alarm activated;2026-07-21 16:58:26;ral fechada 437955/2026 c.f.(rt/sls /ce /net/fo) (2026-07-22 18:33) c.f.(rt/sls /ce /net/fo);10.117.85.20
4847620043;datacom;dm810_mns2xr-01;mpu sfp2 / 1 - vc-4_1;am;manaus;92;;hp-rdi alarm activated;2026-07-21 16:54:53;;10.23.206.88
4847620044;datacom;dm810_mns2xr-01;mpu sfp2 / 1 - vc-4_4;am;manaus;92;;hp-rdi alarm activated;2026-07-21 16:54:53;;10.23.206.88
4847618374;datacom;dm16e1_mnssol-02 - sadia - musashi;ag - 1 - e3 b13 / 1;am;manaus;92;mns b05linmns sol   b0480n001;alarm in remote port detected.;2026-07-21 16:47:39;;10.12.82.92
4847618375;datacom;dm16e1_mnssol-02 - sadia - musashi;ag - 2 - e3 b15 / 1;am;manaus;92;mns sol   mns 3e8   b0480n001;aggregate link detecting los.;2026-07-21 16:47:39;;10.12.82.92
4847615365;datacom;dm16e1_mbatm-06;ag - 2 - e3 b15 / 1;pa;maraba;91;mba tm    mba upy   b0480n001;alarm in remote port detected.;2026-07-21 16:37:52;;10.18.5.138
4847590257;datacom;dmstm-1_mbaur1-01;agg a - ag vc4 / vc4;pa;maraba;91;;hp-rdi alarm activated;2026-07-21 15:24:53;;10.12.199.187
4847588437;datacom;dmstm-1_mba0gz-01;agg b - ag fo / 1;pa;maraba;91;mba 0gzlinmba 0i3linvc4s  001;rs-los alarm activated;2026-07-21 15:18:28;ral 447378/2026;10.23.54.110
4847579389;datacom;dm705s_mnslm-d02;a - e1-16 / 3;am;manaus;92;mns lm dm mns 1pm 02048k 014;port operation disabled;2026-07-21 14:51:46;;10.19.157.58
4847532765;datacom;dm810_mpa0gk-01;mpu sfp1 - stm / 1;ap;macapa;96;;rs-los alarm activated;2026-07-21 12:26:36;;10.19.183.66
4847530139;datacom;dm810_mpagg-01;mpu sfp1 - stm / 1;ap;macapa;96;mpa gglinempa 0gklinvc4s  001;rs-los alarm activated;2026-07-21 12:18:27;;10.23.240.55
4847529380;datacom;dm2104g2_rbo13i-01;unit 1 - 1000b-t / 5;ac;rio branco;68;rbo/ip/02128 - regional brasilia df;mib-ii: link down. ifindex: 5;2026-07-21 12:16:42;;2.4.43.58
4847472781;datacom;dmstm-1_bva0hj-01;tr1 - tr eth / 1;rr;boa vista;92;bva ab it bva 0hj   10m   002;lan-link_down alarm activated;2026-07-21 09:43:45;;10.118.204.216
4847466965;datacom;dm4001_blacr-02;unit 1 - 1000b-sfp / 20;ma;balsas;98;link eth | 1g | | dm2104g2_bla0h5-02 ge 1/1;mib-ii: link down. ifindex: 20;2026-07-21 09:28:28;;2.1.210.132
4847420356;datacom;dmstm-1_bvsbr-03;agg b - ag fo / 1;pa;benevides;91;bvs brlinebvs 0fxlinb1s   001;rs-los alarm activated;2026-07-21 06:47:50;ral fechada 436144/2026 c.f.(rt/blm /no /net/fo) (2026-07-21 12:13) c.f.(rt/blm /no /net/fo);10.23.240.36
4847338990;datacom;dm2104g2_sls22x-01; --- ;ma;sao luis;98;;cpu usage more than 90%;2026-07-21 01:06:33;;10.115.244.238
4847315036;datacom;dm16e1_mnstrn-16;agg b - e3 b15 / 1;am;manaus;92;mns trn   mns 2ki   b0480n001;aggregate link detecting los.;2026-07-20 23:40:16;;10.23.58.21
4847315033;datacom;dm16e1_mnsub8-01;ag - 1 - e3 b15 / 1;am;manaus;92;mns ub8   mns 3l4   b0480n001;alarm in remote port detected.;2026-07-20 23:40:11;;10.23.58.211
4847297049;datacom;dm4004_rborb-ag01;unit 2 - 1000b-sfp / 6;ac;rio branco;68;description link eth | 1g | rborbdm/rborbme/1g/001 | acrbo01-rmc01 gig 1/2/1;mib-ii: link down. ifindex: 70;2026-07-20 22:24:47;;10.118.136.6
4847226800;datacom;dmstm-1_srm0hy-01;agg a - ag fo / 1;pa;santarem;91;srm v5wlinsrm 0hylinvc4s  001;rs-los alarm activated;2026-07-20 18:09:53;;10.12.106.251
4847226588;datacom;dm16e1_mns2qt-01;agg b - e3 b15 / 1;am;manaus;92;mns uva   mns 2qt   b0480n001;aggregate link detecting los.;2026-07-20 18:09:10;;10.23.57.37
4847226586;datacom;dm16e1_mnsuva-01 - j toledo - ch;ag - 1 - e3 b13 / 1;am;manaus;92;mns uva   mns 2qt   b0480n001;aggregate link detecting los.;2026-07-20 18:09:05;;10.23.57.38
4847207502;datacom;dmstm-1_bva0f1-01;agg a - ag fo / 1;rr;boa vista;92;bva ab    bva 0f1   b1s   002;rs-los alarm activated;2026-07-20 17:08:22;ral 435457/2026 c.f.(rt/bva /no /net/fo);10.118.204.136
4847193936;datacom;dm4001_blmves-01;unit 1 - 1000b-sfp / 4;pa;belem;91;link eth | 1g | dm2104g2_blm27k-01 ge 1/1;sfp module removed.;2026-07-20 16:25:20;;10.117.200.10
4847183481;datacom;dm4001_blmves-01;unit 1 - 1000b-sfp / 17;pa;belem;91;;sfp module removed.;2026-07-20 16:00:23;;10.117.200.10
4847173573;datacom;dm4001_siskb-01;unit 1 - 1000b-sfp / 29;ma;santa ines;98;;sfp module removed.;2026-07-20 15:34:29;;10.115.244.71
4847172310;datacom;dm4001_siskb-01;unit 1 - 1000b-sfp / 34;ma;santa ines;98;;sfp module removed.;2026-07-20 15:31:00;;10.115.244.71
4847157572;datacom;dm810_bvaab-09;mpu sfp1 - stm / 1;rr;boa vista;92;bva ab    bva v47   b4s   001;rs-los alarm activated;2026-07-20 14:55:47;;10.118.192.37
4847157573;datacom;dm810_bvaab-09;mpu sfp2 - stm / 1;rr;boa vista;92;bva ab    bva v47   b4s   002;rs-los alarm activated;2026-07-20 14:55:47;ral fechada 429607/2026  (2026-07-20 14:58) c.f.(rt/bva /no /net/fo);10.118.192.37
4847143289;datacom;dm16e1_mnsita-12;agg b - e3 b15 / 1;am;manaus;92;mns ita   mns 0qx   b0480n001;aggregate link detecting los.;2026-07-20 14:11:29;;10.12.82.158
4847130990;datacom;dmstm-1_srm0ji-01;agg a - ag fo / 1;pa;santarem;91;srm mp3linsrm 0jilinvc4s  001;rs-los alarm activated;2026-07-20 13:40:33;;10.117.215.35
4847130991;datacom;dmstm-1_srm0ji-01;agg b - ag fo / 1;pa;santarem;91;srm 0eslinsrm 0jilinvc4s  001;rs-los alarm activated;2026-07-20 13:40:33;;10.117.215.35
4847092659;datacom;dm705s_mnsng-d01;h - e1q / 2;am;manaus;92;mns/ip/02883;port operation disabled;2026-07-20 11:59:17;;10.19.177.90
4847092543;datacom;dm705s_mnsng-d01;h - e1q / 1;am;manaus;92;mns/ip/02409;port operation disabled;2026-07-20 11:58:41;;10.19.177.90
4847092544;datacom;dm4001_blmves-01;unit 1 - 1000b-sfp / 13;pa;belem;91;;sfp module removed.;2026-07-20 11:58:41;;10.117.200.10
4846778010;datacom;dm16e1_mnsng-04;ag - 2 - e3 b15 / 1;am;manaus;92;mns ng    mns 3gh   b0480n001;alarm in remote port detected.;2026-07-19 17:31:14;;10.118.1.73
4846765405;datacom;dm2104g2_pvo1f1-01; --- ;ro;porto velho;69;;critical temperature was detected;2026-07-19 16:52:02;;
4846640932;datacom;dmstm1_mnssol-02;agg a - ag fo / 1;am;manaus;92;mns sol   mns 2a6   b1s   001;rs-los alarm activated;2026-07-19 10:05:11;;10.12.82.105
4846345696;datacom;dmstm-1_mnssj-02;agg a - ag fo / 1;am;manaus;92;mns jtxlinmns sjlinevc4s  001;rs-los alarm activated;2026-07-18 17:37:17;;10.18.39.178
4846317845;datacom;dmstm-1_blm0m3-01;agg b - ag fo / 1;pa;belem;91;blm 0m3linblm 11rlinvc4s  001;rs-los alarm activated;2026-07-18 16:19:28;ral 431946/2026 c.f.(om/blm /qb /red/);10.18.19.86
4846247255;datacom;dm2104g2_blmwp1-01;unit 1 - 1000b-t / 5;pa;belem;91;blm/ip/05668 - wpp-gentil;mib-ii: link down. ifindex: 5;2026-07-18 13:24:37;;10.117.206.74
4846008961;datacom;dm2104g2_bbl0he-01; --- ;ma;bacabal;98;;cpu usage more than 90%;2026-07-18 03:30:25;;10.115.245.170
4846003115;datacom;dm2104g2_mns2ky-01; --- ;am;manaus;92;;cpu usage more than 90%;2026-07-18 03:16:31;;10.118.53.160
4846001635;datacom;dm2104g2_pvo1c7-01; --- ;ro;porto velho;69;;cpu usage more than 90%;2026-07-18 03:13:07;;10.118.104.101
4846000576;datacom;dm2104g2_blmtkl-01; --- ;pa;belem;91;;cpu usage more than 90%;2026-07-18 03:10:27;;10.117.206.103
4845998772;datacom;dm2104g2_blm0dv-01; --- ;pa;belem;91;;cpu usage more than 90%;2026-07-18 03:06:28;;10.117.206.105
4845987581;datacom;dm2104g2_acdt2c-01; --- ;ma;acailandia;98;;cpu usage more than 90%;2026-07-18 02:44:13;;10.115.245.254
4845984744;datacom;dm2104g2_bcn0ft-01; --- ;pa;barcarena;91;;cpu usage more than 90%;2026-07-18 02:37:46;;10.117.204.79
4845965373;datacom;dm2104g2_bblwby-01; --- ;ma;bacabal;98;;cpu usage more than 90%;2026-07-18 01:47:52;;10.115.246.4
4845932945;datacom;dm2104g2_mns47f-01; --- ;am;manaus;92;;cpu usage more than 90%;2026-07-18 00:28:56;;10.118.52.238
4845922345;datacom;dm2104g2_sls2b2-01; --- ;ma;sao luis;98;;cpu usage more than 90%;2026-07-18 00:05:04;;10.115.245.127
4845921545;datacom;dm2104g2_cxshq0-01; --- ;ma;caxias;98;;cpu usage more than 90%;2026-07-18 00:03:22;;10.116.180.104
4845921278;datacom;dm2104g2_bbl0fz-01; --- ;ma;bacabal;98;;cpu usage more than 90%;2026-07-18 00:02:26;;10.115.245.124
4845920296;datacom;dm2104g2_sls1wu-01; --- ;ma;sao luis;98;;cpu usage more than 90%;2026-07-18 00:00:19;;10.115.245.118
4845919503;datacom;dm2104g2_mns3zc-01; --- ;am;manaus;92;;cpu usage more than 90%;2026-07-17 23:59:19;;10.118.52.166
4845912706;datacom;dm2104g2_sis0fy-01; --- ;ma;santa ines;98;;cpu usage more than 90%;2026-07-17 23:42:45;;10.115.245.252
4845910022;datacom;dm2104g2_cxs0e3-01; --- ;ma;caxias;98;;cpu usage more than 90%;2026-07-17 23:36:38;;10.116.180.80
4845908362;datacom;dm2104g2_bbl0g0-01; --- ;ma;bacabal;98;;cpu usage more than 90%;2026-07-17 23:32:35;;10.115.245.100
4845871275;datacom;dm16e1_mnsem-04;ag - 2 - e3 b15 / 1;am;manaus;92;mns em    mns uab   b0480n002;aggregate link detecting los.;2026-07-17 21:59:18;;10.12.82.63
4845851095;datacom;dmstm-1_srmup0-01;agg b - ag fo / 1;pa;santarem;91;srm up0linsrm 0gtlinvc4s  001;rs-los alarm activated;2026-07-17 21:05:22;;10.117.214.178
4845822247;datacom;dm16e1_itzrc-47;agg b - e3 b15 / 1;ma;imperatriz;98;;aggregate link detecting los.;2026-07-17 19:41:19;;10.117.64.86
4845809467;datacom;dm4004_mnsem-01;unit 5 - 1000b-sfp / 17;am;manaus;92;link eth | 1g | | dm2104g2_mns4ml-01 ge 1/1;mib-ii: link down. ifindex: 273;2026-07-17 19:03:49;;10.118.52.18
4845808447;datacom;dm2104g2_mns355-01;unit 1 - 1000b-t / 5;am;manaus;92;mns/ip/02282 - metalurgica sete de setembro da amazonia ltda;mib-ii: link down. ifindex: 5;2026-07-17 19:00:43;;10.118.052.140
4845805931;datacom;dm2104g2_mns4ml-01;unit 1 - 1000b-t / 5;am;manaus;92;mns/ip/08030 - we can br - trabalho temporario ltda.;mib-ii: link down. ifindex: 5;2026-07-17 18:53:19;;10.118.53.120
4845805932;datacom;dm2104g2_mns4ml-01;unit 1 - 1000b-t / 6;am;manaus;92;9233215345 - we can br - trabalho temporario ltda.;mib-ii: link down. ifindex: 6;2026-07-17 18:53:19;;10.118.53.120
4845772965;datacom;dm2104g2_pvo1a6-02; --- ;ro;porto velho;69;;cpu usage more than 90%;2026-07-17 17:31:36;;
4845748689;datacom;dmstm-1_blmsz-08;agg b - ag fo / 1;pa;belem;91;blm cr4linblm szlinevc4s  001;rs-los alarm activated;2026-07-17 16:42:24;;10.18.204.29
4845724851;datacom;dm16e1_mnsuch-01;ag - 1 - e3 b13 / 1;am;manaus;92;mns ttj   mns uch   b0480n002;alarm in remote port detected.;2026-07-17 15:50:09;;10.23.117.83
4845684016;datacom;dm2104g2_bgn0f1-01;unit 1 - 1000b-t / 6;pa;braganca;91;bgn/ip/00142 - banco do brasil s.a;mib-ii: link down. ifindex: 6;2026-07-17 14:22:04;;2.0.237.202
4845622170;datacom;dm4001_aiubr-01;unit 1 - 1000b-sfp / 1;pa;ananindeua;91;link eth | 1g | dm2104g2_aiu0ko-01 ge 1/1;sfp module removed.;2026-07-17 11:52:43;;10.117.200.8
4845591153;datacom;dmstm-1_mpa0ki-01;tr3 - tr eth / 1;ap;macapa;96;mpa gg it mpa 0ki   30m   001;lan-link_down alarm activated;2026-07-17 10:55:31;;10.24.152.93
4845586318;datacom;dm4001_mnsjtx-01;unit 1 - 1000b-sfp / 21;am;manaus;92;link eth | 1g | | dm2104g2_mns4i5-01 ge 1/1;sfp module removed.;2026-07-17 10:46:10;;10.118.52.35
4845327351;datacom;dm4001_mnsjtx-01;unit 1 - 1000b-sfp / 6;am;manaus;92;;sfp module removed.;2026-07-16 22:58:43;;10.118.52.35
4845327233;datacom;dm4001_mnsjtx-01;unit 1 - 1000b-sfp / 8;am;manaus;92;link eth | 1g | | dm2104g2_mns34n-01 ge 1/1;sfp module removed.;2026-07-16 22:58:39;;10.118.52.35
4845292780;datacom;dmstm-1_srm0l-02;agg b - ag vc4 / vc4;pa;santarem;91;;hp-rdi alarm activated;2026-07-16 21:06:26;;10.117.215.198
4845233620;datacom;dm2104g2_aiu0rw-01;unit 1 - 1000b-t / 5;pa;ananindeua;91;9130391997 - top aromas;mib-ii: link down. ifindex: 5;2026-07-16 18:17:04;;2.0.222.138
4845177536;datacom;dm16e1_mnsuac-01;ag - 1 - e3 b13 / 1;am;manaus;92;mns uac   mns 2bb   b0480n001;alarm in remote port detected.;2026-07-16 15:51:01;;10.23.117.2
4845163844;datacom;dm2104g2_blm0nx-01;unit 1 - 1000b-t / 6;pa;belem;91;9130738400 - bco brasil;mib-ii: link down. ifindex: 6;2026-07-16 15:21:49;;10.117.201.67
4845032585;datacom;dm705s_blmqb-dv01 (vlan 01-64);b - e1-16 / 2;pa;belem;91;vbl 6 linhas: blm/ip/00828 + 91 33232384;port operation disabled;2026-07-16 10:22:35;;10.18.204.13
4844762938;datacom;dm16e1_mns39s-01;ag - 1 - e3 b13 / 1;am;manaus;92;mns em    mns 39s   b0480n001;aggregate link detecting los.;2026-07-15 19:23:54;;10.23.130.166
4844732701;datacom;dm2104g2_sls0ns-01;unit 1 - 1000b-t / 5;ma;sao luis;98;sls/ip/07219 - oi;mib-ii: link down. ifindex: 5;2026-07-15 17:45:17;;10.115.246.24
4844715392;datacom;dm16e1_mnsem-49 -petro-gera-ijcrist-link;ag - 1 - e3 b13 / 1;am;manaus;92;mns em    mns pd0   b0480n001;aggregate link detecting los.;2026-07-15 16:58:24;;10.12.82.32
4844565960;datacom;dmstm-1_mpa0nk-01;tr2 - tr eth / 1;ap;macapa;96;mpa gg it mpa 0nk   4m    001;lan-link_down alarm activated;2026-07-15 11:20:51;;10.24.152.69
4844520096;datacom;dmstm-1_bva0ec-01;agg a - ag vc4 / vc4;rr;boa vista;92;;hp-rdi alarm activated;2026-07-15 09:30:11;;10.118.204.114
4844501634;datacom;dmstm-1_slsus-52;tr3 - tr eth / 7;ma;sao luis;98;sls us dv sls 1f2   02048k001;lan-link_down alarm activated;2026-07-15 08:36:10;;10.115.192.51
4844481755;datacom;dmstm-1_srmsp-09;agg a - ag vc4 / vc4;pa;santarem;91;;hp-rdi alarm activated;2026-07-15 07:26:10;;10.117.193.134
4844478806;datacom;dm16e1_mnsx5j-01;agg b - e3 b15 / 1;am;manaus;92;mns x5j   mns 14v   b0480n001;aggregate link detecting los.;2026-07-15 07:16:21;;10.23.58.199
4844341241;datacom;dm2104g2_blm0ha-03;unit 1 - 1000b-t / 5;pa;belem;91;blm/ip/00408 - hospital adventista de manaus;mib-ii: link down. ifindex: 5;2026-07-14 22:28:29;;2.2.26.166
4844294608;datacom;dm2104g2_sls203-01; --- ;ma;sao luis;98;;cpu usage more than 90%;2026-07-14 19:56:47;;10.115.244.197
4844294609;datacom;dm2104g2_sje0ek-01; --- ;ma;sao jose de ribamar;98;;cpu usage more than 90%;2026-07-14 19:56:47;;10.115.244.48
4844294286;datacom;dm2104g2_sls1zg-01;unit 1 - 1000b-sfp / 1;ma;sao luis;98;;mib-ii: link down. ifindex: 1;2026-07-14 19:56:32;;10.115.244.201
4844283571;datacom;dm2104g2_itz0k-01; --- ;ma;imperatriz;98;;cpu usage more than 90%;2026-07-14 19:23:34;;10.115.244.248
4844277664;datacom;dm2104g2_mns3d7-01; --- ;am;manaus;92;;cpu usage more than 90%;2026-07-14 19:05:32;;10.118.52.121
4844277383;datacom;dm2104g2_pup0fm-01; --- ;pa;parauapebas;91;;cpu usage more than 90%;2026-07-14 19:04:24;;10.117.200.169
4844276768;datacom;dm2104g2_bblmpt-01; --- ;ma;bacabal;98;;cpu usage more than 90%;2026-07-14 19:02:15;;10.115.245.22
4844274307;datacom;dm2104g2_blmzjc-01; --- ;pa;belem;91;;cpu usage more than 90%;2026-07-14 18:55:29;;10.117.200.209
4844258966;datacom;dm2104g2_aiu101-01; --- ;pa;ananindeua;91;;cpu usage more than 90%;2026-07-14 18:10:46;;
4844238333;datacom;dm810_mnsu45-01;mpu sfp2 - stm / 1;am;manaus;92;mns u45linmns 0phlinb4s   001;rs-los alarm activated;2026-07-14 17:19:27;;10.118.22.195
4844189720;datacom;dmstm-1_bva0pv-01;tr1 - tr eth / 1;rr;boa vista;92;bva ab it bva 0pv   10m   001;lan-link_down alarm activated;2026-07-14 15:31:30;;10.118.205.53
4844172859;datacom;dmstm-1_srm0jw-01;tr3 - tr eth / 1;pa;santarem;91;srm sp it srm 0jw   2m    001;lan-link_down alarm activated;2026-07-14 14:53:41;;10.117.215.105
4844168088;datacom;dmstm-1_srm0e4-01 ( norte auto );agg a - ag fo / 1;pa;santarem;91;srm 0e2linsrm 0e4linb1s   001;rs-los alarm activated;2026-07-14 14:42:25;ral fechada 422129/2026 c.f.(om/srm /sp /red/) (2026-07-17 18:33) c.f.(om/srm /sp /red/);10.12.106.253
4844150084;datacom;dm2104g2_sls1k0-01;unit 1 - 1000b-t / 5;ma;sao luis;98;sls/ip/07991 - cons alumar;mib-ii: link down. ifindex: 5;2026-07-14 14:02:36;;2.0.7.137
4844131817;datacom;dm3000_bvaab-di04(101-124);unit 1 - 100b-tx / 2;rr;boa vista;92;bva/ip/01302;mib-ii: link down. ifindex: 2;2026-07-14 13:16:04;;10.118.192.41
4844108930;datacom;dmstm-1_srm0mp-01;agg b - ag fo / 1;pa;santarem;91;srm 0itlinsrm 0mplinb1s   001;rs-los alarm activated;2026-07-14 12:15:30;ral fechada 422093/2026 c.f.(at/srm /sp /   /) (2026-07-16 19:14) c.f.(at/srm /sp /   /);10.117.215.195
4844104889;datacom;dmstm-1_blm2vw-01;agg a - ag fo / 1;pa;belem;91;blm 2vwlinblm 387linvc4s  001;rs-los alarm activated;2026-07-14 12:04:48;ral 422133/2026 c.f.(rt/blm /no /net/fo);10.18.4.138
4844103367;datacom;dmstm-1_pvo17n-01;tr3 - tr eth / 1;ro;porto velho;69;pvo fq it pvo 17n   20m   001;lan-link_down alarm activated;2026-07-14 12:00:40;;10.118.85.246
4844099667;datacom;dmstm-1_mtub0ff-01;agg a - ag fo / 1;pa;marituba;91;mtub0edlinmtub0fflinvc4s  001;rs-los alarm activated;2026-07-14 11:49:36;ral 422098/2026 c.f.(om/blm /qb /red/);10.18.5.37
4844099668;datacom;dmstm-1_mtub12b-01;agg b - ag fo / 1;pa;marituba;91;mtubv41linmtub12blinb1s   001;rs-los alarm activated;2026-07-14 11:49:36;;10.18.5.48
4844099222;datacom;dmstm-1_srm0it-01;agg a - ag fo / 1;pa;santarem;91;srm 0itlinsrm 0mplinb1s   001;rs-los alarm activated;2026-07-14 11:48:06;ral fechada 422093/2026 c.f.(at/srm /sp /   /) (2026-07-16 19:14) c.f.(at/srm /sp /   /);10.117.215.194
4844071254;datacom;dmstm-1_pvofq-68;agg b - ag fo / 1;ro;porto velho;69;pvo fqlinepvo 0j7linb1s   001;rs-los alarm activated;2026-07-14 10:40:05;ral fechada 421874/2026 c.f.(rt/pvo /co /net/fo) (2026-07-14 12:13) c.f.(rt/pvo /co /net/fo);10.12.126.231
4844071251;datacom;dmstm-1_pvo0z8-01;agg b - ag fo / 1;ro;porto velho;69;pvo fqlinepvo 0z8linb1s   001;rs-los alarm activated;2026-07-14 10:39:56;ral fechada 421873/2026 c.f.(rt/pvo /co /net/fo) (2026-07-14 12:13) c.f.(rt/pvo /co /net/fo);10.23.169.93
4844030740;datacom;dm2104g2_cxs0e3-01;unit 1 - 1000b-t / 6;ma;caxias;98;9934226500 - min justica;mib-ii: link down. ifindex: 6;2026-07-14 08:51:16;;10.116.180.80
4844021224;datacom;dmstm-1_bvsv2v-01;agg a - ag fo / 1;pa;benevides;91;bvs v2vlinbvs 0etlinb1s   001;rs-los alarm activated;2026-07-14 08:24:43;;10.24.198.116
4844002157;datacom;dm2104g2_blm22x-01; --- ;pa;belem;91;;cpu usage more than 90%;2026-07-14 07:25:53;;10.117.206.71
4844001535;datacom;dm2104g2_opo0ef-01; --- ;ro;ouro preto do oeste;69;;cpu usage more than 90%;2026-07-14 07:24:27;;2.2.110.126
4843984725;datacom;dm2104g2_bvavue-01; --- ;rr;boa vista;92;;cpu usage more than 90%;2026-07-14 06:34:24;;2.2.110.78
4843977386;datacom;dm2104g2_blmzwq-01; --- ;pa;belem;91;;cpu usage more than 90%;2026-07-14 06:11:41;;10.117.206.56
4843951954;datacom;dm2104g2_mns5p4-01; --- ;am;manaus;92;;cpu usage more than 90%;2026-07-14 04:50:17;;10.118.53.41
4843943036;datacom;dm2104g2_mnsv3y-01; --- ;am;manaus;92;;cpu usage more than 90%;2026-07-14 04:23:08;;10.118.53.19
4843933877;datacom;dm2104g2_mns3tf-01; --- ;am;manaus;92;;cpu usage more than 90%;2026-07-14 03:56:09;;10.118.53.17
4843922725;datacom;dm2104g2_rbo0of-01; --- ;ac;rio branco;68;;cpu usage more than 90%;2026-07-14 03:20:38;;10.118.136.10
4843906047;datacom;dm2104g2_blm2vt-01; --- ;pa;belem;91;;cpu usage more than 90%;2026-07-14 02:28:20;;10.117.201.58
4843844768;datacom;dm2104g2_sls189-01; --- ;ma;sao luis;98;;cpu usage more than 90%;2026-07-13 23:32:21;;10.14.75.90
4843844151;datacom;dm2104g2_bcn0eq-01 (verizon); --- ;pa;barcarena;91;;cpu usage more than 90%;2026-07-13 23:30:54;;10.117.204.69
4843844142;datacom;dm2104g2_bcn0e8-01 (cdp); --- ;pa;barcarena;91;;cpu usage more than 90%;2026-07-13 23:30:45;;10.117.204.70
4843844052;datacom;dm2104g2_pup0es-01; --- ;pa;parauapebas;91;;cpu usage more than 90%;2026-07-13 23:30:40;;10.139.19.69
4843812261;datacom;dm2104g2_mnsu0m-01; --- ;am;manaus;92;;cpu usage more than 90%;2026-07-13 22:05:03;;10.118.53.66
4843705331;datacom;dm2104g2_blmfp-01;unit 1 - 1000b-t / 5;pa;belem;91;blm/ip/10512 - administracao central;mib-ii: link down. ifindex: 5;2026-07-13 17:45:00;;10.117.206.211
4843549993;datacom;dmstm-1_mpa905-01;tr2 - tr eth / 1;ap;macapa;96;mpa gg it mpa 905   20m   001;lan-link_down alarm activated;2026-07-13 11:50:28;;10.24.152.71
4843368697;datacom;dm705s_mpa0fo-01;hs1 - stm1 fo / 1;ap;macapa;96;mpa 0filinmpa 0folinvc4s  001;rs-los alarm activated;2026-07-13 04:23:12;ral 418336/2026 c.f.(rt/mpa /no /net/fo);10.18.47.58
4843368696;datacom;dm705s_mpa0fo-01;b - dsl8 / 1;ap;macapa;96;;dsl-los alarm activated;2026-07-13 04:23:12;;10.18.47.58
4843368691;datacom;dm705s_mpa0fo-01;cpu - fan / 1;ap;macapa;96;;fan-failure alarm activated;2026-07-13 04:23:11;;10.18.47.58
4843368694;datacom;dm705s_mpa0fo-01;a - dsl8 / 6;ap;macapa;96;;dsl-los alarm activated;2026-07-13 04:23:11;;10.18.47.58
4843368695;datacom;dm705s_mpa0fo-01;a - dsl8 / 7;ap;macapa;96;;dsl-los alarm activated;2026-07-13 04:23:11;;10.18.47.58
4843368692;datacom;dm705s_mpa0fo-01;a - dsl8 / 2;ap;macapa;96;mpa lcugg mpa 0fo   00031n001 (9630861342) c & a.;dsl-los alarm activated;2026-07-13 04:23:11;;10.18.47.58
4843368693;datacom;dm705s_mpa0fo-01;a - dsl8 / 5;ap;macapa;96;mpa gg it mpa 0fi   1m    002 mpa/ip/00524 lojas riachuelo;dsl-los alarm activated;2026-07-13 04:23:11;;10.18.47.58
4842269062;datacom;dm705s_blm216-02;cpu - fan / 1;pa;belem;91;;fan-failure alarm activated;2026-07-11 01:41:17;;10.117.214.87
4842269065;datacom;dm705s_blm216-02;a - dsl8 / 7;pa;belem;91;;dsl-los alarm activated;2026-07-11 01:41:17;;10.117.214.87
4842269066;datacom;dm705s_blm216-02;a - dsl8 / 8;pa;belem;91;blm qb it blm 201   1500vs001;dsl-los alarm activated;2026-07-11 01:41:17;;10.117.214.87
4842269067;datacom;dm705s_blm216-02;b - dsl8 / 1;pa;belem;91;blm 0yx   blm 20a   dpdv  0001;dsl-los alarm activated;2026-07-11 01:41:17;;10.117.214.87
4842269068;datacom;dm705s_blm216-02;b - dsl8 / 3;pa;belem;91;blm qb it blm 24e   2m    001;dsl-los alarm activated;2026-07-11 01:41:17;;10.117.214.87
4842269069;datacom;dm705s_blm216-02;b - dsl8 / 4;pa;belem;91;blm po4 blm hj2 dphv 0002-p2/blm po4 blm hj2 dphv 0002-p2;dsl-los alarm activated;2026-07-11 01:41:17;;10.117.214.87
4840615148;datacom;dmstm-1_mba0l1-01;agg b - ag fo / 1;pa;maraba;91;mba 0idlinmba 0l1linvc4s  001;rs-los alarm activated;2026-07-08 14:00:30;ral 412537/2026;10.117.214.106
4839976587;datacom;dm16e1_mnsem-13;ag - 2 - e3 b15 / 1;am;manaus;92;mns em    mns 39s   b0480n001;aggregate link detecting los.;2026-07-07 12:01:26;;10.12.82.145
4839728310;datacom;dmstm-1_mns0v0-01;tr1 - tr eth / 1;am;manaus;92; mns lm it mns 0v0 20m 001;lan-link_down alarm activated;2026-07-07 00:17:24;;10.118.12.50
4839155663;datacom;dmstm-1_mtub0dz-01;tr2 - tr eth / 1;pa;marituba;91;blm qb it mtub0dz   20m   001( mtub/ip/00188 ) cearacom/blm qb it mtub0dz   50m   001+;lan-link_down alarm activated;2026-07-05 11:08:51;;10.23.53.59
4838815936;datacom;dmstm-1_slszmm-01;tr3 - tr eth / 7;ma;sao luis;98;sls us dv sls 1f2   02048k001;lan-link_down alarm activated;2026-07-04 12:06:21;;10.115.252.2
4838333088;datacom;dm16e1_mnsttj-06;ag - 2 - e3 b15 / 1;am;manaus;92;mns ttj   mns 10k   b0480n001;aggregate link detecting los.;2026-07-03 16:02:24;;10.23.103.200
4734324149;datacom;dmstm-1_blmqb-99;agg a - ag fo / 1;pa;belem;91;blm allineblm qblineb1s   600;rs-los alarm activated;2025-11-14 11:35:41;;10.117.192.36
4851097892;omsamsv1;admu_blmqb-01;tp8.1;pa;belem;91;blm baanelblm qbanelb16s  601;stm-16 loss of input signal;2026-07-29 09:54:34;;
4851099763;omsamsv1;ams_blmtb-01;node;pa;belem;91;;association with an ne lost;2026-07-29 09:51:12;;
4851097888;omsamsv1;ams_blmqb-01;lp2.1;pa;belem;91;;stm-1 loss of input signal;2026-07-29 09:44:00;;
4851097889;omsamsv1;ams_blmqb-01;cc1/2;pa;belem;91;;vc-4 network connection server signal fail;2026-07-29 09:44:00;;
4851097891;omsamsv1;admu_blmba-01;lp2.1;pa;belem;91;blm baanelblm qbanelb16s  601;stm-16 loss of input signal;2026-07-29 09:43:52;;
4851065029;omsamsv1;amu2_aiucaf-01;lp1.1/9;pa;ananindeua;91;;vc-4 unequipped;2026-07-29 08:03:54;;
4851060703;omsamsv1;lu_blmqb-01;1-1-#-#-28-1;pa;belem;91;blm qb aslgna rd asl16s   001;communication-transport  stm16 port  trace identifier mismatch;2026-07-29 07:37:48;ral fechada 435126/2026  (2026-07-29 07:43) c.f.(rt/gna /co /oi /sw);
4850922881;omsamsv1;admu_mnsttj-01;node;am;manaus;92;;flapping alarms on ne admu_mnsttj-01;2026-07-28 23:38:01;;
4850922923;omsamsv1;admu_mnsem-01;node;am;manaus;92;;flapping alarms on ne admu_mnsem-01;2026-07-28 23:38:01;;
4850780174;omsamsv1;admu_blmsz-01;tp7.40;pa;belem;91;blm qb    blm 2oj   1500vs001;2 mbit/s loss of frame alignment- ingress  external;2026-07-28 15:34:25;;
4850742503;omsamsv1;admu_blmsvu-01;tp5.52;pa;belem;91;blm lcuqb blm 0au   00031n001;2 mbit/s loss of input signal;2026-07-28 14:03:46;;
4850259167;omsamsv1;admu_mnsat-01;tp6.62;am;manaus;92;;2 mbit/s loss of input signal;2026-07-27 11:43:55;;
4850259168;omsamsv1;admu_mnsat-01;tp7.9;am;manaus;92;;2 mbit/s loss of input signal;2026-07-27 11:43:55;;
4850259169;omsamsv1;admu_mnsat-01;tp8.12;am;manaus;92;;2 mbit/s loss of input signal;2026-07-27 11:43:55;;
4850259170;omsamsv1;admu_mnsat-01;tp8.24;am;manaus;92;;2 mbit/s loss of input signal;2026-07-27 11:43:55;;
4850032675;omsamsv1;amu2_mnsem-02;node;am;manaus;92;;flapping alarms on ne amu2_mnsem-02;2026-07-26 23:38:01;;
4849912339;omsamsv1;admu_mnsrbn-01;tp5.4;am;manaus;92;mns lm it mns ual   1500vs001;2 mbit/s loss of frame alignment- ingress  external;2026-07-26 17:49:29;;
4849625387;omsamsv1;lu_blmqb-01;1-1-#-#-37-2-7;pa;belem;91;;communication-transport  vc4 path  unequipped;2026-07-26 03:41:08;;
4849625389;omsamsv1;lu_blmqb-01;1-1-#-#-37-2-13;pa;belem;91;;communication-transport  vc4 path  unequipped;2026-07-26 03:41:08;;
4849422763;omsamsv1;amu2_pvofq-01;node;ro;porto velho;69;;association with an ne lost;2026-07-25 15:59:56;;
4849127798;omsamsv1;amu2_blmqb-08;node;pa;belem;91;;flapping alarms on ne amu2_blmqb-08;2026-07-24 23:38:01;;
4849127909;omsamsv1;admu_blmsz-01;node;pa;belem;91;;flapping alarms on ne admu_blmsz-01;2026-07-24 23:38:01;;
4849127924;omsamsv1;admu_blmqb-02;node;pa;belem;91;;flapping alarms on ne admu_blmqb-02;2026-07-24 23:38:01;;
4848375512;omsamsv1;admu_mnsem-01;tp6.4;am;manaus;92;mns lm it mns 4jt   1500vs001;2 mbit/s loss of frame alignment- egress;2026-07-23 09:37:47;;
4848101966;omsamsv1;admc_blmqb-01;pt2;pa;belem;91;;power and timing unit failure - protected;2026-07-22 18:46:55;;
4848034470;omsamsv1;amu2_pvofq-01;tp1.12;ro;porto velho;69;pvo fq    pvo tv    2m    001;2 mbit/s loss of input signal;2026-07-21 04:42:39;;
4848034471;omsamsv1;amu2_pvofq-01;tp1.20;ro;porto velho;69;pvo fq    pvo tv    2m    002;2 mbit/s loss of input signal;2026-07-21 04:42:39;;
4848034472;omsamsv1;amu2_pvofq-01;tp1.23;ro;porto velho;69;pvo fq    pvo tv    2m    003;2 mbit/s loss of input signal;2026-07-21 04:42:39;;
4848034473;omsamsv1;amu2_pvofq-01;tp1.34;ro;porto velho;69;pvo fq    pvo tv    2m    004;2 mbit/s loss of input signal;2026-07-21 04:42:39;;
4848034474;omsamsv1;amu2_pvofq-01;tp1.37;ro;porto velho;69;pvo fq    pvo tv    2m    005;2 mbit/s loss of input signal;2026-07-21 04:42:39;;
4848034475;omsamsv1;amu2_pvofq-01;tp1.41;ro;porto velho;69;pvo fq    pvo tv    2m    006;2 mbit/s loss of input signal;2026-07-21 04:42:39;;
4848034476;omsamsv1;amu2_pvofq-01;tp1.43;ro;porto velho;69;pvo fq    pvo tv    2m    007;2 mbit/s loss of input signal;2026-07-21 04:42:39;;
4848034544;omsamsv1;amu2_pvofq-01;tp1.44;ro;porto velho;69;pvo fq    pvo tv    2m    008;2 mbit/s loss of input signal;2026-07-21 04:42:39;;
4848034545;omsamsv1;amu2_pvofq-01;tp1.45;ro;porto velho;69;pvo fq    pvo tv    2m    009;2 mbit/s loss of input signal;2026-07-21 04:42:39;;
4848034546;omsamsv1;amu2_pvofq-01;tp1.54;ro;porto velho;69;pvo fq    pvo tv    2m    010;2 mbit/s loss of input signal;2026-07-21 04:42:39;;
4848034547;omsamsv1;amu2_pvofq-01;tp1.55;ro;porto velho;69;pvo fq    pvo tv    2m    011;2 mbit/s loss of input signal;2026-07-21 04:42:39;;
4848034548;omsamsv1;amu2_pvofq-01;tp1.56;ro;porto velho;69;pvo fq    pvo tv    2m    012;2 mbit/s loss of input signal;2026-07-21 04:42:39;;
4848034549;omsamsv1;amu2_pvofq-01;tp1.57;ro;porto velho;69;pvo fq    pvo tv    2m    013;2 mbit/s loss of input signal;2026-07-21 04:42:39;;
4848034550;omsamsv1;amu2_pvofq-01;tp1.58;ro;porto velho;69;pvo fq    pvo tv    2m    014;2 mbit/s loss of input signal;2026-07-21 04:42:39;;
4848034551;omsamsv1;amu2_pvofq-01;tp1.59;ro;porto velho;69;pvo fq    pvo tv    2m    015;2 mbit/s loss of input signal;2026-07-21 04:42:39;;
4848034552;omsamsv1;amu2_pvofq-01;tp1.60;ro;porto velho;69;pvo fq    pvo tv    2m    016;2 mbit/s loss of input signal;2026-07-21 04:42:39;;
4847054247;omsamsv1;amu2_aiucaf-01;lp2.1/13;pa;ananindeua;91;;vc-4 unequipped;2026-07-20 10:21:32;;
4847054213;omsamsv1;admu_blmsz-01;lp2.2/13;pa;belem;91;;vc-4 unequipped;2026-07-20 10:11:14;;
4845748849;omsamsv1;admu_blmqb-01;lp1.1;pa;belem;91;blm qbanelblm szanelb16s  601;stm-16 loss of input signal;2026-07-17 16:53:24;;
4845748902;omsamsv1;admu_blmsz-01;lp1.1;pa;belem;91;blm qbanelblm szanelb16s  601;stm-16 loss of input signal;2026-07-17 16:43:06;;
4845387124;omsamsv1;amu2_blmsz-01;tp2.29;pa;belem;91;aiu ur2 blm qb it 2m 002 - 62268/2014 - cia brasileira;2 mbit/s loss of input signal;2026-07-17 02:22:31;;
4845385709;omsamsv1;admu_blmsz-01;tp6.6;pa;belem;91;blm qb    blm sz    2mger 010;2 mbit/s loss of frame alignment- ingress  external;2026-07-17 02:08:05;;
4844848885;omsamsv1;amu2_pvotv-01;node;ro;porto velho;69;;association with an ne lost;2026-07-16 00:20:33;;
4844665772;omsamsv1;amu2_blmqb-03;tp1.5;pa;belem;91;blm lcuqb blm zlg   00031n001;2 mbit/s loss of input signal;2026-07-15 15:11:01;;
4844513304;omsamsv1;admu_blmqb-01;cc1/6;pa;belem;91;blm qblineblm siglinvc4s  003;vc-4 network connection server signal fail;2026-07-15 09:18:19;;
4844513305;omsamsv1;admu_blmqb-01;cc1/46;pa;belem;91;blm qblineblm siglinvc4s  004;vc-4 network connection server signal fail;2026-07-15 09:18:19;;
4844513310;omsamsv1;admu_blmqb-01;cc1/57;pa;belem;91;blm qblineblm siglinvc4s  005;vc-4 network connection server signal fail;2026-07-15 09:18:19;;
4844513311;omsamsv1;admu_blmqb-01;cc1/64;pa;belem;91;blm qblineblm siglinvc4s  006;vc-4 network connection server signal fail;2026-07-15 09:18:19;;
4844513312;omsamsv1;admu_blmqb-01;lp1.3/1;pa;belem;91;blm qblineblm siglinvc4s  003;vc-4 network connection server signal fail;2026-07-15 09:18:19;;
4844513313;omsamsv1;admu_blmqb-01;lp1.3/2;pa;belem;91;blm qblineblm siglinvc4s  004;vc-4 network connection server signal fail;2026-07-15 09:18:19;;
4844513314;omsamsv1;admu_blmqb-01;lp1.3/3;pa;belem;91;blm qblineblm siglinvc4s  005;vc-4 network connection server signal fail;2026-07-15 09:18:19;;
4844513315;omsamsv1;admu_blmqb-01;lp1.3/4;pa;belem;91;blm qblineblm siglinvc4s  006;vc-4 network connection server signal fail;2026-07-15 09:18:19;;
4844513307;omsamsv1;admu_blmqb-01;lp1.3;pa;belem;91;blm qbanelblm siganeb16s  601;stm-16 loss of input signal;2026-07-15 09:18:19;ral fechada 420223/2026  c.f.(om/blm /qb /bkb/tx) (2026-07-15 17:32) c.f.(om/blm /qb /bkb/tx);
4844264095;omsamsv1;admu_blmqb-01;lp2.3;pa;belem;91;blm qbanelblm siganeb16s  601;stm-16 loss of input signal;2026-07-14 18:35:36;ral fechada 420223/2026  c.f.(om/blm /qb /bkb/tx) (2026-07-15 17:32) c.f.(om/blm /qb /bkb/tx);
4844264194;omsamsv1;admu_blmqb-01;cc2;pa;belem;91;;protected internal transmission interface receive side fault::clk from tim2;2026-07-14 18:35:34;;
4844264193;omsamsv1;admu_blmqb-01;cc1;pa;belem;91;;protected internal transmission interface receive side fault::clk from tim2;2026-07-14 18:35:32;;
4844263984;omsamsv1;admu_blmqb-01;ts1;pa;belem;91;;protected internal transmission interface receive side fault::clk from tim2 (unknown affected tp);2026-07-14 18:35:32;;
4844263985;omsamsv1;admu_blmqb-01;ts2;pa;belem;91;;protected internal transmission interface receive side fault::clk from tim2 (unknown affected tp);2026-07-14 18:35:32;;
4844263986;omsamsv1;admu_blmqb-01;ts3;pa;belem;91;;protected internal transmission interface receive side fault::clk from tim2 (unknown affected tp);2026-07-14 18:35:32;;
4844263987;omsamsv1;admu_blmqb-01;ts4;pa;belem;91;;protected internal transmission interface receive side fault::clk from tim2 (unknown affected tp);2026-07-14 18:35:32;;
4844263988;omsamsv1;admu_blmqb-01;ts5;pa;belem;91;;protected internal transmission interface receive side fault::clk from tim2;2026-07-14 18:35:32;;
4844263989;omsamsv1;admu_blmqb-01;ts6;pa;belem;91;;protected internal transmission interface receive side fault::clk from tim2;2026-07-14 18:35:32;;
4844263990;omsamsv1;admu_blmqb-01;ts7;pa;belem;91;;protected internal transmission interface receive side fault::clk from tim2;2026-07-14 18:35:32;;
4844263991;omsamsv1;admu_blmqb-01;ts8;pa;belem;91;;protected internal transmission interface receive side fault::clk from tim2;2026-07-14 18:35:32;;
4844165546;omsamsv1;lu_blmqb-01;1-1-#-#-28-3;pa;belem;91;blm qb aslgna rd asl16s   003;communication-transport  stm16 port  loss of frame;2026-07-14 14:36:23;ral fechada 415734/2026  c.f.(sv/spo /mb /mon/) (2026-07-14 14:43) c.f.(sv/spo /mb /mon/);
4844146466;omsamsv1;lu_blmqb-01;1-1-#-#-28-2;pa;belem;91;blm qb aslgna rd asl16s   002;communication-transport  stm16 port  loss of frame;2026-07-14 13:54:18;ral fechada 415696/2026  c.f.(sv/spo /mb /mon/) (2026-07-14 14:03) c.f.(sv/spo /mb /mon/);
4843556711;omsamsv1;admu_blmqb-03;tp1.25;pa;belem;91;blm bl2   rce zq    dpdv  0001;2 mbit/s loss of frame alignment- egress;2026-07-13 12:02:48;;
4843027667;omsamsv1;admu_mnsat-01;tp6.13;am;manaus;92;mns em    mns mnx   2m    002;2 mbit/s loss of input signal;2026-07-12 12:06:57;;
4843027551;omsamsv1;admu_mnsat-01;tp6.4;am;manaus;92;mns em    mns mnx   2m    001;2 mbit/s loss of input signal;2026-07-12 12:06:41;;
4843027361;omsamsv1;admu_mnsat-01;tp6.15;am;manaus;92;mns em    mns mnx   2m    003;2 mbit/s loss of input signal;2026-07-12 12:06:17;;
4843027358;omsamsv1;admu_mnsat-01;tp6.17;am;manaus;92;mns em    mns mnx   2m    004;2 mbit/s loss of input signal;2026-07-12 12:06:11;;
4843027293;omsamsv1;admu_mnsat-01;tp6.20;am;manaus;92;mns em    mns mnx   2m    005;2 mbit/s loss of input signal;2026-07-12 12:05:58;;
4842101958;omsamsv1;lu_blmqb-01;1-1-#-#-26-1;pa;belem;91;blm qb aslfla pv asl16s   001;communication-transport  stm16 port  loss of frame;2026-07-10 16:11:24;ral 415672/2026 c.f.(rc/blm /no /net/sg);
4841589436;omsamsv1;amu2_blmba-01;tp1.26;pa;belem;91;blm lcuqb blm 134   00031n001;2 mbit/s loss of input signal;2026-07-09 16:12:11;;
4841589138;omsamsv1;amu2_blmba-01;tp1.12;pa;belem;91;blm qb dm blm th1   02048k001;2 mbit/s loss of input signal;2026-07-09 16:11:04;;
4841588672;omsamsv1;admu_blmba-01;tp5.54;pa;belem;91;blm lcuqb blm 1aj   00031n001;2 mbit/s loss of input signal;2026-07-09 16:10:03;;
4841576689;omsamsv1;admu_blmba-01;tp5.20;pa;belem;91;blm qb it blm 13m   2m    001;2 mbit/s loss of input signal;2026-07-09 15:32:30;;
4839312488;omsamsv1;admu_mnsrbn-01;tp6.5;am;manaus;92;mns lm it mns 390   1500vs001;2 mbit/s loss of frame alignment- ingress  external;2026-07-05 22:41:16;;
4837187852;omsamsv1;ams_mnspa-01;node;am;manaus;92;;association with an ne lost;2026-07-01 12:12:54;;
4837187853;omsamsv1;ams_mnsrq-01;node;am;manaus;92;;association with an ne lost;2026-07-01 12:12:54;;
4837187837;omsamsv1;ams_blmal-01;node;pa;belem;91;;association with an ne lost;2026-07-01 12:12:53;;
4836744326;omsamsv1;admu_blmsz-01;tp6.61;pa;belem;91;aiu ty    blm qb dm 02048k001;2 mbit/s loss of input signal;2026-06-30 12:26:00;;
4836744327;omsamsv1;admu_blmsz-01;tp7.1;pa;belem;91;aiu cc    blm tr a  00031n001;2 mbit/s loss of input signal;2026-06-30 12:26:00;;
4836744328;omsamsv1;admu_blmsz-01;tp7.3;pa;belem;91;blm lchqb blm xr 00031n001 - 36171/2010-002 - lja riachuelo;2 mbit/s loss of input signal;2026-06-30 12:26:00;;
4836744329;omsamsv1;admu_blmsz-01;tp7.7;pa;belem;91;aiu bt    blm qb umg00031n001;2 mbit/s loss of input signal;2026-06-30 12:26:00;;
4836744330;omsamsv1;admu_blmsz-01;tp7.12;pa;belem;91;aiu 0dw   blm lcuqb 00031n001;2 mbit/s loss of input signal;2026-06-30 12:26:00;;
4836744331;omsamsv1;admu_blmsz-01;tp7.13;pa;belem;91;blm lchqb blm xr 00031n002 - 36171/2010-004 - lja riachuelo;2 mbit/s loss of input signal;2026-06-30 12:26:00;;
4836744332;omsamsv1;admu_blmsz-01;tp7.14;pa;belem;91;aiu mb blm tr a 00031n001 - ots: 21051/2009 002 motobel;2 mbit/s loss of input signal;2026-06-30 12:26:00;;
4836744333;omsamsv1;admu_blmsz-01;tp7.16;pa;belem;91;blm qb    blm sz    2mger 006;2 mbit/s loss of input signal;2026-06-30 12:26:00;;
4836744334;omsamsv1;admu_blmsz-01;tp7.18;pa;belem;91;blm qb it blm 2oj   2m    002;2 mbit/s loss of input signal;2026-06-30 12:26:00;;
4836744335;omsamsv1;admu_blmsz-01;tp7.25;pa;belem;91;aiu ub    blm tr a  00031n002;2 mbit/s loss of input signal;2026-06-30 12:26:00;;
4836744336;omsamsv1;admu_blmsz-01;tp7.26;pa;belem;91;aiu ty    blm tr a  00031n001;2 mbit/s loss of input signal;2026-06-30 12:26:00;;
4836744337;omsamsv1;admu_blmsz-01;tp7.27;pa;belem;91;aiu 0kt   blm qb    1500vs001;2 mbit/s loss of input signal;2026-06-30 12:26:00;;
4836744338;omsamsv1;admu_blmsz-01;tp7.28;pa;belem;91;aiu 0dw vlm qb it 2m 002 - 12344/2013-002 - hotel holiday;2 mbit/s loss of input signal;2026-06-30 12:26:00;;
4836744339;omsamsv1;admu_blmsz-01;tp7.30;pa;belem;91;blm lcuqb blm 1zp   00031n001;2 mbit/s loss of input signal;2026-06-30 12:26:00;;
4836744340;omsamsv1;admu_blmsz-01;tp7.31;pa;belem;91;blm tr a  blm 0ii   00031n001;2 mbit/s loss of input signal;2026-06-30 12:26:00;;
4836744341;omsamsv1;admu_blmsz-01;tp7.33;pa;belem;91;aiu fr    blm umgqb 00031n001;2 mbit/s loss of input signal;2026-06-30 12:26:00;;
4836744342;omsamsv1;admu_blmsz-01;tp7.37;pa;belem;91;blm lchqb blm 1io   00031n002;2 mbit/s loss of input signal;2026-06-30 12:26:00;;
4836744343;omsamsv1;admu_blmsz-01;tp7.43;pa;belem;91;blm qb dm blm 1ad   02048k001;2 mbit/s loss of input signal;2026-06-30 12:26:00;;
4836744344;omsamsv1;admu_blmsz-01;tp7.54;pa;belem;91;blm qb    blm sz    2mger 003;2 mbit/s loss of input signal;2026-06-30 12:26:00;;
4836744345;omsamsv1;admu_blmsz-01;tp7.61;pa;belem;91;blm qb    blm sz    2mger 011;2 mbit/s loss of input signal;2026-06-30 12:26:00;;
4836744346;omsamsv1;admu_blmsz-01;tp5.35;pa;belem;91;blm qb    blm sz    2mger 008;2 mbit/s loss of frame alignment- ingress  external;2026-06-30 12:26:00;;
4836744347;omsamsv1;admu_blmsz-01;tp5.11;pa;belem;91;blm qb    blm sz    2m    003;2 mbit/s loss of frame alignment- egress;2026-06-30 12:26:00;;
4836744166;omsamsv1;admu_blmsz-01;fanm;pa;belem;91;;fan unit failure;2026-06-30 12:26:00;;
4836744169;omsamsv1;admu_blmsz-01;tp5.37;pa;belem;91;blm qb it blm sz dm 02048k 003 19721-2011 embratel;2 mbit/s loss of input signal;2026-06-30 12:26:00;;
4836744170;omsamsv1;admu_blmsz-01;tp5.43;pa;belem;91;blm qb it blm sz dm 02048k002 - 18948/2010-002 - embratel;2 mbit/s loss of input signal;2026-06-30 12:26:00;;
4836744171;omsamsv1;admu_blmsz-01;tp5.45;pa;belem;91;blm 0yx blm bl3 dpdv 0002 - 21377-2011 claro s a;2 mbit/s loss of input signal;2026-06-30 12:26:00;;
4836744172;omsamsv1;admu_blmsz-01;tp5.47;pa;belem;91;aiu up7   blm qb    1500vs001;2 mbit/s loss of input signal;2026-06-30 12:26:00;;
4836744173;omsamsv1;admu_blmsz-01;tp5.48;pa;belem;91;blm 0yx   blm bl3   dpdv  0004;2 mbit/s loss of input signal;2026-06-30 12:26:00;;
4836744174;omsamsv1;admu_blmsz-01;tp5.49;pa;belem;91;blm iu    blm lcuqb 00031n001;2 mbit/s loss of input signal;2026-06-30 12:26:00;;
4836744175;omsamsv1;admu_blmsz-01;tp5.50;pa;belem;91;aiu _01 blm lcuqb 00031n001 - 07218/2013-001 - santander;2 mbit/s loss of input signal;2026-06-30 12:26:00;;
4836744176;omsamsv1;admu_blmsz-01;tp5.54;pa;belem;91;blm lcuqb blm 1ae   00031n002;2 mbit/s loss of input signal;2026-06-30 12:26:00;;
4836744177;omsamsv1;admu_blmsz-01;tp5.57;pa;belem;91;blm ag    blm lchqb 00031n001;2 mbit/s loss of input signal;2026-06-30 12:26:00;;
4836744179;omsamsv1;admu_blmsz-01;tp8.1/1;pa;belem;91;blm szlineblm szlinevc4s  006;vc-4 network connection server signal fail;2026-06-30 12:26:00;;
4836744181;omsamsv1;admu_blmsz-01;tp6.16;pa;belem;91;blm qb    blm sz    2m    001;2 mbit/s loss of input signal;2026-06-30 12:26:00;;
4836744182;omsamsv1;admu_blmsz-01;tp6.28;pa;belem;91;blm qb    blm sz    2mger 002;2 mbit/s loss of input signal;2026-06-30 12:26:00;;
4836744184;omsamsv1;admu_blmsz-01;tp6.36;pa;belem;91;aiu v54   blm qb dm 02048k001;2 mbit/s loss of input signal;2026-06-30 12:26:00;;
4836744185;omsamsv1;admu_blmsz-01;tp6.49;pa;belem;91;blm lcuqb blm 1lk   00031n001;2 mbit/s loss of input signal;2026-06-30 12:26:00;;
4836744186;omsamsv1;admu_blmsz-01;tp6.50;pa;belem;91;blm lcuqb blm 3an   00031n001;2 mbit/s loss of input signal;2026-06-30 12:26:00;;
4836707515;omsamsv1;amu2_aiubr-01;tp1.9;pa;ananindeua;91;aiu hc    blm lchqb 00031n001;2 mbit/s loss of input signal;2026-06-29 10:17:15;;
4844263901;omsamsv1;admu_blmqb-01;tp3.3/1;pa;belem;91;blm qbline blm qbline vc4s 074 - 75762/2013-0007 - embratel;vc-4 network connection server signal fail;2026-05-26 19:29:19;;
4851101567;emlaa1;lm26-blmqb-02;gbe10e-1-2-6-l1 gbe10e nend rcv;pa;belem;91;;server signal failure;2026-07-29 09:15:36;;
4851101568;emlaa1;lm26-blmqb-02;odu2-1-2-6-l1 odu2 nend rcv;pa;belem;91;;server signal failure;2026-07-29 09:15:36;;
4851101569;emlaa1;lm26-blmqb-02;otu-1-2-6-l1 otu nend rcv;pa;belem;91;;loss of frame;2026-07-29 09:15:36;;
4851092820;emlaa1;lm26-blmqb-02;otu-1-3-17-l1 otu nend rcv;pa;belem;91;;sdh signal degrade (ber);2026-07-29 08:44:03;;
4851061465;emlaa1;bo26-sidbr-02;cbr10g-1-2-5-l1 cbr10g nend rcv;pa;santa maria do para;91;;generic alarm indication signal;2026-07-29 07:14:12;;
4851061466;emlaa1;bo26-sidbr-02;gbe10e-1-2-3-l1 gbe10e nend rcv;pa;santa maria do para;91;;generic alarm indication signal;2026-07-29 07:14:12;;
4851061433;emlaa1;bo26-sidbr-02;odu2-1-3-4-l1 odu2 nend rcv;pa;santa maria do para;91;;backward defect indication;2026-07-29 07:14:09;;
4851061435;emlaa1;bo26-sidbr-02;otu-1-3-4-l1 otu nend rcv;pa;santa maria do para;91;;backward defect indication;2026-07-29 07:14:09;;
4851061434;emlaa1;bo26-sidbr-02;gbe10e-1-3-4-l1 gbe10e nend rcv;pa;santa maria do para;91;;generic alarm indication signal;2026-07-29 07:14:08;;
4851061525;emlaa1;lm26-blmqb-02;odu2-1-2-4-l1 odu2 nend rcv;pa;belem;91;;payload type mismatch;2026-07-29 06:58:28;;
4851061478;emlaa1;lm26-blmqb-02;otu-1-2-9-l1 otu nend rcv;pa;belem;91;;sdh signal degrade (ber);2026-07-29 06:58:14;;
4851061479;emlaa1;lm26-blmqb-02;otu-1-2-4-l1 otu nend rcv;pa;belem;91;;sdh signal degrade (ber);2026-07-29 06:58:14;;
4851061468;emlaa1;lm26-blmqb-02;gbe10e-1-3-17-l1 gbe10e nend rcv;pa;belem;91;;generic alarm indication signal;2026-07-29 06:58:12;;
4851061469;emlaa1;lm26-blmqb-02;odu2-1-3-17-l1 odu2 nend rcv;pa;belem;91;;backward defect indication;2026-07-29 06:58:12;;
4851061472;emlaa1;lm26-blmqb-02;cbr2g5-1-1-12-l1-1 cbr2g5 nend rcv;pa;belem;91;;generic alarm indication signal;2026-07-29 06:58:12;;
4851061473;emlaa1;lm26-blmqb-02;odu2-1-2-12-l1 odu2 nend rcv;pa;belem;91;;sdh signal degrade (ber);2026-07-29 06:58:12;;
4851061458;emlaa1;lm26-blmqb-02;gbe10e-1-2-12-l1 gbe10e nend rcv;pa;belem;91;;generic alarm indication signal;2026-07-29 06:58:11;;
4851061459;emlaa1;lm26-blmqb-02;cbr10g-1-2-10-l1 cbr10g nend rcv;pa;belem;91;;generic alarm indication signal;2026-07-29 06:58:11;;
4851061460;emlaa1;lm26-blmqb-02;gbe10e-1-2-9-l1 gbe10e nend rcv;pa;belem;91;;generic alarm indication signal;2026-07-29 06:58:11;;
4851061471;emlaa1;lm26-blmqb-02;cbr10g-1-1-16-l1 cbr10g nend rcv;pa;belem;91;;generic alarm indication signal;2026-07-29 06:58:11;;
4851061474;emlaa1;lm26-blmqb-02;otu-1-2-12-l1 otu nend rcv;pa;belem;91;;sdh signal degrade (ber);2026-07-29 06:58:11;;
4851061437;emlaa1;lm26-blmqb-02;cbr10g-1-2-11-l1 cbr10g nend rcv;pa;belem;91;;generic alarm indication signal;2026-07-29 06:58:10;;
4851095640;emlaa1;bo26-vntebr-01;lofaport-1-1-15-stg1-out eqpt nend;pa;;;;heater problem;2026-07-29 06:11:36;;
4851003212;emlaa1;bo26-bblfo-01;trbdport-1-2-17-l1-out eqpt nend;ma;bacabal;98;;the wavelength is out of the range;2026-07-29 03:44:02;;
4851008369;emlaa1;lm26-blmqb-01;otu-1-2-12-l1 otu nend rcv;pa;belem;91;;sdh signal degrade (ber);2026-07-29 03:29:09;;
4851008370;emlaa1;lm26-blmqb-01;odu2-1-2-12-l1 odu2 nend rcv;pa;belem;91;;payload locked;2026-07-29 03:29:09;;
4851008366;emlaa1;lm26-blmqb-01;otu-1-2-18-l1 otu nend rcv;pa;belem;91;;alarm indication signal;2026-07-29 03:29:05;;
4851008358;emlaa1;lm26-blmqb-01;odu1-1-1-12-l1-2 odu1 nend rcv;pa;belem;91;;server signal failure;2026-07-29 03:28:56;;
4851008359;emlaa1;lm26-blmqb-01;odu1-1-1-12-l1-3 odu1 nend rcv;pa;belem;91;;server signal failure;2026-07-29 03:28:56;;
4851008279;emlaa1;lm26-blmqb-01;trbdport-1-3-4-l1-in eqpt nend;pa;belem;91;;power loss;2026-07-29 03:28:56;;
4851008302;emlaa1;lm26-blmqb-01;trbdport-1-2-9-l1-in eqpt nend;pa;belem;91;;power loss;2026-07-29 03:28:56;;
4851008344;emlaa1;lm26-blmqb-01;cbr2g5-1-1-12-l1-4 cbr2g5 nend rcv;pa;belem;91;;server signal failure;2026-07-29 03:28:55;;
4851008345;emlaa1;lm26-blmqb-01;odu2-1-1-12-l1 odu2 nend rcv;pa;belem;91;;server signal failure;2026-07-29 03:28:55;;
4851008346;emlaa1;lm26-blmqb-01;odu1-1-1-12-l1-4 odu1 nend rcv;pa;belem;91;;server signal failure;2026-07-29 03:28:55;;
4851008349;emlaa1;lm26-blmqb-01;odu2-1-3-6-l1 odu2 nend rcv;pa;belem;91;;server signal failure;2026-07-29 03:28:55;;
4851008350;emlaa1;lm26-blmqb-01;odu2-1-3-9-l1 odu2 nend rcv;pa;belem;91;;server signal failure;2026-07-29 03:28:55;;
4851008351;emlaa1;lm26-blmqb-01;gbe10e-1-2-18-l1 gbe10e nend rcv;pa;belem;91;;server signal failure;2026-07-29 03:28:55;;
4851008352;emlaa1;lm26-blmqb-01;odu2-1-2-18-l1 odu2 nend rcv;pa;belem;91;;server signal failure;2026-07-29 03:28:55;;
4851008356;emlaa1;lm26-blmqb-01;cbr2g5-1-1-12-l1-1 cbr2g5 nend rcv;pa;belem;91;;server signal failure;2026-07-29 03:28:55;;
4851008357;emlaa1;lm26-blmqb-01;odu1-1-1-12-l1-1 odu1 nend rcv;pa;belem;91;;server signal failure;2026-07-29 03:28:55;;
4851008360;emlaa1;lm26-blmqb-01;cbr2g5-1-1-12-l1-3 cbr2g5 nend rcv;pa;belem;91;;server signal failure;2026-07-29 03:28:55;;
4851008361;emlaa1;lm26-blmqb-01;odu2-1-2-4-l1 odu2 nend rcv;pa;belem;91;;server signal failure;2026-07-29 03:28:55;;
4851008362;emlaa1;lm26-blmqb-01;gbe10e-1-2-9-l1 gbe10e nend rcv;pa;belem;91;;server signal failure;2026-07-29 03:28:55;;
4851008363;emlaa1;lm26-blmqb-01;odu2-1-2-9-l1 odu2 nend rcv;pa;belem;91;;server signal failure;2026-07-29 03:28:55;;
4851008276;emlaa1;lm26-blmqb-01;och-1-3-9-l1 och nend rcv;pa;belem;91;autodisc-lm26-blmqb-01/trbd1191-och-1-3-9-l1_cmdx1012-omsochif-1-3-2-c2;loss of signal;2026-07-29 03:28:55;;
4851008277;emlaa1;lm26-blmqb-01;trbcport-1-1-12-l1-in eqpt nend;pa;belem;91;;power loss;2026-07-29 03:28:55;;
4851008280;emlaa1;lm26-blmqb-01;trbdport-1-3-6-l1-in eqpt nend;pa;belem;91;;power loss;2026-07-29 03:28:55;;
4851008281;emlaa1;lm26-blmqb-01;trbdport-1-3-9-l1-in eqpt nend;pa;belem;91;;power loss;2026-07-29 03:28:55;;
4851008282;emlaa1;lm26-blmqb-01;och-1-3-6-l1 och nend rcv;pa;belem;91;autodisc-lm26-blmqb-01/trbd1191-och-1-3-6-l1_cmdx1012-omsochif-1-3-2-c5;loss of signal;2026-07-29 03:28:55;;
4851008284;emlaa1;lm26-blmqb-01;och-1-3-4-l1 och nend rcv;pa;belem;91;autodisc-lm26-blmqb-01/trbd1191-och-1-3-4-l1_cmdx1012-omsochif-1-3-2-c7;loss of signal;2026-07-29 03:28:55;;
4851008285;emlaa1;lm26-blmqb-01;och-1-1-12-l1 och nend rcv;pa;belem;91;autodisc-lm26-blmqb-01/trbc1111-och-1-1-12-l1_cmdx1010-omsochif-1-1-19-c2;loss of signal;2026-07-29 03:28:55;;
4851008301;emlaa1;lm26-blmqb-01;trbdport-1-2-4-l1-in eqpt nend;pa;belem;91;;power loss;2026-07-29 03:28:55;;
4851008306;emlaa1;lm26-blmqb-01;trbdport-1-1-16-l1-in eqpt nend;pa;belem;91;;power loss;2026-07-29 03:28:55;;
4851008309;emlaa1;lm26-blmqb-01;och-1-2-9-l1 och nend rcv;pa;belem;91;autodisc-lm26-blmqb-01/trbd1191-och-1-2-9-l1_cmdx1012-omsochif-1-2-2-c2;loss of signal;2026-07-29 03:28:55;;
4851008343;emlaa1;lm26-blmqb-01;och-1-2-4-l1 och nend rcv;pa;belem;91;autodisc-lm26-blmqb-01/trbd1191-och-1-2-4-l1_cmdx1012-omsochif-1-2-2-c7;loss of signal;2026-07-29 03:28:54;;
4851008355;emlaa1;lm26-blmqb-01;odu2-1-1-16-l1 odu2 nend rcv;pa;belem;91;;server signal failure;2026-07-29 03:28:54;;
4851008364;emlaa1;lm26-blmqb-01;gbe10e-1-2-12-l1 gbe10e nend rcv;pa;belem;91;;server signal failure;2026-07-29 03:28:54;;
4850914870;emlaa1;bo26-nvodkb-01;;ma;nova soure;;;node isolation;2026-07-28 23:13:29;;
4850914725;emlaa1;bo26-slpakb-01;;pa;santa luzia do para;91;;node isolation;2026-07-28 23:13:04;;
4850916862;emlaa1;bo26-sidbr-02;cbr10g-1-2-16-l1 cbr10g nend rcv;pa;santa maria do para;91;;generic alarm indication signal;2026-07-28 22:52:37;;
4850911393;emlaa1;bo26-sidbr-02;cbr10g-1-2-5-c1 cbr10g nend rcv;pa;santa maria do para;91;;generic alarm indication signal;2026-07-28 22:39:00;;
4850912358;emlaa1;lm26-siskb-01;lofaport-1-1-9-stg1-in eqpt nend;ma;santa ines;98;;power loss;2026-07-28 22:29:49;;
4850912364;emlaa1;lm26-siskb-01;odu2-1-3-4-l1 odu2 nend rcv;ma;santa ines;98;;server signal failure;2026-07-28 22:29:49;;
4850912374;emlaa1;lm26-siskb-01;odu2-1-2-12-l1 odu2 nend rcv;ma;santa ines;98;;server signal failure;2026-07-28 22:29:49;;
4850912361;emlaa1;lm26-siskb-01;ots-1-1-9-stg1 ots nend rcv;ma;santa ines;98;nvodkb sis kb ots 002;loss of signal;2026-07-28 22:29:49;ral 374930/2026 c.f.(rc/sls /ce /net/sg);
4850912359;emlaa1;lm26-siskb-01;oscuport-1-1-5-1-in eqpt nend;ma;santa ines;98;;power loss;2026-07-28 22:29:48;;
4850912367;emlaa1;lm26-siskb-01;gbe10e-1-3-4-l1 gbe10e nend rcv;ma;santa ines;98;;server signal failure;2026-07-28 22:29:48;;
4850912369;emlaa1;lm26-siskb-01;gbe10e-1-2-9-l1 gbe10e nend rcv;ma;santa ines;98;;server signal failure;2026-07-28 22:29:48;;
4850912371;emlaa1;lm26-siskb-01;odu2-1-2-4-l1 odu2 nend rcv;ma;santa ines;98;;server signal failure;2026-07-28 22:29:48;;
4850912373;emlaa1;lm26-siskb-01;odu2-1-1-16-l1 odu2 nend rcv;ma;santa ines;98;;server signal failure;2026-07-28 22:29:48;;
4850912375;emlaa1;lm26-siskb-01;odu2-1-2-15-l1 odu2 nend rcv;ma;santa ines;98;;server signal failure;2026-07-28 22:29:48;;
4850912360;emlaa1;lm26-siskb-01;oms-1-1-3-l1 oms nend rcv;ma;santa ines;98;;server signal failure;2026-07-28 22:29:47;;
4850905543;emlaa1;bo26-slpakb-01;gbe10e-1-2-5-l1 gbe10e nend rcv;pa;santa luzia do para;91;;generic alarm indication signal;2026-07-28 17:37:09;;
4850820493;emlaa1;bo26-slpakb-01;lofaport-1-1-15-stg2-out eqpt nend;pa;santa luzia do para;91;;heater problem;2026-07-28 12:20:43;;
4850476997;emlaa1;lm26-siskb-01;odu2-1-2-17-c1 odu2 nend rcv;ma;santa ines;98;;backward defect indication;2026-07-27 22:09:06;;
4850759729;emlaa1;bo26-vntebr-01;gbe10e-1-2-18-l1 gbe10e nend rcv;pa;;;;generic alarm indication signal;2026-07-26 13:17:14;;
4850762026;emlaa1;lm26-blmqb-01;psup-1-1-21 eqpt nend;pa;belem;91;;the unit temperature exceeds the high threshold value;2026-07-25 00:36:42;;
4848507320;emlaa1;lm26-cxuabr-02;odu2-1-2-13-l1 odu2 nend rcv;ma;caxuxa - alto alegre do maranhao;;;sdh signal degrade (ber);2026-07-23 15:29:08;;
4848322978;emlaa1;lm26-pqiafc-01;;ma;pequia - acailandia;;;node isolation;2026-07-23 07:11:57;;
4848215619;emlaa1;lm26-pqiafc-01;otu-1-1-14-l1 otu nend rcv;ma;pequia - acailandia;;;loss of frame;2026-07-23 00:41:02;;
4848165061;emlaa1;lm26-pqiafc-01;odu1-1-1-14-l1-1 odu1 nend rcv;ma;pequia - acailandia;;;server signal failure;2026-07-22 21:59:51;;
4848150116;emlaa1;lm26-pqiafc-01;cbr10g-1-1-16-l1 cbr10g nend rcv;ma;pequia - acailandia;;;generic alarm indication signal;2026-07-22 21:08:28;;
4848037146;emlaa1;lm26-pqiafc-01;cbr2g5-1-1-14-c4 cbr2g5 nend rcv;ma;pequia - acailandia;;;generic alarm indication signal;2026-07-22 15:53:44;;
4848037142;emlaa1;lm26-pqiafc-01;cbr2g5-1-1-14-l1-2 cbr2g5 nend rcv;ma;pequia - acailandia;;;server signal failure;2026-07-22 15:53:39;;
4848037144;emlaa1;lm26-pqiafc-01;cbr2g5-1-1-14-l1-4 cbr2g5 nend rcv;ma;pequia - acailandia;;;server signal failure;2026-07-22 15:53:39;;
4847963858;emlaa1;bo26-bblfo-01;trbd-1-2-18 eqpt nend;ma;bacabal;98;;the unit temperature exceeds the high threshold value;2026-07-22 12:31:10;;
4848507319;emlaa1;lm26-cxuabr-02;trbdport-1-1-14-c1-in eqpt nend;ma;caxuxa - alto alegre do maranhao;;;power loss;2026-07-21 19:18:39;;
4848507316;emlaa1;lm26-cxuabr-02;och-1-1-17-c1 och nend rcv;ma;caxuxa - alto alegre do maranhao;;cxuabr    cxuabr    tpondr006;loss of signal;2026-07-21 19:16:48;;
4848507317;emlaa1;lm26-cxuabr-02;trbdport-1-1-17-c1-in eqpt nend;ma;caxuxa - alto alegre do maranhao;;;power loss;2026-07-21 19:16:47;;
4848325380;emlaa1;lm26-cxuabr-01;trbd-1-1-17 eqpt nend;ma;caxuxa - alto alegre do maranhao;;;hardware failure;2026-07-21 18:44:46;;
4848325377;emlaa1;lm26-cxuabr-01;odu2-1-1-17-l1 odu2 nend;ma;caxuxa - alto alegre do maranhao;;;server signal failure;2026-07-21 18:44:45;;
4848325378;emlaa1;lm26-cxuabr-01;och-1-1-17-l1 och nend;ma;caxuxa - alto alegre do maranhao;;autodisc-lm26-cxuabr-01/trbd1111-och-1-1-17-l1_cmdx1010-omsochif-1-1-19-c7;underlying resource is unavailable;2026-07-21 18:44:45;;
4848507315;emlaa1;lm26-cxuabr-02;otu-1-1-15-l1 otu nend rcv;ma;caxuxa - alto alegre do maranhao;;;low threshold correction error rate;2026-07-21 18:05:03;;
4848507313;emlaa1;lm26-cxuabr-02;otu-1-2-16-l1 otu nend rcv;ma;caxuxa - alto alegre do maranhao;;;sdh signal degrade (ber);2026-07-21 17:45:29;;
4848507314;emlaa1;lm26-cxuabr-02;otu-1-2-13-l1 otu nend rcv;ma;caxuxa - alto alegre do maranhao;;;sdh signal degrade (ber);2026-07-21 17:45:29;;
4848507312;emlaa1;lm26-cxuabr-02;odu2-1-2-16-l1 odu2 nend rcv;ma;caxuxa - alto alegre do maranhao;;;sdh signal degrade (ber);2026-07-21 17:45:28;;
4848507310;emlaa1;lm26-cxuabr-02;otu-1-2-18-l1 otu nend rcv;ma;caxuxa - alto alegre do maranhao;;;low threshold correction error rate;2026-07-21 17:45:25;;
4848507306;emlaa1;lm26-cxuabr-02;cbr10g-1-1-18-l1 cbr10g nend rcv;ma;caxuxa - alto alegre do maranhao;;;generic alarm indication signal;2026-07-21 17:45:24;;
4848507308;emlaa1;lm26-cxuabr-02;otu-1-1-13-l1 otu nend rcv;ma;caxuxa - alto alegre do maranhao;;;low threshold correction error rate;2026-07-21 17:45:24;;
4848507302;emlaa1;lm26-cxuabr-02;odu2-1-3-4-l1 odu2 nend rcv;ma;caxuxa - alto alegre do maranhao;;;backward defect indication;2026-07-21 17:45:23;;
4848507304;emlaa1;lm26-cxuabr-02;otu-1-1-16-l1 otu nend rcv;ma;caxuxa - alto alegre do maranhao;;;low threshold correction error rate;2026-07-21 17:45:23;;
4848507307;emlaa1;lm26-cxuabr-02;otu-1-1-18-l1 otu nend rcv;ma;caxuxa - alto alegre do maranhao;;;low threshold correction error rate;2026-07-21 17:45:23;;
4848507303;emlaa1;lm26-cxuabr-02;gbe10wane-1-1-10-l1 gbe10wane nend rcv;ma;caxuxa - alto alegre do maranhao;;;trail trace identifier mismatch;2026-07-21 17:45:22;;
4847632360;emlaa1;bo26-bblfo-01;fan-1-2-41 eqpt nend;ma;bacabal;98;;heater problem;2026-07-21 17:23:38;;
4847617430;emlaa1;bo26-bblfo-01;odu2-1-2-17-c1 odu2 nend rcv;ma;bacabal;98;;backward defect indication;2026-07-21 16:32:29;;
4847616882;emlaa1;bo26-bblfo-01;och-1-2-5-l1 och nend;ma;bacabal;98;autodisc-bo26-bblfo-01/trbd1191-och-1-2-5-l1_cmdx1012-omsochif-1-2-2-c6;underlying resource is unavailable;2026-07-21 16:30:49;;
4847616883;emlaa1;bo26-bblfo-01;trbd-1-2-5 eqpt nend;ma;bacabal;98;;hardware failure;2026-07-21 16:30:49;;
4847616411;emlaa1;bo26-bblfo-01;trbcport-1-2-15-c2-in eqpt nend;ma;bacabal;98;;power loss;2026-07-21 16:27:25;;
4847616413;emlaa1;bo26-bblfo-01;odu2-1-2-18-c1 odu2 nend rcv;ma;bacabal;98;;backward defect indication;2026-07-21 16:27:25;;
4847616416;emlaa1;bo26-bblfo-01;och-1-2-13-l1 och nend rcv;ma;bacabal;98;;loss of frame;2026-07-21 16:27:25;;
4847616418;emlaa1;bo26-bblfo-01;och-1-2-15-c2 och nend rcv;ma;bacabal;98;v_lm26-bblfo-02  1-2-15-c2;loss of signal;2026-07-21 16:27:25;;
4847616419;emlaa1;bo26-bblfo-01;och-1-2-13-c1 och nend rcv;ma;bacabal;98;;loss of signal;2026-07-21 16:27:25;;
4847616400;emlaa1;bo26-bblfo-01;gbe10wane-1-2-8-l1 gbe10wane nend rcv;ma;bacabal;98;;server signal failure;2026-07-21 16:27:24;;
4847616401;emlaa1;bo26-bblfo-01;och-1-2-8-l1 och nend rcv;ma;bacabal;98;;loss of frame;2026-07-21 16:27:24;;
4847616402;emlaa1;bo26-bblfo-01;gbee-1-2-8-c1 gbee nend rcv;ma;bacabal;98;;loss of frame;2026-07-21 16:27:24;;
4847616405;emlaa1;bo26-bblfo-01;cbr2g5-1-2-6-c2 cbr2g5 nend rcv;ma;bacabal;98;;generic alarm indication signal;2026-07-21 16:27:24;;
4847616406;emlaa1;bo26-bblfo-01;cbr2g5-1-2-6-l1-2 cbr2g5 nend rcv;ma;bacabal;98;;generic alarm indication signal;2026-07-21 16:27:24;;
4847616410;emlaa1;bo26-bblfo-01;esctport-1-2-1-eth4 eqpt nend;ma;bacabal;98;;management lan;2026-07-21 16:27:24;;
4847616412;emlaa1;bo26-bblfo-01;ethcport-1-2-13-c1-in eqpt nend;ma;bacabal;98;;power loss;2026-07-21 16:27:24;;
4847616414;emlaa1;bo26-bblfo-01;cbr2g5-1-2-15-c2 cbr2g5 nend rcv;ma;bacabal;98;;server signal failure;2026-07-21 16:27:24;;
4847616415;emlaa1;bo26-bblfo-01;gbe10wane-1-2-13-l1 gbe10wane nend rcv;ma;bacabal;98;;server signal failure;2026-07-21 16:27:24;;
4847616417;emlaa1;bo26-bblfo-01;gbee-1-2-13-c1 gbee nend rcv;ma;bacabal;98;;server signal failure;2026-07-21 16:27:24;;
4847616422;emlaa1;bo26-bblfo-01;trbd-1-2-16 eqpt nend;ma;bacabal;98;;the unit temperature exceeds the high threshold value;2026-07-21 16:27:24;;
4847616391;emlaa1;bo26-bblfo-01;psup-1-1-40 eqpt nend;ma;bacabal;98;;the unit temperature exceeds the high threshold value;2026-07-21 16:23:38;;
4847616392;emlaa1;bo26-bblfo-01;psup-1-1-21 eqpt nend;ma;bacabal;98;;the unit temperature exceeds the high threshold value;2026-07-21 16:23:38;;
4847569555;emlaa1;lm26-cxuabr-02;fan-1-1-41 eqpt nend;ma;caxuxa - alto alegre do maranhao;;;heater problem;2026-07-20 18:48:17;;
4847540911;emlaa1;lm26-pqiafc-01;esctport-1-1-1-eth3 eqpt nend;ma;pequia - acailandia;;;management lan;2026-07-20 18:38:17;;
4847066201;emlaa1;bo26-cpncz-01;;pa;capanema;91;;node isolation;2026-07-20 10:47:00;;
4846096038;emlaa1;bo26-cpncz-01;odu2-1-2-9-l1 odu2 nend rcv;pa;capanema;91;;backward defect indication;2026-07-18 04:07:35;;
4848506577;emlaa1;bo26-nvodkb-01;otu-1-2-18-l1 otu nend rcv;ma;nova soure;;;alarm indication signal;2026-07-18 02:11:39;;
4845886974;emlaa1;bo26-sidbr-02;trbdport-1-3-17-l1-in eqpt nend;pa;santa maria do para;91;;power loss;2026-07-17 22:21:29;;
4845886975;emlaa1;bo26-sidbr-02;och-1-3-17-l1 och nend rcv;pa;santa maria do para;91;autodisc-bo26-sidbr-02/trbd1191-och-1-3-17-l1_cmdx1012-omsochif-1-3-19-c7;loss of signal;2026-07-17 22:21:29;;
4845886970;emlaa1;bo26-vntebr-01;och-1-2-17-c1 och nend rcv;pa;;;vntebr    vntebr    eg/10g002 13+vntebr    vntebr    tpondr002 01;loss of signal;2026-07-17 19:22:55;;
4845886972;emlaa1;bo26-vntebr-01;och-1-2-4-l1 och nend;pa;;;autodisc-bo26-vntebr-01/trbd1191-och-1-2-4-l1_cmdx1012-omsochif-1-2-2-c7;underlying resource is unavailable;2026-07-17 19:22:55;;
4845886969;emlaa1;bo26-vntebr-01;trbd-1-2-4 eqpt nend;pa;;;;hardware failure;2026-07-17 19:22:54;;
4845886971;emlaa1;bo26-vntebr-01;och-1-2-4-c1 och nend;pa;;;vntebr    vntebr    eg/10g001 13+vntebr    vntebr    tpondr001 01;underlying resource is unavailable;2026-07-17 19:22:54;;
4845886973;emlaa1;bo26-vntebr-01;trbdport-1-2-17-c1-in eqpt nend;pa;;;;power loss;2026-07-17 19:22:54;;
4848506578;emlaa1;bo26-nvodkb-01;odu2-1-2-18-l1 odu2 nend rcv;ma;nova soure;;;server signal failure;2026-07-17 18:15:53;;
4848506579;emlaa1;bo26-nvodkb-01;gbe10e-1-2-18-l1 gbe10e nend rcv;ma;nova soure;;;server signal failure;2026-07-17 18:15:52;;
4845155323;emlaa1;bo26-cxsvo-01;och-1-2-5-c1 och nend rcv;ma;caxias;98;;loss of signal;2026-07-16 14:41:54;;
4845155324;emlaa1;bo26-cxsvo-01;och-1-2-4-c1 och nend rcv;ma;caxias;98;;loss of signal;2026-07-16 14:41:54;;
4845155329;emlaa1;bo26-cxsvo-01;esctport-1-2-1-eth4 eqpt nend;ma;caxias;98;;management lan;2026-07-16 14:41:54;;
4845155248;emlaa1;bo26-cxsvo-01;odu2-1-2-4-l1 odu2 nend rcv;ma;caxias;98;;backward defect indication;2026-07-16 14:41:54;;
4846080488;emlaa1;lm26-cxuabr-02;cbr2g5-1-2-6-l1-2 cbr2g5 nend rcv;ma;caxuxa - alto alegre do maranhao;;;generic alarm indication signal;2026-07-15 21:32:02;;
4847569552;emlaa1;bo26-entokb-01;lofaport-1-1-18-stg1-out eqpt nend;pa;;;;heater problem;2026-07-15 17:02:00;;
4844690060;emlaa1;bo26-itzrc-01;job name;ma;imperatriz;98;;ne mib back up failure;2026-07-15 14:53:29;;
4846080491;emlaa1;lm26-cxuabr-02;cbr10g-1-2-7-c1 cbr10g nend rcv;ma;caxuxa - alto alegre do maranhao;;;generic alarm indication signal;2026-07-15 12:02:07;;
4843586919;emlaa1;bo26-cpncz-01;gbe10e-1-2-3-l1 gbe10e nend rcv;pa;capanema;91;;generic alarm indication signal;2026-07-13 10:12:35;;
4844974531;emlaa1;bo26-cpncz-01;och-1-2-18-l1 och nend rcv;pa;capanema;91;autodisc-bo26-cpncz-01/trbd1191-och-1-2-18-l1_cmdx1012-omsochif-1-2-19-c8;loss of signal;2026-07-13 01:49:07;;
4844974533;emlaa1;bo26-cpncz-01;trbdport-1-2-18-l1-in eqpt nend;pa;capanema;91;;power loss;2026-07-13 01:49:07;;
4841438472;emlaa1;bo26-itzrc-01;;ma;imperatriz;98;;node isolation;2026-07-09 09:02:18;;
4841836851;emlaa1;lm26-cxuabr-01;odu2-1-3-4-l1 odu2 nend rcv;ma;caxuxa - alto alegre do maranhao;;;alarm indication signal;2026-07-08 04:22:26;;
4846080499;emlaa1;lm26-cxuabr-02;trbd-1-3-5 eqpt nend;ma;caxuxa - alto alegre do maranhao;;;hardware failure;2026-07-02 15:23:08;;
4846080500;emlaa1;lm26-cxuabr-02;och-1-3-5-l1 och nend;ma;caxuxa - alto alegre do maranhao;;autodisc-lm26-cxuabr-02/trbd1191-och-1-3-5-l1_cmdx1012-omsochif-1-3-2-c6;underlying resource is unavailable;2026-07-02 15:23:08;;
4846080501;emlaa1;lm26-cxuabr-02;och-1-3-5-c1 och nend;ma;caxuxa - alto alegre do maranhao;;cxuabr    cxuabr    tpondr055;underlying resource is unavailable;2026-07-02 15:23:08;;
4846080502;emlaa1;lm26-cxuabr-02;och-1-2-6-c2 och nend rcv;ma;caxuxa - alto alegre do maranhao;;v_lm26-cxuabr-02  1-2-6-c2;loss of signal;2026-07-02 15:22:38;;
4846080503;emlaa1;lm26-cxuabr-02;och-1-2-12-l1 och nend rcv;ma;caxuxa - alto alegre do maranhao;;autodisc-lm26-cxuabr-02/trbd1191-och-1-2-12-l1_cmdx1012-omsochif-1-2-19-c2;loss of signal;2026-07-02 15:22:38;;
4846080504;emlaa1;lm26-cxuabr-02;och-1-2-18-c1 och nend rcv;ma;caxuxa - alto alegre do maranhao;;v_lm26-cxuabr-02  1-2-18-c1;loss of signal;2026-07-02 15:22:38;;
4846080505;emlaa1;lm26-cxuabr-02;odu2-1-2-12-l1 odu2 nend rcv;ma;caxuxa - alto alegre do maranhao;;;server signal failure;2026-07-02 15:22:38;;
4846080506;emlaa1;lm26-cxuabr-02;cbr2g5-1-2-6-c2 cbr2g5 nend rcv;ma;caxuxa - alto alegre do maranhao;;;server signal failure;2026-07-02 15:22:38;;
4846080390;emlaa1;lm26-cxuabr-02;trbdport-1-2-18-c1-in eqpt nend;ma;caxuxa - alto alegre do maranhao;;;power loss;2026-07-02 15:22:38;;
4846080392;emlaa1;lm26-cxuabr-02;odu2-1-3-5-l1 odu2 nend rcv;ma;caxuxa - alto alegre do maranhao;;;server signal failure;2026-07-02 15:20:55;;
4846080393;emlaa1;lm26-cxuabr-02;esctport-1-3-1-eth3 eqpt nend;ma;caxuxa - alto alegre do maranhao;;;management lan;2026-07-02 15:20:54;;
4846080394;emlaa1;lm26-cxuabr-02;odu2-1-3-4-c1 odu2 nend rcv;ma;caxuxa - alto alegre do maranhao;;;payload locked;2026-07-02 15:20:54;;
4846080396;emlaa1;lm26-cxuabr-02;esctport-1-1-1-eth3 eqpt nend;ma;caxuxa - alto alegre do maranhao;;;management lan;2026-07-02 15:19:35;;
4846080386;emlaa1;lm26-cxuabr-02;sfp-1-1-10-c5 eqpt nend;ma;caxuxa - alto alegre do maranhao;;;improper removal;2026-07-02 15:18:52;;
4843473559;emlaa1;bo26-sidbr-02;och-1-2-15-c1 och nend;pa;santa maria do para;91;;underlying resource is unavailable;2026-07-02 13:29:42;;
4843473558;emlaa1;bo26-sidbr-02;och-1-2-15-l1 och nend;pa;santa maria do para;91;;underlying resource is unavailable;2026-07-02 13:29:41;;
4843473556;emlaa1;bo26-sidbr-02;och-1-3-17-c1 och nend rcv;pa;santa maria do para;91;v_bo26-sidbr-01 1-3-17-c1;loss of signal;2026-07-02 12:51:54;;
4843473594;emlaa1;bo26-sidbr-02;och-1-3-4-c1 och nend rcv;pa;santa maria do para;91;sid br    sid br    eg/10g001 13+sid br    sid br    tpondr001 01;loss of signal;2026-07-02 12:51:54;;
4843473595;emlaa1;bo26-sidbr-02;och-1-3-5-c1 och nend rcv;pa;santa maria do para;91;;loss of signal;2026-07-02 12:51:54;;
4843473523;emlaa1;bo26-sidbr-02;trbdport-1-3-6-c1-in eqpt nend;pa;santa maria do para;91;;power loss;2026-07-02 12:51:53;;
4843473524;emlaa1;bo26-sidbr-02;trbdport-1-3-17-c1-in eqpt nend;pa;santa maria do para;91;;power loss;2026-07-02 12:51:53;;
4843473525;emlaa1;bo26-sidbr-02;trbdport-1-3-18-c1-in eqpt nend;pa;santa maria do para;91;;power loss;2026-07-02 12:51:53;;
4843473551;emlaa1;bo26-sidbr-02;gbe10e-1-3-5-l1 gbe10e nend rcv;pa;santa maria do para;91;;generic alarm indication signal;2026-07-02 12:51:53;;
4843473552;emlaa1;bo26-sidbr-02;gbe10e-1-3-6-l1 gbe10e nend rcv;pa;santa maria do para;91;;generic alarm indication signal;2026-07-02 12:51:53;;
4843473513;emlaa1;bo26-sidbr-02;bmdxport-1-1-7-c10-in eqpt nend;pa;santa maria do para;91;;power loss;2026-07-02 12:51:15;;
4843473464;emlaa1;bo26-sidbr-02;omsband-1-1-7-l1-f191950 omsband nend trmt;pa;santa maria do para;91;;underlying resource is unavailable;2026-07-02 12:51:15;;
4843473379;emlaa1;bo26-sidbr-02;cbr2g5-1-2-14-c3 cbr2g5 nend rcv;pa;santa maria do para;91;;server signal failure;2026-07-02 12:51:00;;
4843473383;emlaa1;bo26-sidbr-02;trbdport-1-2-17-c1-in eqpt nend;pa;santa maria do para;91;;power loss;2026-07-02 12:50:59;;
4843473385;emlaa1;bo26-sidbr-02;trbcport-1-2-14-c3-in eqpt nend;pa;santa maria do para;91;;power loss;2026-07-02 12:50:58;;
4843473386;emlaa1;bo26-sidbr-02;trbcport-1-2-14-c4-in eqpt nend;pa;santa maria do para;91;;power loss;2026-07-02 12:50:58;;
4838124746;emlaa1;bo26-cpncz-01;osc-1-1-10-stg1 osc nend rcv;pa;capanema;91;;backward defect indication on supervisory channel;2026-06-30 09:06:04;;
4838122515;emlaa1;bo26-slpakb-01;fan-1-2-41 eqpt nend;pa;santa luzia do para;91;;heater problem;2026-06-29 11:40:45;;
4836350351;emlaa1;lm26-blmqb-02;trbdport-1-2-11-c1-in eqpt nend;pa;belem;91;;power loss;2026-06-29 10:50:15;;
4836350352;emlaa1;lm26-blmqb-02;och-1-2-11-c1 och nend rcv;pa;belem;91;pqiafc    pqiafclinep4x64s002;loss of signal;2026-06-29 10:50:14;;
4838122505;emlaa1;bo26-slpakb-01;trbdport-1-2-3-c1-in eqpt nend;pa;santa luzia do para;91;;power loss;2026-06-29 08:10:56;;
4838122508;emlaa1;bo26-slpakb-01;trbdport-1-2-16-c1-in eqpt nend;pa;santa luzia do para;91;;power loss;2026-06-29 08:10:46;;
4841836852;emlaa1;lm26-cxuabr-01;fan-1-2-41 eqpt nend;ma;caxuxa - alto alegre do maranhao;;;heater problem;2026-06-26 18:52:51;;
4846082872;emlaa1;lm26-pqiafc-01;omsochif-1-2-19-c5 omsochif nend trmt;ma;pequia - acailandia;;autodisc-lm26-pqiafc-01/trbd1191-och-1-2-15-l1_cmdx1012-omsochif-1-2-19-c5;underlying resource is unavailable;2026-06-26 07:13:05;;
4846082873;emlaa1;lm26-pqiafc-01;trbdport-1-2-5-c1-in eqpt nend;ma;pequia - acailandia;;;power loss;2026-06-26 07:13:04;;
4841836853;emlaa1;lm26-cxuabr-01;fan-1-3-41 eqpt nend;ma;caxuxa - alto alegre do maranhao;;;heater problem;2026-06-22 19:07:51;;
4841836847;emlaa1;lm26-cxuabr-01;odu2-1-2-5-l1 odu2 nend rcv;ma;caxuxa - alto alegre do maranhao;;;alarm indication signal;2026-06-22 18:04:10;;
4841836849;emlaa1;lm26-cxuabr-01;odu2-1-2-17-l1 odu2 nend rcv;ma;caxuxa - alto alegre do maranhao;;;backward defect indication;2026-06-22 18:04:10;;
4841836850;emlaa1;lm26-cxuabr-01;odu2-1-2-4-l1 odu2 nend rcv;ma;caxuxa - alto alegre do maranhao;;;alarm indication signal;2026-06-22 18:04:10;;
4841836841;emlaa1;lm26-cxuabr-01;otu-1-2-12-l1 otu nend rcv;ma;caxuxa - alto alegre do maranhao;;;low threshold correction error rate;2026-06-22 18:04:09;;
4841836840;emlaa1;lm26-cxuabr-01;odu2-1-2-5-c1 odu2 nend rcv;ma;caxuxa - alto alegre do maranhao;;;backward defect indication;2026-06-22 17:23:34;;
4841836843;emlaa1;lm26-cxuabr-01;odu2-1-2-4-c1 odu2 nend rcv;ma;caxuxa - alto alegre do maranhao;;;backward defect indication;2026-06-22 17:23:33;;
4841836800;emlaa1;lm26-cxuabr-01;sfp-1-2-16-c3 eqpt nend;ma;caxuxa - alto alegre do maranhao;;;improper removal;2026-06-22 17:23:16;;
4841836798;emlaa1;lm26-cxuabr-01;och-1-2-16-c3 och nend;ma;caxuxa - alto alegre do maranhao;;;underlying resource is unavailable;2026-06-22 17:23:15;;
4841836794;emlaa1;lm26-cxuabr-01;gbe10e-1-3-7-c1 gbe10e nend rcv;ma;caxuxa - alto alegre do maranhao;;;server signal failure;2026-06-22 17:22:49;;
4841836823;emlaa1;lm26-cxuabr-01;och-1-3-7-c1 och nend rcv;ma;caxuxa - alto alegre do maranhao;;;loss of signal;2026-06-22 17:22:48;;
4841836825;emlaa1;lm26-cxuabr-01;och-1-3-8-c1 och nend rcv;ma;caxuxa - alto alegre do maranhao;;;loss of signal;2026-06-22 17:22:48;;
4841836827;emlaa1;lm26-cxuabr-01;odu2-1-3-3-c1 odu2 nend rcv;ma;caxuxa - alto alegre do maranhao;;;open connection indication;2026-06-22 17:22:48;;
4841836791;emlaa1;lm26-cxuabr-01;odu2-1-3-4-c1 odu2 nend rcv;ma;caxuxa - alto alegre do maranhao;;;open connection indication;2026-06-22 17:22:48;;
4841836796;emlaa1;lm26-cxuabr-01;gbe10e-1-3-8-c1 gbe10e nend rcv;ma;caxuxa - alto alegre do maranhao;;;server signal failure;2026-06-22 17:22:48;;
4841836802;emlaa1;lm26-cxuabr-01;omsochif-1-3-2-c2 omsochif nend trmt;ma;caxuxa - alto alegre do maranhao;;;underlying resource is unavailable;2026-06-22 17:22:48;;
4841836786;emlaa1;lm26-cxuabr-01;esctport-1-3-1-eth4 eqpt nend;ma;caxuxa - alto alegre do maranhao;;;management lan;2026-06-22 17:22:47;;
4841836781;emlaa1;lm26-cxuabr-01;trbc-1-3-16 eqpt nend;ma;caxuxa - alto alegre do maranhao;;;improper removal;2026-06-22 17:22:45;;
4841836774;emlaa1;lm26-cxuabr-01;cmdx-1-3-19 eqpt nend;ma;caxuxa - alto alegre do maranhao;;;improper removal;2026-06-22 17:22:44;;
4841836754;emlaa1;lm26-cxuabr-01;ethcport-1-1-10-c5-in eqpt nend;ma;caxuxa - alto alegre do maranhao;;;power loss;2026-06-22 17:20:30;;
4841836756;emlaa1;lm26-cxuabr-01;och-1-1-10-l1 och nend rcv;ma;caxuxa - alto alegre do maranhao;;autodisc-lm26-cxuabr-01/ethc1000-och-1-1-10-l1_trbd1191-och-1-1-16-c1;loss of signal;2026-06-22 17:20:30;;
4841836741;emlaa1;lm26-cxuabr-01;ethcport-1-1-10-l1-in eqpt nend;ma;caxuxa - alto alegre do maranhao;;;power loss;2026-06-22 17:20:29;;
4841836750;emlaa1;lm26-cxuabr-01;ethcport-1-1-10-c1-in eqpt nend;ma;caxuxa - alto alegre do maranhao;;;power loss;2026-06-22 17:20:29;;
4841836752;emlaa1;lm26-cxuabr-01;ethcport-1-1-10-c2-in eqpt nend;ma;caxuxa - alto alegre do maranhao;;;power loss;2026-06-22 17:20:29;;
4841836758;emlaa1;lm26-cxuabr-01;och-1-1-10-c1 och nend rcv;ma;caxuxa - alto alegre do maranhao;;cxuabr    cxuabr    ethg  001;loss of signal;2026-06-22 17:20:29;;
4841836760;emlaa1;lm26-cxuabr-01;och-1-1-10-c2 och nend rcv;ma;caxuxa - alto alegre do maranhao;;cxuabr    cxuabr    ethg  001;loss of signal;2026-06-22 17:20:29;;
4841836762;emlaa1;lm26-cxuabr-01;och-1-1-10-c5 och nend rcv;ma;caxuxa - alto alegre do maranhao;;cxuabr    cxuabr    ethg  001;loss of signal;2026-06-22 17:20:29;;
4841836777;emlaa1;lm26-cxuabr-01;esctport-1-1-1-eth3 eqpt nend;ma;caxuxa - alto alegre do maranhao;;;management lan;2026-06-22 17:20:29;;
4841836743;emlaa1;lm26-cxuabr-01;trbd-1-1-18 eqpt nend;ma;caxuxa - alto alegre do maranhao;;;improper removal;2026-06-22 17:20:28;;
4841836745;emlaa1;lm26-cxuabr-01;och-1-1-18-c1 och nend;ma;caxuxa - alto alegre do maranhao;;;underlying resource is unavailable;2026-06-22 17:20:27;;
4841836747;emlaa1;lm26-cxuabr-01;och-1-1-18-l1 och nend;ma;caxuxa - alto alegre do maranhao;;autodisc-lm26-cxuabr-01/trbd1111-och-1-1-18-l1_cmdx1010-omsochif-1-1-19-c8;underlying resource is unavailable;2026-06-22 17:20:27;;
4841836749;emlaa1;lm26-cxuabr-01;odu2-1-1-18-l1 odu2 nend;ma;caxuxa - alto alegre do maranhao;;;server signal failure;2026-06-22 17:20:27;;
4841836729;emlaa1;lm26-cxuabr-01;gbee-1-1-10-c4 gbee nend;ma;caxuxa - alto alegre do maranhao;;;server signal failure;2026-06-22 17:20:02;;
4841836731;emlaa1;lm26-cxuabr-01;sfp-1-1-10-c4 eqpt nend;ma;caxuxa - alto alegre do maranhao;;;procedure error;2026-06-22 17:20:02;;
4841836739;emlaa1;lm26-cxuabr-01;och-1-1-10-c4 och nend;ma;caxuxa - alto alegre do maranhao;;;underlying resource is unavailable;2026-06-22 17:20:00;;
4841836711;emlaa1;lm26-cxuabr-01;sfp-1-1-10-c9 eqpt nend;ma;caxuxa - alto alegre do maranhao;;;improper removal;2026-06-22 17:19:43;;
4841836713;emlaa1;lm26-cxuabr-01;sfp-1-1-10-c8 eqpt nend;ma;caxuxa - alto alegre do maranhao;;;improper removal;2026-06-22 17:19:43;;
4841836716;emlaa1;lm26-cxuabr-01;sfp-1-1-10-c7 eqpt nend;ma;caxuxa - alto alegre do maranhao;;;improper removal;2026-06-22 17:19:43;;
4841836720;emlaa1;lm26-cxuabr-01;och-1-1-10-c8 och nend;ma;caxuxa - alto alegre do maranhao;;cxuabr    cxuabr    ethg  001;underlying resource is unavailable;2026-06-22 17:19:43;;
4841836726;emlaa1;lm26-cxuabr-01;sfp-1-1-10-c6 eqpt nend;ma;caxuxa - alto alegre do maranhao;;;improper removal;2026-06-22 17:19:43;;
4841836733;emlaa1;lm26-cxuabr-01;och-1-1-10-c6 och nend;ma;caxuxa - alto alegre do maranhao;;cxuabr    cxuabr    ethg  001;underlying resource is unavailable;2026-06-22 17:19:43;;
4841836736;emlaa1;lm26-cxuabr-01;och-1-1-10-c7 och nend;ma;caxuxa - alto alegre do maranhao;;cxuabr    cxuabr    ethg  001;underlying resource is unavailable;2026-06-22 17:19:43;;
4841836722;emlaa1;lm26-cxuabr-01;och-1-1-10-c9 och nend;ma;caxuxa - alto alegre do maranhao;;cxuabr    cxuabr    ethg  001;underlying resource is unavailable;2026-06-22 17:19:42;;
4850761989;emlaa1;lm26-blmqb-01;och-1-2-18-c1 och nend rcv;pa;belem;91;v_lm26-blmqb-01 1-2-18-c1 ;loss of signal;2026-06-12 17:50:18;;
4850761993;emlaa1;lm26-blmqb-01;gbe10e-1-2-12-c1 gbe10e nend rcv;pa;belem;91;;server signal failure;2026-06-12 17:50:18;;
4850761995;emlaa1;lm26-blmqb-01;trbdport-1-2-12-c1-in eqpt nend;pa;belem;91;;power loss;2026-06-12 17:50:18;;
4850762002;emlaa1;lm26-blmqb-01;xfp-1-2-9-c1 eqpt nend;pa;belem;91;;improper removal;2026-06-12 17:50:10;;
4850762000;emlaa1;lm26-blmqb-01;och-1-2-9-c1 och nend;pa;belem;91;v_lm26-blmqb-01 1-2-9-c1 ;underlying resource is unavailable;2026-06-12 17:50:09;;
4848506580;emlaa1;bo26-nvodkb-01;fan-1-2-41 eqpt nend;ma;nova soure;;;heater problem;2026-06-06 14:53:39;;
4848506581;emlaa1;bo26-nvodkb-01;och-1-2-3-c1 och nend rcv;ma;nova soure;;;loss of signal;2026-06-06 13:44:25;;
4848506582;emlaa1;bo26-nvodkb-01;och-1-2-18-c1 och nend rcv;ma;nova soure;;;loss of signal;2026-06-06 13:44:25;;
4848506583;emlaa1;bo26-nvodkb-01;gbe10e-1-2-18-c1 gbe10e nend rcv;ma;nova soure;;;server signal failure;2026-06-06 13:44:25;;
4848506585;emlaa1;bo26-nvodkb-01;trbdport-1-2-18-c1-in eqpt nend;ma;nova soure;;;power loss;2026-06-06 13:44:25;;
4848506584;emlaa1;bo26-nvodkb-01;trbdport-1-2-3-c1-in eqpt nend;ma;nova soure;;;power loss;2026-06-06 13:44:24;;
4838124732;emlaa1;bo26-cpncz-01;oscoms-1-1-10-stg1 osc nend;pa;capanema;91;;ppp interface enabled but the link is down;2026-05-27 14:26:34;;
4838124733;emlaa1;bo26-cpncz-01;oscots-1-1-10-stg1 osc nend;pa;capanema;91;;ppp interface enabled but the link is down;2026-05-27 14:21:01;;
4838124734;emlaa1;bo26-cpncz-01;och-1-2-3-c1 och nend rcv;pa;capanema;91;v_bo26-cpncz-01 1-2-3-c1;loss of signal;2026-05-18 13:00:25;;
4838124735;emlaa1;bo26-cpncz-01;och-1-2-9-c1 och nend rcv;pa;capanema;91;;loss of signal;2026-05-18 13:00:25;;
4838124736;emlaa1;bo26-cpncz-01;gbe10e-1-2-3-c1 gbe10e nend rcv;pa;capanema;91;;server signal failure;2026-05-18 13:00:25;;
4838124737;emlaa1;bo26-cpncz-01;trbdport-1-2-3-c1-in eqpt nend;pa;capanema;91;;power loss;2026-05-18 13:00:25;;
4838124738;emlaa1;bo26-cpncz-01;trbdport-1-2-9-c1-in eqpt nend;pa;capanema;91;;power loss;2026-05-18 13:00:25;;
4838124739;emlaa1;bo26-cpncz-01;och-1-2-18-c1 och nend;pa;capanema;91;v_bo26-cpncz-01 1-2-18-c1;underlying resource is unavailable;2026-05-18 13:00:03;;
4838124740;emlaa1;bo26-cpncz-01;xfp-1-2-18-c1 eqpt nend;pa;capanema;91;;improper removal;2026-05-18 13:00:02;;
4845861178;emlaa1;bo26-vntebr-01;bmdxport-1-1-4-c5-in eqpt nend;pa;;;;power loss;2026-05-16 11:22:19;;
4845861179;emlaa1;bo26-vntebr-01;trbd-1-2-18 eqpt nend;pa;;;;the unit temperature exceeds the high threshold value;2026-05-04 04:59:23;;
4845861180;emlaa1;bo26-vntebr-01;och-1-2-3-c1 och nend rcv;pa;;;;loss of signal;2026-05-04 04:52:56;;
4845861181;emlaa1;bo26-vntebr-01;trbdport-1-2-3-c1-in eqpt nend;pa;;;;power loss;2026-05-04 04:52:56;;
4845861182;emlaa1;bo26-vntebr-01;och-1-2-18-c1 och nend rcv;pa;;;;loss of signal;2026-05-04 04:52:53;;
4845861183;emlaa1;bo26-vntebr-01;trbdport-1-2-18-c1-in eqpt nend;pa;;;;power loss;2026-05-04 04:52:53;;
4847569546;emlaa1;bo26-entokb-01;odu2-1-2-18-l1 odu2 nend rcv;pa;;;;server signal failure;2026-04-08 18:13:36;;
4847569543;emlaa1;bo26-entokb-01;och-1-2-4-c1 och nend rcv;pa;;;entokb    entokb    eg/10g001 13+entokb    entokb    tpondr001 01;loss of signal;2026-04-08 18:13:35;;
4847569544;emlaa1;bo26-entokb-01;och-1-2-17-c1 och nend rcv;pa;;;entokb    entokb    eg/10g002 13+entokb    entokb    tpondr002 01;loss of signal;2026-04-08 18:13:35;;
4847569547;emlaa1;bo26-entokb-01;trbdport-1-2-4-c1-in eqpt nend;pa;;;;power loss;2026-04-08 18:13:35;;
4847569548;emlaa1;bo26-entokb-01;trbdport-1-2-17-c1-in eqpt nend;pa;;;;power loss;2026-04-08 18:13:35;;
4847569545;emlaa1;bo26-entokb-01;och-1-2-18-l1 och nend rcv;pa;;;;loss of signal;2026-04-08 18:13:34;;
4847569549;emlaa1;bo26-entokb-01;bmdxport-1-1-4-c5-in eqpt nend;pa;;;;power loss;2026-04-08 18:11:10;;
4851003213;emlaa1;lm26-siskb-03;odu2-1-2-4-l1 odu2 nend rcv;ma;santa ines;98;;server signal failure;2026-03-21 02:12:55;;
4851003214;emlaa1;lm26-siskb-03;och-1-2-4-l1 och nend rcv;ma;santa ines;98;autodisc-lm26-siskb-03/trbd1191-och-1-2-4-l1_cmdx1012-omsochif-1-2-2-c7;loss of signal;2026-03-21 02:12:55;;
4851003215;emlaa1;lm26-siskb-03;trbdport-1-2-4-l1-in eqpt nend;ma;santa ines;98;;power loss;2026-03-21 02:12:55;;
4850905571;emlaa1;lm26-siskb-03;cbr10g-1-1-17-c1 cbr10g nend rcv;ma;santa ines;98;;generic alarm indication signal;2026-03-20 21:09:19;;
4850684928;emlaa1;lm26-siskb-03;otu-1-1-14-l1 otu nend rcv;ma;santa ines;98;;loss of frame;2026-03-20 09:32:30;;
4850761764;emlaa1;lm26-siskb-03;odu2-1-1-14-l1 odu2 nend rcv;ma;santa ines;98;;server signal failure;2026-03-19 07:52:33;;
4848505785;emlaa1;lm26-siskb-03;otu-1-1-15-l1 otu nend rcv;ma;santa ines;98;;low threshold correction error rate;2026-03-13 16:00:28;;
4848505791;emlaa1;lm26-siskb-03;cbr10g-1-2-18-l1 cbr10g nend rcv;ma;santa ines;98;;generic alarm indication signal;2026-03-13 15:41:03;;
4848505794;emlaa1;lm26-siskb-03;gbe10wane-1-1-10-l1 gbe10wane nend rcv;ma;santa ines;98;;trail trace identifier mismatch;2026-03-13 15:41:03;;
4848505795;emlaa1;lm26-siskb-03;odu2-1-3-4-l1 odu2 nend rcv;ma;santa ines;98;;payload locked;2026-03-13 15:41:02;;
4846082874;emlaa1;lm26-pqiafc-01;alct-1-1-6 eqpt nend;ma;pequia - acailandia;;;hardware failure;2026-03-06 22:55:41;;
4846082875;emlaa1;lm26-pqiafc-01;och-1-1-12-c1 och nend rcv;ma;pequia - acailandia;;lm26_pqiafc-01 1-1-12-c1_lm26-pqiafc-02 1-1-12-c1;loss of signal;2026-03-02 16:52:12;;
4846082876;emlaa1;lm26-pqiafc-01;trbcport-1-1-12-c1-in eqpt nend;ma;pequia - acailandia;;;power loss;2026-03-02 16:52:12;;
4846082540;emlaa1;bo26-cahbr-01;gbe10e-1-2-14-l1 gbe10e nend rcv;pa;castanhal;91;;generic alarm indication signal;2026-02-25 11:59:42;;
4846082542;emlaa1;bo26-cahbr-01;gbe10e-1-2-16-l1 gbe10e nend rcv;pa;castanhal;91;;generic alarm indication signal;2026-02-25 11:59:42;;
4848505742;emlaa1;lm26-siskb-03;trbdport-1-2-15-l1-in eqpt nend;ma;santa ines;98;;power loss;2026-02-22 13:18:04;;
4848505743;emlaa1;lm26-siskb-03;och-1-2-15-l1 och nend rcv;ma;santa ines;98;autodisc-lm26-siskb-03/trbd1191-och-1-2-15-l1_cmdx1012-omsochif-1-2-19-c5;loss of signal;2026-02-22 13:18:04;;
4846082544;emlaa1;bo26-cahbr-01;trbdport-1-2-16-c1-in eqpt nend;pa;castanhal;91;;power loss;2026-02-11 13:38:31;;
4846082545;emlaa1;bo26-cahbr-01;och-1-2-15-c1 och nend rcv;pa;castanhal;91;;loss of signal;2026-01-27 15:51:18;;
4846082546;emlaa1;bo26-cahbr-01;trbdport-1-2-15-c1-in eqpt nend;pa;castanhal;91;;power loss;2026-01-27 15:51:17;;
4848505747;emlaa1;lm26-siskb-03;fan-1-3-41 eqpt nend;ma;santa ines;98;;heater problem;2026-01-27 09:15:12;;
4848505754;emlaa1;lm26-siskb-03;och-1-2-12-c1 och nend rcv;ma;santa ines;98;v_lm26-siskb-01 1-2-12-c1;loss of signal;2026-01-27 08:15:00;;
4848505756;emlaa1;lm26-siskb-03;och-1-2-13-c1 och nend rcv;ma;santa ines;98;sis kb    sis kb    tpondr020;loss of signal;2026-01-27 08:15:00;;
4848505758;emlaa1;lm26-siskb-03;odu2-1-2-12-l1 odu2 nend rcv;ma;santa ines;98;;server signal failure;2026-01-27 08:15:00;;
4848505726;emlaa1;lm26-siskb-03;trbcport-1-2-6-c2-in eqpt nend;ma;santa ines;98;;power loss;2026-01-27 08:15:00;;
4848505725;emlaa1;lm26-siskb-03;gbe10e-1-2-17-c1 gbe10e nend rcv;ma;santa ines;98;;generic alarm indication signal;2026-01-27 08:14:59;;
4848505728;emlaa1;lm26-siskb-03;trbdport-1-2-13-c1-in eqpt nend;ma;santa ines;98;;power loss;2026-01-27 08:14:59;;
4848505729;emlaa1;lm26-siskb-03;trbdport-1-2-3-c1-in eqpt nend;ma;santa ines;98;;power loss;2026-01-27 08:14:58;;
4848505731;emlaa1;lm26-siskb-03;trbdport-1-2-4-c1-in eqpt nend;ma;santa ines;98;;power loss;2026-01-27 08:14:58;;
4848505732;emlaa1;lm26-siskb-03;com com nend;ma;santa ines;98;;the esct protection is no longer active;2026-01-27 08:13:25;;
4848505700;emlaa1;lm26-siskb-03;trbcport-1-1-13-c3-in eqpt nend;ma;santa ines;98;;power loss;2026-01-27 08:13:24;;
4848505697;emlaa1;lm26-siskb-03;cbr2g5-1-1-13-c2 cbr2g5 nend rcv;ma;santa ines;98;;server signal failure;2026-01-27 08:13:23;;
4848505701;emlaa1;lm26-siskb-03;trbdport-1-1-18-c1-in eqpt nend;ma;santa ines;98;;power loss;2026-01-27 08:13:23;;
4848505702;emlaa1;lm26-siskb-03;gbee-1-1-10-l1-1 gbee nend rcv;ma;santa ines;98;;generic alarm indication signal;2026-01-27 08:13:23;;
4848505703;emlaa1;lm26-siskb-03;gbee-1-1-10-l1-2 gbee nend rcv;ma;santa ines;98;;generic alarm indication signal;2026-01-27 08:13:23;;
4848505709;emlaa1;lm26-siskb-03;ethcport-1-1-10-c6-in eqpt nend;ma;santa ines;98;;power loss;2026-01-27 08:13:23;;
4848505733;emlaa1;lm26-siskb-03;och-1-1-10-c1 och nend rcv;ma;santa ines;98;sis kb    sis kb    ethg  001;loss of signal;2026-01-27 08:13:23;;
4848505734;emlaa1;lm26-siskb-03;och-1-1-10-c2 och nend rcv;ma;santa ines;98;sis kb    sis kb    ethg  001;loss of signal;2026-01-27 08:13:23;;
4848505737;emlaa1;lm26-siskb-03;och-1-1-10-c7 och nend rcv;ma;santa ines;98;sis kb    sis kb    ethg  001;loss of signal;2026-01-27 08:13:23;;
4848505738;emlaa1;lm26-siskb-03;och-1-1-13-c1 och nend rcv;ma;santa ines;98;gfgfgfgfg;loss of signal;2026-01-27 08:13:23;;
4848505739;emlaa1;lm26-siskb-03;och-1-1-13-c2 och nend rcv;ma;santa ines;98;v_lm26-siskb-03  1-1-13-c2;loss of signal;2026-01-27 08:13:23;;
4848505699;emlaa1;lm26-siskb-03;trbcport-1-1-13-c2-in eqpt nend;ma;santa ines;98;;power loss;2026-01-27 08:13:22;;
4848505704;emlaa1;lm26-siskb-03;gbee-1-1-10-l1-6 gbee nend rcv;ma;santa ines;98;;generic alarm indication signal;2026-01-27 08:13:22;;
4848505735;emlaa1;lm26-siskb-03;och-1-1-10-c3 och nend rcv;ma;santa ines;98;v_lm26-siskb-03  1-1-10-c3;loss of signal;2026-01-27 08:13:22;;
4848505736;emlaa1;lm26-siskb-03;och-1-1-10-c6 och nend rcv;ma;santa ines;98;sis kb    sis kb    ethg  001;loss of signal;2026-01-27 08:13:22;;
4848505687;emlaa1;lm26-siskb-03;odu2-1-3-4-c1 odu2 nend rcv;ma;santa ines;98;;backward defect indication;2026-01-27 08:11:26;;
4846082882;emlaa1;lm26-pqiafc-01;gbe10e-1-3-8-l1 gbe10e nend rcv;ma;pequia - acailandia;;;generic alarm indication signal;2026-01-17 14:25:12;;
4846082878;emlaa1;lm26-pqiafc-01;cmdxport-1-3-2-c8-in eqpt nend;ma;pequia - acailandia;;;power loss;2026-01-17 14:25:11;;
4846082879;emlaa1;lm26-pqiafc-01;omsochif-1-3-2-c8 omsochif nend trmt;ma;pequia - acailandia;;;underlying resource is unavailable;2026-01-17 14:25:10;;
4846082885;emlaa1;lm26-pqiafc-01;ocpu-1-3-6 eqpt nend;ma;pequia - acailandia;;;improper removal;2026-01-17 14:25:09;;
4846082886;emlaa1;lm26-pqiafc-01;och-1-1-13-c1 och nend rcv;ma;pequia - acailandia;;;loss of signal;2026-01-17 14:24:58;;
4846082887;emlaa1;lm26-pqiafc-01;och-1-1-14-c1 och nend rcv;ma;pequia - acailandia;;v_lm26-pqiafc-01 1-1-14-c1;loss of signal;2026-01-17 14:24:58;;
4846082888;emlaa1;lm26-pqiafc-01;och-1-1-14-c2 och nend rcv;ma;pequia - acailandia;;v_lm26-pqiafc-01 1-1-14-c2;loss of signal;2026-01-17 14:24:58;;
4846082889;emlaa1;lm26-pqiafc-01;och-1-1-17-l1 och nend rcv;ma;pequia - acailandia;;;loss of signal;2026-01-17 14:24:58;;
4846082893;emlaa1;lm26-pqiafc-01;trbdport-1-1-13-c1-in eqpt nend;ma;pequia - acailandia;;;power loss;2026-01-17 14:24:57;;
4846082924;emlaa1;lm26-pqiafc-01;och-1-2-16-c1 och nend;ma;pequia - acailandia;;pqiafc    pqiafc    tpondr056;underlying resource is unavailable;2026-01-17 14:24:34;;
4846082925;emlaa1;lm26-pqiafc-01;odu2-1-2-16-l1 odu2 nend;ma;pequia - acailandia;;;server signal failure;2026-01-17 14:24:33;;
4846082548;emlaa1;bo26-cahbr-01;trbdport-1-2-14-c1-in eqpt nend;pa;castanhal;91;;power loss;2025-10-24 01:08:54;;
4846082547;emlaa1;bo26-cahbr-01;och-1-2-14-c1 och nend rcv;pa;castanhal;91;;loss of signal;2025-10-24 01:08:53;;
4846082564;emlaa1;bo26-cahbr-01;trbdport-1-2-18-c1-in eqpt nend;pa;castanhal;91;;power loss;2025-08-13 10:07:47;;
4846082563;emlaa1;bo26-cahbr-01;odu2-1-2-18-c1 odu2 nend rcv;pa;castanhal;91;;server signal failure;2025-08-13 10:07:46;;
4846082550;emlaa1;bo26-cahbr-01;och-1-2-18-c1 och nend rcv;pa;castanhal;91;;loss of signal;2025-08-13 10:07:46;;
4846082565;emlaa1;bo26-cahbr-01;esctport-1-2-1-eth4 eqpt nend;pa;castanhal;91;;management lan;2025-08-13 10:07:45;;
4846082566;emlaa1;bo26-cahbr-01;omsband-1-1-3-l1-f191950 omsband nend trmt;pa;castanhal;91;;underlying resource is unavailable;2025-08-13 10:05:20;;
4846082538;emlaa1;bo26-cahbr-01;esctport-1-1-1-eth3 eqpt nend;pa;castanhal;91;;management lan;2025-08-13 10:05:19;;
4846082539;emlaa1;bo26-cahbr-01;bmdxport-1-1-3-c10-in eqpt nend;pa;castanhal;91;;power loss;2025-08-13 10:05:18;;
4850756869;zenicone;prpns11-rmp01;smgd[0-1-1]-25ge:17(nni | prpns01-rmp01 xxvgei-1/1/0/17 | claro | mw-rot | radio-prpns11-prpns01)-subport:1501(nni | prpns01-rmp01 xxvgei-1/1/0/17 | claro | mw-rot | radio-prpns11-prpns01)-cfm[vlanid:1501 mdid:1 maid:1 mepid:1501 testid:0 measuretype:0];ma;pirapemas;98;;connectivity fault management receiving bnms with degradation conditions to reduce the rate of traffic;2026-07-28 22:45:01;;
4850753694;zenicone;prpng11-rmp01;smgd[0-1-1]-10ge:6(uni|eompls|localiza rent a car|png/ip/00476|bld);ma;pirapemas;98;;ethernet physical (etpi) input optical power(dbm) threshold crossed;2026-07-28 22:42:50;;
4850746200;zenicone;prplm02-rmp01;smgd[0-1-1];ma;pirapemas;98;;sets frequency offset of current clock(ppm) threshold crossed;2026-07-28 22:25:50;;
4850726165;zenicone;prpng03-rmp01;smgd[0-1-1]-10ge:6(uni|acesso|edd|eth0|gerencia4|ssd364040);ma;pirapemas;98;;ethernet physical (etpi) port down;2026-07-28 21:26:02;;
4850724745;zenicone;prpng07-rmp01;smgd[0-1-1]-25ge:14(nni | prpng03-rmp01 xxvgei-1/1/0/16 | amx | fo | prpng13-01);ma;pirapemas;98;;ethernet physical (etpi) input optical power(dbm) threshold crossed;2026-07-28 21:06:30;;
4850714042;zenicone;prpgo11-rmp01;smgd[0-1-1]-10ge:4(uni|acesso|edd|eth0|gerencia2|ssd636507);ma;pirapemas;98;;ethernet physical (etpi) input optical power(dbm) threshold crossed;2026-07-28 20:23:11;;
4850708354;zenicone;prpng15-rmp01;smgd[0-1-1]-10ge:1(uni|unificado|prpng15|huawei);ma;pirapemas;98;;ethernet physical (etpi) port down;2026-07-28 19:57:45;;
4850595911;zenicone;prpng03-rmp01;smgd[0-1-1]-10ge:4(uni|acesso|edd|eth0|gerencia2|ssd364040);ma;pirapemas;98;;ethernet physical (etpi) port down;2026-07-28 14:37:29;;
4850587524;zenicone;prpgo34-rmp01;smgd[0-1-1]-10ge:9(uni|acesso|edd|eth0|gerencia8|ssd1128202);ma;pirapemas;98;;ethernet physical (etpi) port down;2026-07-28 14:03:36;;
4850586785;zenicone;prpgo34-rmp01;smgd[0-1-1]-10ge:8(uni|acesso|edd|eth0|gerencia7|ssd977313);ma;pirapemas;98;;ethernet physical (etpi) port down;2026-07-28 14:00:18;;
4850730480;zenicone;prpns01-rmp01;smgd[0-1-1]-25ge:17(nni | prpns11-rmp01 xxvgei-1/1/0/17 | claro | mw-rot | radio-prpns11-prpns01- em ativacao)-subport:1501(nni | prpns11-rmp01 te0/0/24 | claro | mw-rot | radio-prpns11-prpns0)-cfm[vlanid:1501 mdid:2 maid:2 mepid:1501 testid:2147483647];ma;pirapemas;98;;connectivity fault management receiving bnms with degradation conditions to reduce the rate of traffic;2026-07-28 13:23:47;;
4850580859;zenicone;prpgo09-rmp01;smgd[0-1-1]-10ge:8(uni|acesso|edd|eth0|gerencia6|ssd458175);ma;pirapemas;98;;ethernet physical (etpi) port down;2026-07-28 13:07:31;;
4850568084;zenicone;prpgo34-rmp01;smgd[0-1-1]-10ge:5(uni|acesso|edd|eth0|gerencia4|ssd977313);ma;pirapemas;98;;ethernet physical (etpi) port down;2026-07-28 12:27:10;;
4850722727;zenicone;rsilp01-rmp01;smgd[0-1-1]-25ge:16(nni | rsavz01-rma01 te0/0/14 | amx | fo | rsavz01-01);ma;rosario;98;;ethernet physical (etpi) input optical power(dbm) threshold crossed;2026-07-28 12:14:54;;
4850722728;zenicone;rsilp01-rmp01;smgd[0-1-1]-10ge:2(uni|acesso|edd|eth0|gerencia1|ssd903766);ma;rosario;98;;ethernet physical (etpi) los;2026-07-28 12:14:54;;
4850660681;zenicone;prpbc1e-rmd02;rpn-10xgl-h-virtual[0-0-4-0]-10ge:4(nni | prfnb13-rmp01 gi0/0/10 | amx | fo | prfnb03-prpbc1e-01);ma;pirapemas;98;;ethernet physical (etpi) input optical power(dbm) threshold crossed;2026-07-28 10:07:42;;
4850659772;zenicone;prpgor2-rmp01;smgd[0-1-1]-25ge:14(nni | prpgor1-rma01 gi0/0/10 | claro | mw-rot | radio-prpgor2-prpgor1)-cfm[vlanid:-1 mdid:1 maid:1 mepid:1201 testid:0 measuretype:0];ma;pirapemas;98;;connectivity fault management receiving bnms with degradation conditions to reduce the rate of traffic;2026-07-28 10:05:24;;
4850532163;zenicone;prpgo57-rmp01;smgd[0-1-1]-10ge:5(uni|acesso|edd|eth0|gerencia4|ssd574479);ma;pirapemas;98;;ethernet physical (etpi) los;2026-07-28 09:40:22;;
4850522015;zenicone;prpgo14-rmp01;smgd[0-1-1]-25ge:18(uni|acesso|edd|eth0|gerencia2|ssd968835);ma;pirapemas;98;;ethernet physical (etpi) port down;2026-07-28 09:09:07;;
4850521575;zenicone;prpgo41-rmp01;smgd[0-1-1]-10ge:2(uni|acesso|edd|eth0|gerencia1|ssd974978);ma;pirapemas;98;;ethernet physical (etpi) port down;2026-07-28 09:08:22;;
4850522655;zenicone;prpgo39-rmp01;smgd[0-1-1]-10ge:4(uni|acesso|edd|eth0|gerencia3|ssd968212);ma;pirapemas;98;;ethernet physical (etpi) port down;2026-07-28 09:04:50;;
4850583357;zenicone;prpva04-rmp01;smgd[0-1-1]-10ge:3(uni|acesso|edd|eth0|gerencia2|ssd378777);ma;pirapemas;98;;ethernet physical (etpi) input optical power(dbm) threshold crossed;2026-07-28 05:26:24;;
4850296941;zenicone;prpng05-rmp01;smgd[0-1-1]-10ge:4(uni|acesso|edd|eth0|gerencia3|ssd620376);ma;pirapemas;98;;ethernet physical (etpi) los;2026-07-27 21:29:32;;
4850441529;zenicone;rsibd05-rmp01;smgd[0-1-1]-10ge:2(uni|nodeb|ursibd05|ericsson|252833);ma;rosario;98;;ethernet physical (etpi) port down;2026-07-27 20:26:35;;
4850218105;zenicone;prplm01-rmp01;smgd[0-1-1];ma;pirapemas;98;;sets frequency offset of current clock(ppm) threshold crossed;2026-07-27 17:45:41;;
4850156660;zenicone;prpgo34-rmp01;smgd[0-1-1]-10ge:3(uni|acesso|edd|eth0|gerencia2|ssd778320);ma;pirapemas;98;;ethernet physical (etpi) port down;2026-07-27 14:34:45;;
4850123536;zenicone;prpot01-rmp01;smgd[0-1-1]-10ge:8(uni|eompls|acessos direto claro|conexco direta - ssd247804);ma;pirapemas;98;;ethernet physical (etpi) port down;2026-07-27 12:32:22;;
4850106585;zenicone;prpgo16-rmp01;smgd[0-1-1]-25ge:16(nni | prpgo46-rmp01 xxvgei-1/1/0/16 | claro | mw-rot | radio-prpgo46-prpgo16)-subport:1102(nni | prpgo46-rmp01 xxvgei-1/1/0/16 | claro | mw-rot | radio-prpgo46-prpgo16)-cfm[vlanid:1102 mdid:1 maid:1 mepid:1102 testid:0 measuretype:0];ma;pirapemas;98;;connectivity fault management receiving bnms with degradation conditions to reduce the rate of traffic;2026-07-27 11:16:01;;
4850097821;zenicone;prpgo53-rmp01;smgd[0-1-1]-10ge:2(uni|acesso|edd|eth0|gerencia1|ssd846171);ma;pirapemas;98;;ethernet physical (etpi) port down;2026-07-27 10:48:32;;
4850094286;zenicone;prpgo16-rmp01;smgd[0-1-1]-10ge:2(uni|acesso|edd|eth0|gerencia1|ssd724479);ma;pirapemas;98;;ethernet physical (etpi) port down;2026-07-27 10:41:05;;
4850095347;zenicone;prpgo39-rmp01;smgd[0-1-1]-10ge:2(uni|acesso|edd|eth0|gerencia1|ssd846181);ma;pirapemas;98;;ethernet physical (etpi) los;2026-07-27 10:38:03;;
4850085346;zenicone;prpgo34-rmp01;smgd[0-1-1]-10ge:2(uni|acesso|edd|eth0|gerencia1|ssd778320);ma;pirapemas;98;;ethernet physical (etpi) port down;2026-07-27 10:34:49;;
4850056103;zenicone;prpgo36-rmp01;smgd[0-1-1]-10ge:5(uni|acesso|edd|eth0|gerencia4|ssd530252);ma;pirapemas;98;;ethernet physical (etpi) los;2026-07-27 08:59:01;;
4849963262;zenicone;prper02-rmp01;;ma;pirapemas;98;;ptp node time unlock;2026-07-27 04:17:32;;
4849881296;zenicone;prpgo15-rmd02;rpn-08ge-sfp-s-virtual[0-0-4-0]-ge:3(nni | prpho01-rma01 gi0/5 | embratel | capacidade | phoph1pgotldp*v0008 | prpgo15-prpho01-03);ma;pirapemas;98;;ethernet physical (etpi) send bandwidth usage rate threshold crossed;2026-07-27 00:30:30;;
4849935386;zenicone;prpns08-rmp01;ldp[nbaddr:10.209.0.87 labelspace:0 localaddr:10.209.108.136 locallabel:0];ma;pirapemas;98;;ldp neighbour down alarm;2026-07-26 18:48:49;;
4849660111;zenicone;prpgo11-rmp01;smgd[0-1-1]-10ge:3(uni|acesso|edd|eth0|gerencia1|ssd636507);ma;pirapemas;98;;ethernet physical (etpi) los;2026-07-26 13:44:49;;
4849627485;zenicone;prpng01-rmp01;smgd[0-1-1]-10ge:8(uni|acesso|edd|eth0|gerencia3|ssd472396);ma;pirapemas;98;;ethernet physical (etpi) los;2026-07-26 11:24:34;;
4849633847;zenicone;prpgo24-rmc01;ldp[nbaddr:10.209.0.40 labelspace:0 localaddr:10.209.0.115 locallabel:0];ma;pirapemas;98;;ldp neighbour down alarm;2026-07-26 04:31:17;;
4849472949;zenicone;prpot01-rmp01;smgd[0-1-1]-10ge:9(uni|eompls|acessos direto claro|conexco direta - ssd247804);ma;pirapemas;98;;ethernet physical (etpi) port down;2026-07-26 02:58:12;;
4849474709;zenicone;prpng07-rmp01;smgd[0-1-1]-10ge:4(uni|acesso|edd|eth0|gerencia3|ssd670229);ma;pirapemas;98;;ethernet physical (etpi) los;2026-07-26 02:51:21;;
4849458313;zenicone;prpng01-rmp01;smgd[0-1-1]-10ge:4(uni|acesso|edd|eth0|gerencia5|ssd472396);ma;pirapemas;98;;ethernet physical (etpi) input optical power(dbm) threshold crossed;2026-07-26 01:29:27;;
4849458314;zenicone;prpng01-rmp01;smgd[0-1-1]-10ge:6(uni|acesso|edd|eth0|gerencia1|ssd472396);ma;pirapemas;98;;ethernet physical (etpi) los;2026-07-26 01:29:27;;
4849458315;zenicone;prpng01-rmp01;smgd[0-1-1]-10ge:7(uni|acesso|edd|eth0|gerencia2|ssd472396);ma;pirapemas;98;;ethernet physical (etpi) port down;2026-07-26 01:29:27;;
4849432809;zenicone;prpng07-rmp01;smgd[0-1-1]-25ge:16(nni | prpng01-rmp01 xxvgei-1/1/0/14 | amx | fo | prpng13-01)-ospf[rmtrtid:10.209.97.67 localrtaddr:10.209.97.89 addrtype:1 processid:297 areaid:0.0.1.41];ma;pirapemas;98;;ospf neighbour down alarm;2026-07-26 00:31:55;;
4849432812;zenicone;prpng07-rmp01;smgd[0-1-1]-25ge:16(nni | prpng01-rmp01 xxvgei-1/1/0/14 | amx | fo | prpng13-01);ma;pirapemas;98;;ethernet physical (etpi) los;2026-07-26 00:31:55;;
4849423013;zenicone;prpgo38-rmp01;smgd[0-1-1]-25ge:14(nni | prpgo53-rmp01 xxvgei-1/1/0/16| fo | claro |prpgo15-12);ma;pirapemas;98;;ethernet physical (etpi) port down;2026-07-26 00:00:17;;
4849423018;zenicone;prpgo38-rmp01;smgd[0-1-1]-25ge:14(nni | prpgo53-rmp01 xxvgei-1/1/0/16| fo | claro |prpgo15-12)-ospf[rmtrtid:10.209.103.193 localrtaddr:10.209.103.214 addrtype:1 processid:296 areaid:0.0.1.40];ma;pirapemas;98;;ospf neighbour down alarm;2026-07-26 00:00:17;;
4849423760;zenicone;prpgo15-rmd02;bgp[nbaddr:10.209.103.193];ma;pirapemas;98;;bgp neighbour down alarm;2026-07-25 23:56:58;;
4849423009;zenicone;prpgo53-rmp01;pw1dc[0-1-3]-brdvol[powerline:a];ma;pirapemas;98;;board voltage input undervoltage;2026-07-25 23:54:26;;
4849422891;zenicone;prpgo53-rmp01;pw1dc[0-1-4]-brdvol[powerline:a];ma;pirapemas;98;;board voltage input undervoltage;2026-07-25 23:54:16;;
4849423011;zenicone;prpgo39-rmp01;smgd[0-1-1]-25ge:16(nni | prpgo53-rmp01 xxvgei-1/1/0/14 | fo | claro |prpgo15-12);ma;pirapemas;98;;ethernet physical (etpi) los;2026-07-25 23:47:54;;
4849423012;zenicone;prpgo39-rmp01;smgd[0-1-1]-25ge:16(nni | prpgo53-rmp01 xxvgei-1/1/0/14 | fo | claro |prpgo15-12)-ospf[rmtrtid:10.209.103.193 localrtaddr:10.209.103.226 addrtype:1 processid:296 areaid:0.0.1.40];ma;pirapemas;98;;ospf neighbour down alarm;2026-07-25 23:47:53;;
4849519019;zenicone;prpye01-rmp01;ldp[nbaddr:10.209.68.198 labelspace:0 localaddr:10.209.68.196 locallabel:0];ma;pirapemas;98;;ldp neighbour down alarm;2026-07-25 21:37:41;;
4849519022;zenicone;prpye02-rmp01;smgd[0-1-1]-25ge:16(nni | prpye01-rmp01 xxvgei-1/1/0/16 | amx | fo | prcph06-prsjp06-02);ma;pirapemas;98;;ethernet physical (etpi) input optical power(dbm) threshold crossed;2026-07-25 21:32:30;;
4849234064;zenicone;prpot01-rmp01;smgd[0-1-1]-25ge:27(nni | prpot05-rmp01 xxvgei-1/1/0/13 | claro | mw-rot | radio-prpot05-prpot01)-subport:1801(nni | prpot05-rmp01 xxvgei-1/1/0/13 | claro | mw-rot | radio-prpot05-prpot01)-cfm[vlanid:1801 mdid:9 maid:9 mepid:1801 testid:0 measuretype:0];ma;pirapemas;98;;connectivity fault management unexpected mep id;2026-07-25 14:10:50;;
4849195329;zenicone;prpot01-rmp01;smgd[0-1-1]-25ge:25(nni | prpot04-rmp01 xxvgei-1/1/0/14  | claro | mw-rot | radio-prpot04-prpot01)-subport:1601(nni | prpot04-rmp01 xxvgei-1/1/0/14  | claro | mw-rot | radio-prpot04-prpot01)-cfm[vlanid:1601 mdid:6 maid:6 mepid:1601 testid:0 measuretype:0];ma;pirapemas;98;;connectivity fault management receiving bnms with degradation conditions to reduce the rate of traffic;2026-07-25 11:42:21;;
4849192598;zenicone;prpgo37-rmp01;smgd[0-1-1]-10ge:2(uni|eompls|banco do brasil sa |cdq/ip/00108|ip vpn);ma;pirapemas;98;;ethernet physical (etpi) port down;2026-07-25 11:07:58;;
4849142094;zenicone;prpng15-rmp01;smgd[0-1-1]-10ge:4(uni|acesso|edd|eth0|gerencia3|ssd412592);ma;pirapemas;98;;ethernet physical (etpi) input optical power(dbm) threshold crossed;2026-07-25 08:09:11;;
4849139287;zenicone;prpng15-rmp01;smgd[0-1-1]-10ge:3(uni|acesso|edd|eth0|gerencia2|ssd412592);ma;pirapemas;98;;ethernet physical (etpi) port down;2026-07-25 07:59:48;;
4849117088;zenicone;prpot01-rmp01;smgd[0-1-1]-10ge:6(uni|eompls|acessos direto claro|conexco direta - ssd247804);ma;pirapemas;98;;ethernet physical (etpi) port down;2026-07-25 07:24:29;;
4849117090;zenicone;prpot01-rmp01;smgd[0-1-1]-25ge:27(nni | prpot05-rmp01 xxvgei-1/1/0/13 | claro | mw-rot | radio-prpot05-prpot01);ma;pirapemas;98;;ethernet physical (etpi) port down;2026-07-25 07:24:29;;
4849115903;zenicone;prpot01-rmp01;smgd[0-1-1]-25ge:29(nni | prpot06-rmp01 xxvgei-1/1/0/14 | claro | mw-rot | radio-prpot06-prpot01)-subport:1701(nni | prpot06-rmp01 xxvgei-1/1/0/14 | claro | mw-rot | radio-prpot06-prpot01)-cfm[vlanid:1701 mdid:8 maid:8 mepid:1701 testid:0 measuretype:0];ma;pirapemas;98;;connectivity fault management unexpected mep id;2026-07-25 07:21:31;;
4849115901;zenicone;prpot01-rmp01;smgd[0-1-1]-25ge:13(nni | prtrx01-rmp01 xxvgei-1/1/0/16 | claro | mw-rot | radio-prtrx01-prpot01)-cfm[vlanid:-1 mdid:1 maid:1 mepid:1501 testid:0 measuretype:0];ma;pirapemas;98;;connectivity fault management unexpected mep id;2026-07-25 07:21:29;;
4849115904;zenicone;prpot01-rmp01;smgd[0-1-1]-25ge:14(nni | prtrx01-rmp01 xxvgei-1/1/0/20 | claro | mw-rot | radio-prtrx01-prpot01)-cfm[vlanid:-1 mdid:2 maid:2 mepid:1502 testid:0 measuretype:0];ma;pirapemas;98;;connectivity fault management unexpected mep id;2026-07-25 07:21:29;;
4849115900;zenicone;prpot01-rmp01;smgd[0-1-1]-25ge:26(nni | prpot03-rmp01 xxvgei-1/1/0/26 | claro | mw-rot |prpot03-prpot01)-subport:1201(nni | prpot01-rmp01 xxvgei-1/1/0/26 | claro | mw-rot |prpot03-prpot01)-cfm[vlanid:1201 mdid:7 maid:7 mepid:1201 testid:0 measuretype:0];ma;pirapemas;98;;connectivity fault management unexpected mep id;2026-07-25 07:21:22;;
4849115968;zenicone;prpot06-rmp01;smgd[0-1-1]-25ge:14(nni | prpot01-rmp01 xxvgei-1/1/0/29 | claro | mw-rot | radio-prpot06-prpot01)-subport:1701(nni | prpot01-rmp01 xxvgei-1/1/0/29 | claro | mw-rot | radio-prpot06-prpot01)-cfm[vlanid:1701 mdid:1 maid:1 mepid:1701 testid:0 measuretype:0];ma;pirapemas;98;;connectivity fault management unexpected mep id;2026-07-25 07:08:25;;
4849115969;zenicone;prpot03-rmp01;smgd[0-1-1]-25ge:13(nni | prpot01-rmp01 xxvgei-1/1/0/26 | claro | mw-rot |prpot03-prpot01)-subport:1201(nni | prpot01-rmp01 xxvgei-1/1/0/26 | claro | mw-rot |prpot03-prpot01)-cfm[vlanid:1201 mdid:7 maid:7 mepid:1201 testid:0 measuretype:0];ma;pirapemas;98;;connectivity fault management unexpected mep id;2026-07-25 06:59:11;;
4849105974;zenicone;prpot01-rmp01;smgd[0-1-1]-25ge:17(nni | pripo01-rmp01 gi0/0/0/15 | claro | mw-rot | radio-prpot01-pripo01);ma;pirapemas;98;;ethernet physical (etpi) interface layer2 down;2026-07-25 06:48:08;;
4849105976;zenicone;prpot01-rmp01;smgd[0-1-1]-25ge:18(nni | pripo01-rmp01 gi0/0/0/17 | claro | mw-rot | radio-prpot01-pripo01);ma;pirapemas;98;;ethernet physical (etpi) interface layer2 down;2026-07-25 06:48:08;;
4849102609;zenicone;prpot01-rmp01;smgd[0-1-1]-25ge:27(nni | prpot05-rmp01 xxvgei-1/1/0/13 | claro | mw-rot | radio-prpot05-prpot01)-subport:1801(nni | prpot05-rmp01 xxvgei-1/1/0/13 | claro | mw-rot | radio-prpot05-prpot01)-ospf[rmtrtid:10.224.88.4 localrtaddr:10.224.88.49 addrtype:1 processid:318 areaid:0.0.1.62];ma;pirapemas;98;;ospf neighbour down alarm;2026-07-25 06:09:45;;
4849234200;zenicone;prpot05-rmp01;smgd[0-1-1]-25ge:13(nni | prpot01-rmp01 xxvgei-1/1/0/27 | claro | mw-rot | radio-prpot05-prpot01)-subport:1801(nni | prpot01-rmp01 xxvgei-1/1/0/27 | claro | mw-rot | radio-prpot05-prpot01)-cfm[vlanid:1801 mdid:1 maid:1 mepid:1801 testid:0 measuretype:0];ma;pirapemas;98;;connectivity fault management unexpected mep id;2026-07-25 05:56:19;;
4849222347;zenicone;prpns09-rmp01;smgd[0-1-1]-25ge:20(nni | prpqa18-rmp01 xxvgei-1/1/0/16  | embratel | fo | prccj13-04);ma;pirapemas;98;;ethernet physical (etpi) input optical power(dbm) threshold crossed;2026-07-25 05:09:53;;
4849054125;zenicone;prpot01-rmp01;smgd[0-1-1]-10ge:10(uni|acesso|edd|eth0|gerencia1|ssd878985);ma;pirapemas;98;;ethernet physical (etpi) port down;2026-07-25 03:29:26;;
4849181186;zenicone;prpml01-rmp01;smgd[0-1-1]-10ge:6(uni|acesso|edd|eth0|gerencia5|ssd444637);ma;pirapemas;98;;ethernet physical (etpi) input optical power(dbm) threshold crossed;2026-07-25 01:35:15;;
4848859386;zenicone;prplm01-rmp01;smgd[0-1-1]-25ge:14(nni | prcld01-rmp01 xxvgei-1/1/0/24 | amx | fo | prpbc1e-05);ma;pirapemas;98;;ethernet physical (etpi) los;2026-07-24 19:18:22;;
4848859137;zenicone;prplm01-rmp01;smgd[0-1-1]-25ge:14(nni | prcld01-rmp01 xxvgei-1/1/0/24 | amx | fo | prpbc1e-05)-ospf[rmtrtid:10.224.6.194 localrtaddr:10.224.6.234 addrtype:1 processid:294 areaid:0.0.1.38];ma;pirapemas;98;;ospf neighbour down alarm;2026-07-24 19:17:33;;
4849036658;zenicone;prpgo54-rmp01;smgd[0-1-1]-10ge:2(uni|acesso|edd|eth0|gerencia1|ssd535914);ma;pirapemas;98;;ethernet physical (etpi) input optical power(dbm) threshold crossed;2026-07-24 18:49:08;;
4848865852;zenicone;prpng14-rmp01;smgd[0-1-1]-10ge:3(uni|acesso|embratel|dcn|gerencia2|ssd372949);ma;pirapemas;98;;ethernet physical (etpi) port down;2026-07-24 11:24:26;;
4848831757;zenicone;prpva03-rmp01;smgd[0-1-1]-25ge:29(nni | prpva04-rmp01 xxvgei-1/1/0/29 | amx | fo | prpva01-02);ma;pirapemas;98;;ethernet physical (etpi) distance of optical module mismatch with port;2026-07-24 09:52:28;;
4848831758;zenicone;prpva03-rmp01;smgd[0-1-1]-10ge:4(uni|acesso|edd|eth0|gerencia1|ssd979583);ma;pirapemas;98;;ethernet physical (etpi) los;2026-07-24 09:52:28;;
4848735935;zenicone;prpqa04-rmp01;smgd[0-1-1]-25ge:14(nni | prqbs01-rmp01 xxvgei-1/1/0/14 | embratel | fo | prcce54-prccj13-01);ma;pirapemas;98;;ethernet physical (etpi) distance of optical module mismatch with port;2026-07-24 04:33:00;;
4848715372;zenicone;prpns18-rmp01;ldp[nbaddr:10.209.42.1 labelspace:0 localaddr:10.209.42.4 locallabel:0];ma;pirapemas;98;;ldp neighbour down alarm;2026-07-24 03:19:32;;
4848715373;zenicone;prpns18-rmp01;ldp[nbaddr:10.209.42.5 labelspace:0 localaddr:10.209.42.4 locallabel:0];ma;pirapemas;98;;ldp neighbour down alarm;2026-07-24 03:19:32;;
4848708844;zenicone;prpqa18-rmp01;ldp[nbaddr:10.209.42.4 labelspace:0 localaddr:10.209.42.5 locallabel:0];ma;pirapemas;98;;ldp neighbour down alarm;2026-07-24 02:56:45;;
4848568390;zenicone;prpgo43-rmp01;smgd[0-1-1]-10ge:4(uni|acesso|edd|eth0|gerencia3|ssd931744);ma;pirapemas;98;;ethernet physical (etpi) los;2026-07-24 02:22:21;;
4848671108;zenicone;prpqa04-rmp01;[0-0-0]-0:0-lighttwamp[testid:2 sourceip:10.209.88.50 destionationip:10.209.88.49 8021ppriority:0 dscp:0];ma;pirapemas;98;;light twamp loss of connectivity;2026-07-24 00:52:42;;
4848481329;zenicone;prpgo15-rmd02;bgp[nbaddr:10.209.97.4];ma;pirapemas;98;;bgp neighbour down alarm;2026-07-23 22:23:01;;
4848314124;zenicone;prpgo36-rmp01;smgd[0-1-1]-10ge:3(uni|acesso|edd|eth0|gerencia2|ssd530252);ma;pirapemas;98;;ethernet physical (etpi) port down;2026-07-23 14:51:09;;
4848489173;zenicone;prpgo07-rmp01;smgd[0-1-1]-10ge:3(uni|acesso|edd|eth0|gerencia1|ssd901587);ma;pirapemas;98;;ethernet physical (etpi) port down;2026-07-23 14:48:55;;
4848472118;zenicone;prpng20-rmp01;ldp[nbaddr:10.209.0.68 labelspace:0 localaddr:10.224.88.2 locallabel:0];ma;pirapemas;98;;ldp neighbour down alarm;2026-07-23 13:57:35;;
4848469532;zenicone;prpng13-rmd02;ldp[nbaddr:10.224.88.2 labelspace:0 localaddr:10.209.0.68 locallabel:0];ma;pirapemas;98;;ldp neighbour down alarm;2026-07-23 13:51:01;;
4848286324;zenicone;prpgo36-rmp01;smgd[0-1-1]-10ge:2(uni|acesso|edd|eth0|gerencia1|ssd530252);ma;pirapemas;98;;ethernet physical (etpi) los;2026-07-23 12:59:00;;
4848369047;zenicone;prpng22-rmp01;ldp[nbaddr:10.209.0.109 labelspace:0 localaddr:10.224.88.1 locallabel:0];ma;pirapemas;98;;ldp neighbour down alarm;2026-07-23 09:22:01;;
4848369045;zenicone;prpng13-rmd01;rpn-10xgl-sfp+-s-virtual[0-0-5-0]-10ge:4(nni | prpng22-rmp01 xxvgei-1/1/0/16 | amx | fo | prpng13-09);ma;pirapemas;98;;ethernet physical (etpi) input optical power(dbm) threshold crossed;2026-07-23 09:21:55;;
4848346900;zenicone;prpdt01-rmd01;;ma;pirapemas;98;;ptp node time unlock;2026-07-23 08:18:31;;
4848320803;zenicone;prpgo24-rmc01;bgp[nbaddr:10.209.0.42];ma;pirapemas;98;;bgp neighbour down alarm;2026-07-23 07:26:25;;
4848320698;zenicone;prpgo24-rmc01;bgp[nbaddr:10.209.0.69];ma;pirapemas;98;;bgp neighbour down alarm;2026-07-23 07:25:58;;
4848320046;zenicone;prpgo24-rmc01;ldp[nbaddr:10.209.73.194 labelspace:0 localaddr:10.209.0.115 locallabel:0];ma;pirapemas;98;;ldp neighbour down alarm;2026-07-23 07:24:33;;
4848151350;zenicone;prpgo57-rmp01;smgd[0-1-1]-10ge:4(uni|acesso|edd|eth0|gerencia3|ssd574479);ma;pirapemas;98;;ethernet physical (etpi) los;2026-07-23 05:18:00;;
4847992711;zenicone;prplm02-rmp01;smgd[0-1-1]-25ge:20(nni | prplm05-rmp01 xxvgei-1/1/0/14 | claro | mw-rot | radio-prplm05-prplm02)-subport:1102(nni | prplm05-rmp01 xxvgei-1/1/0/14 | claro | mw-rot | radio-prplm05-prplm02)-linkbfd[localaddr:10.224.18.166 peeraddr:10.224.18.167];ma;pirapemas;98;;link bfd session down;2026-07-22 22:23:18;;
4847990776;zenicone;prplm02-rmp01;smgd[0-1-1]-25ge:20(nni | prplm05-rmp01 xxvgei-1/1/0/14 | claro | mw-rot | radio-prplm05-prplm02)-subport:1102(nni | prplm05-rmp01 xxvgei-1/1/0/14 | claro | mw-rot | radio-prplm05-prplm02)-cfm[vlanid:1102 mdid:2 maid:2 mepid:1102 testid:0 measuretype:0];ma;pirapemas;98;;connectivity fault management unexpected md level;2026-07-22 22:18:25;;
4847980799;zenicone;prplm02-rmp01;ldp[nbaddr:10.224.85.65 labelspace:0 localaddr:10.224.6.195 locallabel:0];ma;pirapemas;98;;ldp neighbour down alarm;2026-07-22 21:50:11;;
4847980728;zenicone;prplm02-rmp01;smgd[0-1-1]-25ge:17(nni | prplm12-rmp01 xxvgei-1/1/0/14 | claro | mw-rot | radio-prplm12-prplm02)-subport:1201(nni | prplm12-rmp01 xxvgei-1/1/0/14 | claro | mw-rot | radio-prplm12-prplm02)-ospf[rmtrtid:10.224.85.65 localrtaddr:10.224.85.69 addrtype:1 processid:294 areaid:0.0.1.38];ma;pirapemas;98;;ospf neighbour down alarm;2026-07-22 21:50:01;;
4847963489;zenicone;prplm02-rmp01;smgd[0-1-1]-25ge:17(nni | prplm12-rmp01 xxvgei-1/1/0/14 | claro | mw-rot | radio-prplm12-prplm02)-subport:1201(nni | prplm12-rmp01 xxvgei-1/1/0/14 | claro | mw-rot | radio-prplm12-prplm02)-linkbfd[localaddr:10.224.85.69 peeraddr:10.224.85.70];ma;pirapemas;98;;link bfd session down;2026-07-22 20:53:07;;
4847943415;zenicone;prpot01-rmp01;ldp[nbaddr:10.209.51.241 labelspace:0 localaddr:10.224.88.96 locallabel:0];ma;pirapemas;98;;ldp neighbour down alarm;2026-07-22 19:30:29;;
4847943412;zenicone;prpot01-rmp01;smgd[0-1-1]-25ge:18(nni | pripo01-rmp01 gi0/0/0/17 | claro | mw-rot | radio-prpot01-pripo01)-subport:1402(nni | pripo01-rmp01 gi0/0/0/17 | claro | mw-rot | radio-prpot01-pripo01)-ospf[rmtrtid:10.209.51.241 localrtaddr:10.224.22.170 addrtype:1 processid:318 areaid:0.0.1.62];ma;pirapemas;98;;ospf neighbour down alarm;2026-07-22 19:30:24;;
4847942085;zenicone;prpot01-rmp01;smgd[0-1-1]-25ge:17(nni | pripo01-rmp01 gi0/0/0/15 | claro | mw-rot | radio-prpot01-pripo01)-subport:1401(nni | pripo01-rmp01 gi0/0/0/15 | claro | mw-rot | radio-prpot01-pripo01)-ospf[rmtrtid:10.209.51.241 localrtaddr:10.224.22.166 addrtype:1 processid:318 areaid:0.0.1.62];ma;pirapemas;98;;ospf neighbour down alarm;2026-07-22 19:27:16;;
4847900011;zenicone;prplm02-rmp01;smgd[0-1-1]-25ge:17(nni | prplm12-rmp01 xxvgei-1/1/0/14 | claro | mw-rot | radio-prplm12-prplm02)-subport:1201(nni | prplm12-rmp01 xxvgei-1/1/0/14 | claro | mw-rot | radio-prplm12-prplm02)-cfm[vlanid:1201 mdid:3 maid:3 mepid:1201 testid:0 measuretype:0];ma;pirapemas;98;;connectivity fault management unexpected mep id;2026-07-22 17:45:50;;
4847833937;zenicone;prplm02-rmp01;smgd[0-1-1]-25ge:20(nni | prplm05-rmp01 xxvgei-1/1/0/14 | claro | mw-rot | radio-prplm05-prplm02)-subport:1102(nni | prplm05-rmp01 xxvgei-1/1/0/14 | claro | mw-rot | radio-prplm05-prplm02)-ospf[rmtrtid:10.224.18.161 localrtaddr:10.224.18.166 addrtype:1 processid:294 areaid:0.0.1.38];ma;pirapemas;98;;ospf neighbour down alarm;2026-07-22 14:30:27;;
4847925408;zenicone;prpng13-rmd02;rpn-08ge-sfp-s-virtual[0-0-3-0]-ge:4(uni|eompls|acessos direto claro|conexao direta - ssd 291122);ma;pirapemas;98;;ethernet physical (etpi) input optical power(dbm) threshold crossed;2026-07-22 10:52:13;;
4847721105;zenicone;prplm02-rmp01;smgd[0-1-1]-25ge:19(nni | prplm05-rmp01 xxvgei-1/1/0/13 | claro | mw-rot | radio-prplm05-prplm02)-subport:1101(nni | prplm05-rmp01 xxvgei-1/1/0/13 | claro | mw-rot | radio-prplm05-prplm02)-cfm[vlanid:1101 mdid:1 maid:1 mepid:1101 testid:0 measuretype:0];ma;pirapemas;98;;connectivity fault management unexpected md level;2026-07-22 07:06:17;;
4847721057;zenicone;prplm02-rmp01;ldp[nbaddr:10.224.18.161 labelspace:0 localaddr:10.224.6.195 locallabel:0];ma;pirapemas;98;;ldp neighbour down alarm;2026-07-22 07:05:51;;
4847714414;zenicone;prplm02-rmp01;smgd[0-1-1]-10ge:1(uni|unificado|bs01prplm02|huawei);ma;pirapemas;98;;ethernet physical (etpi) port down;2026-07-22 06:41:57;;
4847713372;zenicone;prplm02-rmp01;pw1dc[0-1-4]-brdvol[powerline:a];ma;pirapemas;98;;board voltage input undervoltage;2026-07-22 06:38:00;;
4847713371;zenicone;prplm02-rmp01;pw1dc[0-1-3]-brdvol[powerline:a];ma;pirapemas;98;;board voltage input undervoltage;2026-07-22 06:37:55;;
4847713075;zenicone;prplm02-rmp01;smgd[0-1-1]-25ge:20(nni | prplm05-rmp01 xxvgei-1/1/0/14 | claro | mw-rot | radio-prplm05-prplm02);ma;pirapemas;98;;ethernet physical (etpi) los;2026-07-22 06:36:38;;
4847711930;zenicone;prplm02-rmp01;smgd[0-1-1]-25ge:19(nni | prplm05-rmp01 xxvgei-1/1/0/13 | claro | mw-rot | radio-prplm05-prplm02);ma;pirapemas;98;;ethernet physical (etpi) los;2026-07-22 06:31:36;;
4847711075;zenicone;prplm02-rmp01;smgd[0-1-1]-25ge:19(nni | prplm05-rmp01 xxvgei-1/1/0/13 | claro | mw-rot | radio-prplm05-prplm02)-subport:1101(nni | prplm05-rmp01 xxvgei-1/1/0/13 | claro | mw-rot | radio-prplm05-prplm02)-ospf[rmtrtid:10.224.18.161 localrtaddr:10.224.18.164 addrtype:1 processid:294 areaid:0.0.1.38];ma;pirapemas;98;;ospf neighbour down alarm;2026-07-22 06:28:25;;
4847710971;zenicone;prplm02-rmp01;smgd[0-1-1]-25ge:17(nni | prplm12-rmp01 xxvgei-1/1/0/14 | claro | mw-rot | radio-prplm12-prplm02);ma;pirapemas;98;;ethernet physical (etpi) los;2026-07-22 06:27:51;;
4847602984;zenicone;prpng15-rmp01;smgd[0-1-1]-10ge:9(uni|acesso|edd|eth0|gerencia7|ssd412592);ma;pirapemas;98;;ethernet physical (etpi) port down;2026-07-21 23:45:17;;
4847727036;zenicone;prplm12-rmp01;smgd[0-1-1]-25ge:14(nni | prplm02-rmp01 xxvgei-1/1/0/17 | claro | mw-rot | radio-prplm12-prplm02)-subport:1201(nni | prplm02-rmp01 xxvgei-1/1/0/17 | claro | mw-rot | radio-prplm12-prplm02)-cfm[vlanid:1201 mdid:1 maid:1 mepid:1201 testid:0 measuretype:0];ma;pirapemas;98;;connectivity fault management unexpected mep id;2026-07-21 23:19:27;;
4847519940;zenicone;prplm01-rmp01;smgd[0-1-1]-25ge:16(nni | prcld03-rmp01 xxvgei-1/1/0/20 | fo | amx | prpbc1e-05);ma;pirapemas;98;;ethernet physical (etpi) los;2026-07-21 19:58:24;;
4847583539;zenicone;prpbc1e-rmd02;ldp[nbaddr:10.209.24.14 labelspace:0 localaddr:10.209.90.2 locallabel:0];ma;pirapemas;98;;ldp neighbour down alarm;2026-07-21 15:05:54;;
4847461245;zenicone;prpng02-rmp01;smgd[0-1-1]-10ge:3(uni|unificado|prpng02|huawei);ma;pirapemas;98;;ethernet physical (etpi) port down;2026-07-21 08:33:07;;
4847286882;zenicone;prplm02-rmp01;smgd[0-1-1]-10ge:3(uni|acesso|edd|eth0|gerencia2|ssd460812);ma;pirapemas;98;;ethernet physical (etpi) port down;2026-07-21 05:52:24;;
4847172732;zenicone;prplm01-rmp01;lighttwamp[testid:2 sourceip:10.224.6.241 destionationip:10.224.6.242 8021ppriority:0 dscp:0];ma;pirapemas;98;;light twamp loss of connectivity;2026-07-20 23:23:43;;
4847172733;zenicone;prplm01-rmp01;lighttwamp[testid:1 sourceip:10.224.6.217 destionationip:10.224.6.218 8021ppriority:0 dscp:0];ma;pirapemas;98;;light twamp loss of connectivity;2026-07-20 23:23:43;;
4846847907;zenicone;prpgo15-rmd02;rpn-10xgl-sfp+-s-virtual[0-0-1-0]-10ge:2(nni | prcrb01-rmp01 xxvgei-1/1/0/20 | embratel | fo | anel prpgo15-4)-subport:236(bypass l3 to prcat01-rma01)-ospf[rmtrtid:10.209.90.194 localrtaddr:10.209.90.238 addrtype:1 processid:296 areaid:0.0.1.40];ma;pirapemas;98;;ospf neighbour down alarm;2026-07-20 05:51:03;;
4846847836;zenicone;prpgo15-rmd02;ldp[nbaddr:10.209.90.196 labelspace:0 localaddr:10.209.0.29 locallabel:0];ma;pirapemas;98;;ldp neighbour down alarm;2026-07-20 05:50:38;;
4846847838;zenicone;prpgo15-rmd02;ldp[nbaddr:10.209.90.193 labelspace:0 localaddr:10.209.0.29 locallabel:0];ma;pirapemas;98;;ldp neighbour down alarm;2026-07-20 05:50:38;;
4846847839;zenicone;prpgo15-rmd02;ldp[nbaddr:10.209.90.194 labelspace:0 localaddr:10.209.0.29 locallabel:0];ma;pirapemas;98;;ldp neighbour down alarm;2026-07-20 05:50:38;;
4846847730;zenicone;prpgo15-rmd02;bgp[nbaddr:10.209.90.196];ma;pirapemas;98;;bgp neighbour down alarm;2026-07-20 05:50:33;;
4846847717;zenicone;prpgo15-rmd02;rpn-10xgl-sfp+-s-virtual[0-0-1-0]-10ge:2(nni | prcrb01-rmp01 xxvgei-1/1/0/20 | embratel | fo | anel prpgo15-4)-subport:240(bypass l3 to prcat02-rma01)-ospf[rmtrtid:10.209.90.196 localrtaddr:10.209.90.242 addrtype:1 processid:296 areaid:0.0.1.40];ma;pirapemas;98;;ospf neighbour down alarm;2026-07-20 05:50:25;;
4846847716;zenicone;prpgo15-rmd02;rpn-10xgl-sfp+-s-virtual[0-0-1-0]-10ge:2(nni | prcrb01-rmp01 xxvgei-1/1/0/20 | embratel | fo | anel prpgo15-4)-subport:232(bypass l3 to prcat03-rma01)-ospf[rmtrtid:10.209.90.193 localrtaddr:10.209.90.234 addrtype:1 processid:296 areaid:0.0.1.40];ma;pirapemas;98;;ospf neighbour down alarm;2026-07-20 05:50:24;;
4846704287;zenicone;prpgo15-rmd02;bgp[nbaddr:10.209.99.2];ma;pirapemas;98;;bgp neighbour down alarm;2026-07-19 21:06:36;;
4846641662;zenicone;prpgo35-rmp01;pw1dc[0-1-3]-brdvol[powerline:a];ma;pirapemas;98;;board voltage input undervoltage;2026-07-19 18:23:58;;
4846641663;zenicone;prpgo35-rmp01;pw1dc[0-1-4]-brdvol[powerline:a];ma;pirapemas;98;;board voltage input undervoltage;2026-07-19 18:23:58;;
4846641637;zenicone;prpgo35-rmp01;smgd[0-1-1]-25ge:11(uni|singleran|s01prpgo35|huawei|604887|pr023355);ma;pirapemas;98;;ethernet physical (etpi) port down;2026-07-19 18:23:55;;
4846267993;zenicone;prpgo45-rmp01;smgd[0-1-1]-10ge:2(uni|acesso|edd|eth0|gerencia1|ssd774608);ma;pirapemas;98;;ethernet physical (etpi) port down;2026-07-18 22:03:51;;
4846138158;zenicone;prpng04-rmp01;smgd[0-1-1]-100ge:34(nni | prpng13-rmd02 cgei-0/1/0/2 | amx | fo | anel prpng13-07)-och[id:4];ma;pirapemas;98;;ethernet physical (etpi) input optical power(dbm) threshold crossed;2026-07-18 08:49:04;;
4845650337;zenicone;prpgo09-rmp01;smgd[0-1-1]-10ge:4(uni|acesso|edd|eth0|gerencia2|ssd458175);ma;pirapemas;98;;ethernet physical (etpi) port down;2026-07-17 20:50:23;;
4845650339;zenicone;prpgo09-rmp01;smgd[0-1-1]-10ge:5(uni|acesso|edd|eth0|gerencia3|ssd458175);ma;pirapemas;98;;ethernet physical (etpi) los;2026-07-17 20:50:23;;
4845650341;zenicone;prpgo09-rmp01;smgd[0-1-1]-10ge:6(uni|acesso|edd|eth0|gerencia4|ssd458175);ma;pirapemas;98;;ethernet physical (etpi) los;2026-07-17 20:50:23;;
4845636029;zenicone;prpgo15-rmd02;bgp[nbaddr:10.209.97.7];ma;pirapemas;98;;bgp neighbour down alarm;2026-07-17 20:18:45;;
4845635683;zenicone;prpgo08-rmp01;smgd[0-1-1]-25ge:16(nni | prpgo09-rmp01 te0/0/24 | embratel | fo | prpgo15-01);ma;pirapemas;98;;ethernet physical (etpi) port down;2026-07-17 20:18:10;;
4845635684;zenicone;prpgo11-rmp01;smgd[0-1-1]-25ge:14(nni | prpgo09-rmp01 te0/0/25 | embratel | fo | prpgo15-01);ma;pirapemas;98;;ethernet physical (etpi) los;2026-07-17 20:18:10;;
4845635688;zenicone;prpgo11-rmp01;smgd[0-1-1]-25ge:14(nni | prpgo09-rmp01 te0/0/25 | embratel | fo | prpgo15-01)-ospf[rmtrtid:10.209.97.7 localrtaddr:10.209.97.46 addrtype:1 processid:296 areaid:0.0.1.40];ma;pirapemas;98;;ospf neighbour down alarm;2026-07-17 20:18:09;;
4845635544;zenicone;prpgo08-rmp01;smgd[0-1-1]-25ge:16(nni | prpgo09-rmp01 te0/0/24 | embratel | fo | prpgo15-01)-ospf[rmtrtid:10.209.97.7 localrtaddr:10.209.97.41 addrtype:1 processid:296 areaid:0.0.1.40];ma;pirapemas;98;;ospf neighbour down alarm;2026-07-17 20:18:09;;
4845601139;zenicone;prpgo34-rmp01;ldp[nbaddr:10.232.0.67 labelspace:0 localaddr:10.209.94.3 locallabel:0];ma;pirapemas;98;;ldp neighbour down alarm;2026-07-17 19:36:20;;
4845601054;zenicone;prpgo34-rmp01;ldp[nbaddr:10.200.0.72 labelspace:0 localaddr:10.209.94.3 locallabel:0];ma;pirapemas;98;;ldp neighbour down alarm;2026-07-17 19:36:13;;
4845602495;zenicone;prpgo15-rmd02;bgp[nbaddr:10.209.24.1];ma;pirapemas;98;;bgp neighbour down alarm;2026-07-17 19:15:16;;
4845601125;zenicone;prpgo45-rmp01;ldp[nbaddr:10.200.112.46 labelspace:0 localaddr:10.209.94.5 locallabel:0];ma;pirapemas;98;;ldp neighbour down alarm;2026-07-17 19:08:52;;
4845550976;zenicone;prpng05-rmp01;smgd[0-1-1]-10ge:3(uni|acesso|edd|eth0|gerencia2|ssd620376);ma;pirapemas;98;;ethernet physical (etpi) los;2026-07-17 17:38:38;;
4845677285;zenicone;prpng16-rmp01;smgd[0-1-1]-25ge:25(nni | prpng03-rma01 gi0/0/10| embratel | fo | prpng13-prpng16-01);ma;pirapemas;98;;ethernet physical (etpi) input optical power(dbm) threshold crossed;2026-07-17 14:05:51;;
4845601083;zenicone;prpgo24-rmc01;ldp[nbaddr:10.209.96.193 labelspace:0 localaddr:10.209.0.115 locallabel:0];ma;pirapemas;98;;ldp neighbour down alarm;2026-07-17 11:39:21;;
4845600981;zenicone;prpgo24-rmc01;ldp[nbaddr:10.224.6.196 labelspace:0 localaddr:10.209.0.115 locallabel:0];ma;pirapemas;98;;ldp neighbour down alarm;2026-07-17 11:39:15;;
4845186396;zenicone;prpgo15-rmd02;bgp[nbaddr:10.209.99.4];ma;pirapemas;98;;bgp neighbour down alarm;2026-07-17 00:03:46;;
4845186327;zenicone;prpgo15-rmd02;bgp[nbaddr:10.209.213.66];ma;pirapemas;98;;bgp neighbour down alarm;2026-07-17 00:03:28;;
4845209006;zenicone;prpgo10-rmp01;smgd[0-1-1]-25ge:14(nni | prpgo12-rmp01 xxvgei-1/1/0/16 | embratel | fo |  | prpgo15-02);ma;pirapemas;98;;ethernet physical (etpi) distance of optical module mismatch with port;2026-07-16 17:08:49;;
4845209007;zenicone;prpgo10-rmp01;smgd[0-1-1]-10ge:2(uni|acesso|edd|eth0|gerencia1|ssd471061);ma;pirapemas;98;;ethernet physical (etpi) los;2026-07-16 17:08:49;;
4845057917;zenicone;prpns01-rmp01;smgd[0-1-1]-25ge:14;ma;pirapemas;98;;ethernet physical (etpi) los;2026-07-16 11:21:19;;
4844895009;zenicone;prplm01-rmp01;smgd[0-1-1]-25ge:14(nni | prplm02-rmp01 xxvgei-1/1/0/14 | amx | fo | prpbc1e-05);ma;pirapemas;98;;ethernet physical (etpi) input optical power(dbm) threshold crossed;2026-07-16 11:00:02;;
4844888068;zenicone;prplm02-rmp01;smgd[0-1-1]-25ge:16(nni | prcld01-rmp01 gi0/0/11 | fo | amx | prpbc1e-05);ma;pirapemas;98;;ethernet physical (etpi) port down;2026-07-16 10:50:09;;
4844888070;zenicone;prplm02-rmp01;smgd[0-1-1]-25ge:16(nni | prcld01-rmp01 gi0/0/11 | fo | amx | prpbc1e-05)-ospf[rmtrtid:10.224.6.194 localrtaddr:10.224.6.234 addrtype:1 processid:294 areaid:0.0.1.38];ma;pirapemas;98;;ospf neighbour down alarm;2026-07-16 10:50:07;;
4844887816;zenicone;prplm02-rmp01;smgd[0-1-1]-25ge:14(nni | prplm01-rmp01 xxvgei-1/1/0/14 | amx | fo | prpbc1e-05);ma;pirapemas;98;;ethernet physical (etpi) los;2026-07-16 10:49:24;;
4844887820;zenicone;prplm02-rmp01;smgd[0-1-1]-25ge:14(nni | prplm01-rmp01 xxvgei-1/1/0/14 | amx | fo | prpbc1e-05)-ospf[rmtrtid:10.224.6.196 localrtaddr:10.224.6.218 addrtype:1 processid:294 areaid:0.0.1.38];ma;pirapemas;98;;ospf neighbour down alarm;2026-07-16 10:49:23;;
4844887819;zenicone;prplm01-rmp01;smgd[0-1-1]-25ge:14(nni | prplm02-rmp01 xxvgei-1/1/0/14 | amx | fo | prpbc1e-05)-ospf[rmtrtid:10.224.6.195 localrtaddr:10.224.6.217 addrtype:1 processid:294 areaid:0.0.1.38];ma;pirapemas;98;;ospf neighbour down alarm;2026-07-16 10:48:06;;
4845033662;zenicone;prpbc02-rmp01;smgd[0-1-1]-10ge:9(uni|acesso|edd|eth0|gerencia6|ssd396269);ma;pirapemas;98;;ethernet physical (etpi) los;2026-07-16 10:25:22;;
4844999699;zenicone;prpio01-rmp01;smgd[0-1-1]-25ge:14(nni | prscd01-rmp01 xxvgei-1/1/0/14 | claro | mw-rot | radio-prscd01-prpio01-01)-subport:1102(nni | prscd01-rmp01 xxvgei-1/1/0/14 | claro | mw-rot | radio-prscd01-prpio01-01)-cfm[vlanid:1102 mdid:2 maid:2 mepid:3 testid:2147483647];ma;pirapemas;98;;connectivity fault management unexpected mep id;2026-07-16 09:01:12;;
4844861421;zenicone;prpgo14-rmp01;smgd[0-1-1]-10ge:5(uni|eompls|acessos direto claro|conexco direta - ssd329350);ma;pirapemas;98;;ethernet physical (etpi) los;2026-07-16 09:00:05;;
4844754404;zenicone;prppr05-rmp01;smgd[0-1-1]-10ge:3(uni|acesso|edd|eth0|gerencia2|ssd718352);ma;pirapemas;98;;ethernet physical (etpi) port down;2026-07-16 03:01:34;;
4844597703;zenicone;prpgo15-rmd02;rpn-10xgl-sfp+-s-virtual[0-0-1-0]-10ge:2(nni | prcrb01-rmp01 xxvgei-1/1/0/20 | embratel | fo | anel prpgo15-4)-subport:244(bypass l3 to prcatr1-rmp01)-ospf[rmtrtid:10.209.90.195 localrtaddr:10.209.90.246 addrtype:1 processid:296 areaid:0.0.1.40];ma;pirapemas;98;;ospf neighbour down alarm;2026-07-15 20:31:24;;
4844597554;zenicone;prpgo15-rmd02;ldp[nbaddr:10.209.90.195 labelspace:0 localaddr:10.209.0.29 locallabel:0];ma;pirapemas;98;;ldp neighbour down alarm;2026-07-15 20:30:53;;
4844590153;zenicone;prpns11-rmp01;smgd[0-1-1]-10ge:9;ma;pirapemas;98;;ethernet physical (etpi) los;2026-07-15 20:23:09;;
4844590154;zenicone;prpns11-rmp01;smgd[0-1-1]-10ge:10;ma;pirapemas;98;;ethernet physical (etpi) los;2026-07-15 20:23:08;;
4844276170;zenicone;prppr03-rmp01;smgd[0-1-1]-10ge:2(uni|eompls|acessos direto claro|conexco direta - ssd355527);ma;pirapemas;98;;ethernet physical (etpi) los;2026-07-15 02:59:12;;
4844255144;zenicone;prpot01-rmp01;ldp[nbaddr:10.209.0.1 labelspace:0 localaddr:10.224.88.96 locallabel:0];ma;pirapemas;98;;ldp neighbour down alarm;2026-07-15 01:48:03;;
4844243388;zenicone;prpot01-rmp01;ldp[nbaddr:10.209.8.10 labelspace:0 localaddr:10.224.88.96 locallabel:0];ma;pirapemas;98;;ldp neighbour down alarm;2026-07-15 01:19:03;;
4844205622;zenicone;prpgo21-rmp01;smgd[0-1-1]-10ge:3(uni|acesso|edd|eth0|gerencia1|ssd571469);ma;pirapemas;98;;ethernet physical (etpi) los;2026-07-15 00:00:11;;
4844091996;zenicone;prpgo44-rmp01;smgd[0-1-1]-10ge:6(uni|acesso|edd|eth0|gerencia5|ssd501692);ma;pirapemas;98;;ethernet physical (etpi) los;2026-07-14 19:26:22;;
4844055628;zenicone;prplm15-rmp01;smgd[0-1-1];ma;pirapemas;98;;board external alarm 3;2026-07-14 17:46:35;;
4844145467;zenicone;prpng22-rmp01;ldp[nbaddr:10.209.0.68 labelspace:0 localaddr:10.224.88.1 locallabel:0];ma;pirapemas;98;;ldp neighbour down alarm;2026-07-14 13:51:20;;
4843859002;zenicone;prpgo14-rmp01;smgd[0-1-1]-10ge:4(uni|eompls|acessos direto claro|conexco direta - ssd329350);ma;pirapemas;98;;ethernet physical (etpi) port down;2026-07-14 08:08:03;;
4843830526;zenicone;prpgo14-rmp01;smgd[0-1-1]-10ge:3(uni|eompls|acessos direto claro|conexco direta - ssd329350);ma;pirapemas;98;;ethernet physical (etpi) port down;2026-07-14 06:47:53;;
4843830770;zenicone;prpot01-rmp01;smgd[0-1-1]-10ge:3(uni|eompls|acessos direto claro|conexco direta - ssd247804);ma;pirapemas;98;;ethernet physical (etpi) port down;2026-07-14 06:41:29;;
4843839394;zenicone;prpng17-rmp01;smgd[0-1-1]-10ge:10(uni|eompls|acessos direto claro|conexco direta - ssd315724);ma;pirapemas;98;;ethernet physical (etpi) input optical power(dbm) threshold crossed;2026-07-13 23:16:47;;
4843598615;zenicone;prpng15-rmp01;smgd[0-1-1]-25ge:21(nni | prpngr1-rmp01 xxvgei-1/1/0/14 | claro | mw-rot | radio-prpngr1-rsptn01);ma;pirapemas;98;;ethernet physical (etpi) port down;2026-07-13 21:32:55;;
4843598441;zenicone;prpng15-rmp01;smgd[0-1-1]-25ge:22(nni | prpngr1-rmp01 xxvgei-1/1/0/13 | claro | mw-rot | radio-prpngr1-rsptn01);ma;pirapemas;98;;ethernet physical (etpi) los;2026-07-13 21:32:54;;
4843140833;zenicone;prpng03-rmp01;smgd[0-1-1]-10ge:1(uni|nodeb|uprpng03|huawei|gerencia|);ma;pirapemas;98;;ethernet physical (etpi) port down;2026-07-13 00:53:42;;
4843140835;zenicone;prpng03-rmp01;smgd[0-1-1]-10ge:5(uni|acesso|edd|eth0|gerencia3|ssd364040);ma;pirapemas;98;;ethernet physical (etpi) port down;2026-07-13 00:53:42;;
4843142995;zenicone;prpgo53-rmp01;smgd[0-1-1]-10ge:3(uni|acesso|edd|eth0|gerencia2|ssd846171);ma;pirapemas;98;;ethernet physical (etpi) los;2026-07-13 00:38:52;;
4843120345;zenicone;prpng07-rmp01;smgd[0-1-1]-25ge:14(nni | prpng03-rmp01 xxvgei-1/1/0/16 | amx | fo | prpng13-01)-ospf[rmtrtid:10.209.97.65 localrtaddr:10.209.97.86 addrtype:1 processid:297 areaid:0.0.1.41];ma;pirapemas;98;;ospf neighbour down alarm;2026-07-12 23:40:43;;
4842747059;zenicone;prpns11-rmp01;bgp[nbaddr:10.209.0.26];ma;pirapemas;98;;bgp neighbour down alarm;2026-07-12 05:22:21;;
4842555691;zenicone;prpgo24-rmc02;rpz-12xgl-sfp+-s[0-0-1-0]-10ge:11(nni | prcce54-rmc02 xgei-0/5/0/2 | embratel | capacidade-prcce54-prpgo24 | cta 0lt   pgo vrc   dp*v  0001)-ospf[rmtrtid:10.209.0.2 localrtaddr:10.209.9.150 addrtype:1 processid:1 areaid:0.0.0.0];ma;pirapemas;98;;ospf neighbour down alarm;2026-07-11 21:40:01;;
4842555692;zenicone;prpgo24-rmc02;ldp[nbaddr:10.209.0.2 labelspace:0 localaddr:10.209.0.116 locallabel:0];ma;pirapemas;98;;ldp neighbour down alarm;2026-07-11 21:40:01;;
4842558992;zenicone;prpns11-rmp01;bgp[nbaddr:10.209.0.11];ma;pirapemas;98;;bgp neighbour down alarm;2026-07-11 20:46:00;;
4842615055;zenicone;prpqa08-rmp01;smgd[0-1-1]-25ge:17(nni | prpqa19-rmp01 xxvgei-1/1/0/13 | claro | mw-rot | radio-prpqa19-prpqa08)-subport:1101(nni | prpqa19-rmp01 xxvgei-1/1/0/13 | claro | mw-rot | radio-prpqa19-prpqa08)-cfm[vlanid:1101 mdid:3 maid:3 mepid:1101 testid:0 measuretype:0];ma;pirapemas;98;;connectivity fault management unexpected mep id;2026-07-11 15:10:36;;
4842615247;zenicone;prpqa19-rmp01;smgd[0-1-1]-25ge:13(nni | prpqa08-rmp01 xxvgei-1/1/0/17 | claro | mw-rot |prpqa19-prpqa08)-subport:1101(nni | prpqa08-rmp01 xxvgei-1/1/0/17 | claro | mw-rot | prpqa19-prpqa08)-cfm[vlanid:1101 mdid:1 maid:1 mepid:1101 testid:0 measuretype:0];ma;pirapemas;98;;connectivity fault management unexpected mep id;2026-07-11 15:10:29;;
4842611658;zenicone;rsibd01-rmp01;smgd[0-1-1]-100ge:36(nni | rsibd07-rmp01 cgei-1/1/0/36 | embratel | rsosr10-04)-och[id:1];ma;rosario;98;;ethernet physical (etpi) input optical power(dbm) threshold crossed;2026-07-11 15:00:02;;
4842607097;zenicone;rsibd01-rmp01;smgd[0-1-1]-100ge:36(nni | rsibd07-rmp01 cgei-1/1/0/36 | embratel | rsosr10-04);ma;rosario;98;;ethernet physical (etpi) input optical power(dbm) threshold crossed;2026-07-11 14:50:19;;
4842607098;zenicone;rsibd01-rmp01;smgd[0-1-1]-100ge:36(nni | rsibd07-rmp01 cgei-1/1/0/36 | embratel | rsosr10-04)-och[id:4];ma;rosario;98;;ethernet physical (etpi) input optical power(dbm) threshold crossed;2026-07-11 14:50:19;;
4842607099;zenicone;rsibd01-rmp01;smgd[0-1-1]-100ge:36(nni | rsibd07-rmp01 cgei-1/1/0/36 | embratel | rsosr10-04)-och[id:2];ma;rosario;98;;ethernet physical (etpi) input optical power(dbm) threshold crossed;2026-07-11 14:50:19;;
4842607100;zenicone;rsibd01-rmp01;smgd[0-1-1]-100ge:36(nni | rsibd07-rmp01 cgei-1/1/0/36 | embratel | rsosr10-04)-och[id:3];ma;rosario;98;;ethernet physical (etpi) input optical power(dbm) threshold crossed;2026-07-11 14:50:19;;
4842539782;zenicone;rsibd07-rmp01;smgd[0-1-1]-100ge:36(nni | rsibd01-rmp01 cgei-1/1/0/36 | | fo | rsosr10-04)-och[id:4];ma;rosario;98;;ethernet physical (etpi) input optical power(dbm) threshold crossed;2026-07-11 11:51:27;;
4842537486;zenicone;rsibd07-rmp01;smgd[0-1-1]-100ge:36(nni | rsibd01-rmp01 cgei-1/1/0/36 | | fo | rsosr10-04)-och[id:2];ma;rosario;98;;ethernet physical (etpi) input optical power(dbm) threshold crossed;2026-07-11 11:45:34;;
4842537487;zenicone;rsibd07-rmp01;smgd[0-1-1]-100ge:36(nni | rsibd01-rmp01 cgei-1/1/0/36 | | fo | rsosr10-04)-och[id:3];ma;rosario;98;;ethernet physical (etpi) input optical power(dbm) threshold crossed;2026-07-11 11:45:34;;
4842536917;zenicone;rsibd07-rmp01;smgd[0-1-1]-100ge:36(nni | rsibd01-rmp01 cgei-1/1/0/36 | | fo | rsosr10-04);ma;rosario;98;;ethernet physical (etpi) input optical power(dbm) threshold crossed;2026-07-11 11:44:20;;
4842536919;zenicone;rsibd07-rmp01;smgd[0-1-1]-100ge:36(nni | rsibd01-rmp01 cgei-1/1/0/36 | | fo | rsosr10-04)-och[id:1];ma;rosario;98;;ethernet physical (etpi) input optical power(dbm) threshold crossed;2026-07-11 11:44:20;;
4842043263;zenicone;prpng15-rmp01;smgd[0-1-1]-25ge:22(nni | prpngr1-rmp01 xxvgei-1/1/0/13 | claro | mw-rot | radio-prpngr1-rsptn01)-subport:1101(nni | prpngr1-rmp01 xxvgei-1/1/0/13 | claro | mw-rot | radio-prpngr1-rsptn01)-ospf[rmtrtid:10.224.20.65 localrtaddr:10.224.20.68 addrtype:1 processid:297 areaid:0.0.1.41];ma;pirapemas;98;;ospf neighbour down alarm;2026-07-10 21:13:00;;
4842043259;zenicone;prpng15-rmp01;smgd[0-1-1]-25ge:21(nni | prpngr1-rmp01 xxvgei-1/1/0/14 | claro | mw-rot | radio-prpngr1-rsptn01)-subport:1102(nni | prpngr1-rmp01 xxvgei-1/1/0/14 | claro | mw-rot | radio-prpngr1-rsptn01)-ospf[rmtrtid:10.224.20.65 localrtaddr:10.224.20.70 addrtype:1 processid:297 areaid:0.0.1.41];ma;pirapemas;98;;ospf neighbour down alarm;2026-07-10 21:12:59;;
4842038373;zenicone;prpng15-rmp01;smgd[0-1-1]-25ge:22(nni | prpngr1-rmp01 xxvgei-1/1/0/13 | claro | mw-rot | radio-prpngr1-rsptn01)-subport:1101(nni | prpngr1-rmp01 xxvgei-1/1/0/13 | claro | mw-rot | radio-prpngr1-rsptn01)-cfm[vlanid:1101 mdid:1 maid:1 mepid:1101 testid:0 measuretype:0];ma;pirapemas;98;;connectivity fault management unexpected md level;2026-07-10 20:58:33;;
4842038374;zenicone;prpng15-rmp01;smgd[0-1-1]-25ge:21(nni | prpngr1-rmp01 xxvgei-1/1/0/14 | claro | mw-rot | radio-prpngr1-rsptn01)-subport:1102(nni | prpngr1-rmp01 xxvgei-1/1/0/14 | claro | mw-rot | radio-prpngr1-rsptn01)-cfm[vlanid:1102 mdid:2 maid:2 mepid:1102 testid:0 measuretype:0];ma;pirapemas;98;;connectivity fault management unexpected md level;2026-07-10 20:58:33;;
4842036292;zenicone;prpng15-rmp01;ldp[nbaddr:10.224.20.65 labelspace:0 localaddr:10.209.85.71 locallabel:0];ma;pirapemas;98;;ldp neighbour down alarm;2026-07-10 20:52:37;;
4842036152;zenicone;prpng15-rmp01;smgd[0-1-1]-25ge:20(nni | prpngr1-rmp01 xxvgei-1/1/0/15 | claro | mw-rot | radio-prpng15-prpngr1)-subport:1201(nni | prpngr1-rmp01 xxvgei-1/1/0/15 | claro | mw-rot | radio-prpng15-prpngr1)-ospf[rmtrtid:10.224.20.65 localrtaddr:10.224.29.5 addrtype:1 processid:297 areaid:0.0.1.41];ma;pirapemas;98;;ospf neighbour down alarm;2026-07-10 20:52:23;;
4841987316;zenicone;prpgo24-rmc02;bgp[nbaddr:10.209.24.29];ma;pirapemas;98;;bgp neighbour down alarm;2026-07-10 20:27:46;;
4841964979;zenicone;prplm02-rmp01;smgd[0-1-1]-25ge:25(nni | prplm01-rmp01 xxvgei-1/1/0/25 | amx | fo | prplm01-01);ma;pirapemas;98;;ethernet physical (etpi) port down;2026-07-10 18:30:13;;
4841964918;zenicone;prplm02-rmp01;smgd[0-1-1]-25ge:26(nni | prplm15-rmp01 xxvgei-1/1/0/16 | amx | fo | prplm01-01);ma;pirapemas;98;;ethernet physical (etpi) port down;2026-07-10 18:29:52;;
4842043260;zenicone;prpngr1-rmp01;smgd[0-1-1]-25ge:13(nni | prpng15-rmp01 gi0/0/8 | claro | mw-rot | radio-prpngr1-prpng15)-subport:1101(nni | prpng15-rmp01 gi0/0/8 | claro | mw-rot | radio-prpngr1-prpng15)-ospf[rmtrtid:10.209.85.71 localrtaddr:10.224.20.69 addrtype:1 processid:297 areaid:0.0.1.41];ma;pirapemas;98;;ospf neighbour down alarm;2026-07-10 12:25:53;;
4842043261;zenicone;prpngr1-rmp01;smgd[0-1-1]-25ge:14(nni |prpng15-rma01 gi0/0/9 | claro | mw-rot | radio-prpngr1-prpng15);ma;pirapemas;98;;ethernet physical (etpi) los;2026-07-10 12:25:53;;
4842043262;zenicone;prpngr1-rmp01;smgd[0-1-1]-25ge:13(nni | prpng15-rmp01 gi0/0/8 | claro | mw-rot | radio-prpngr1-prpng15);ma;pirapemas;98;;ethernet physical (etpi) los;2026-07-10 12:25:53;;
4842043258;zenicone;prpngr1-rmp01;smgd[0-1-1]-25ge:14(nni |prpng15-rma01 gi0/0/9 | claro | mw-rot | radio-prpngr1-prpng15)-subport:1102(nni |prpng15-rma01 gi0/0/9 | claro | mw-rot | radio-prpngr1-prpng15)-ospf[rmtrtid:10.209.85.71 localrtaddr:10.224.20.71 addrtype:1 processid:297 areaid:0.0.1.41];ma;pirapemas;98;;ospf neighbour down alarm;2026-07-10 12:25:52;;
4842038376;zenicone;prpngr1-rmp01;smgd[0-1-1]-25ge:15(nni | prpng15-rmp01 gi0/0/20 | claro | mw-rot | radio-prpng15-prpngr1)-subport:1201(nni | prpng15-rmp01 gi0/0/20 | claro | mw-rot | radio-prpng15-prpngr1)-cfm[vlanid:1201 mdid:3 maid:3 mepid:1201 testid:2147483647];ma;pirapemas;98;;connectivity fault management receiving bnms with degradation conditions to reduce the rate of traffic;2026-07-10 12:11:32;;
4841988722;zenicone;prpgo72-rmp01;ldp[nbaddr:10.209.0.115 labelspace:0 localaddr:10.209.24.21 locallabel:0];ma;pirapemas;98;;ldp neighbour down alarm;2026-07-10 11:43:27;;
4841988185;zenicone;prpgo72-rmp01;smgd[0-1-1]-25ge:20(nni | prpgo24-rmc01 xgei-0/1/0/8 | amx | fo | prpgo24-03);ma;pirapemas;98;;ethernet physical (etpi) los;2026-07-10 11:41:36;;
4841987319;zenicone;prpgo24-rmc01;rpz-12xgl-sfp+-s[0-0-1-0]-10ge:8(nni | prpgo72-rmp01 xxvgei-1/1/0/14 | amx | fo | prpgo24-03)-ospf[rmtrtid:10.209.24.29 localrtaddr:10.209.25.158 addrtype:1 processid:499 areaid:0.0.1.243];ma;pirapemas;98;;ospf neighbour down alarm;2026-07-10 11:39:32;;
4841987315;zenicone;prpgo72-rmp01;smgd[0-1-1]-25ge:20(nni | prpgo24-rmc01 xgei-0/1/0/8 | amx | fo | prpgo24-03)-ospf[rmtrtid:10.209.24.29 localrtaddr:10.209.25.149 addrtype:1 processid:499 areaid:0.0.1.243];ma;pirapemas;98;;ospf neighbour down alarm;2026-07-10 11:39:23;;
4841985101;zenicone;prpgo24-rmc01;ldp[nbaddr:10.209.24.29 labelspace:0 localaddr:10.209.0.115 locallabel:0];ma;pirapemas;98;;ldp neighbour down alarm;2026-07-10 11:33:42;;
4841970049;zenicone;prpgo24-rmc01;ldp[nbaddr:10.209.24.21 labelspace:0 localaddr:10.209.0.115 locallabel:0];ma;pirapemas;98;;ldp neighbour down alarm;2026-07-10 10:52:13;;
4841970047;zenicone;prpgo24-rmc01;rpz-12xgl-sfp+-s[0-0-1-0]-10ge:8(nni | prpgo72-rmp01 xxvgei-1/1/0/14 | amx | fo | prpgo24-03)-ospf[rmtrtid:10.209.24.21 localrtaddr:10.209.25.158 addrtype:1 processid:499 areaid:0.0.1.243];ma;pirapemas;98;;ospf neighbour down alarm;2026-07-10 10:52:10;;
4841970045;zenicone;prpgo72-rmp01;smgd[0-1-1]-25ge:20(nni | prpgo24-rmc01 xgei-0/1/0/8 | amx | fo | prpgo24-03)-ospf[rmtrtid:10.209.101.7 localrtaddr:10.209.25.157 addrtype:1 processid:499 areaid:0.0.1.243];ma;pirapemas;98;;ospf neighbour down alarm;2026-07-10 10:52:09;;
4841895194;zenicone;rsiji02-rmp01;smgd[0-1-1]-10ge:7(nni | rsasp01-rmp01 gi0/0/14 | claro | mw-rot | radio-rsiji02-rsasp01)-subport:1401(nni | rsasp01-rmp01 gi0/0/14 | claro | mw-rot | radio-rsiji02-rsasp01)-cfm[vlanid:1401 mdid:6 maid:6 mepid:1401 testid:2147483647];ma;rosario;98;;connectivity fault management receiving bnms with degradation conditions to reduce the rate of traffic;2026-07-10 07:29:27;;
4841652250;zenicone;prpgo15-rmd02;bgp[nbaddr:10.209.99.3];ma;pirapemas;98;;bgp neighbour down alarm;2026-07-10 02:58:26;;
4841652251;zenicone;prpgo15-rmd02;bgp[nbaddr:10.224.28.145];ma;pirapemas;98;;bgp neighbour down alarm;2026-07-10 02:58:26;;
4841651503;zenicone;prpgo48-rmp01;smgd[0-1-1]-10ge:3(uni|acesso|edd|eth0|gerencia2|ssd536077);ma;pirapemas;98;;ethernet physical (etpi) port down;2026-07-10 02:53:53;;
total de registros = 2364
